{"type":"FeatureCollection","features":[{"type":"Feature","properties":{"ADM_CD":"25040540","dong":"온천2동"},"geometry":{"type":"Polygon","coordinates":[[[127.337804,36.381677],[127.337967,36.381578],[127.338056,36.381768],[127.33826,36.38164],[127.338489,36.38153],[127.338676,36.38144],[127.338738,36.381416],[127.338802,36.381395],[127.338868,36.381378],[127.338935,36.381366],[127.338969,36.381361],[127.339003,36.381358],[127.339059,36.381354],[127.339071,36.381354],[127.33914,36.381354],[127.339209,36.381358],[127.339278,36.381365],[127.339367,36.381375],[127.3394,36.381407],[127.339417,36.381423],[127.339501,36.381503],[127.339597,36.381594],[127.339683,36.38174],[127.339763,36.381882],[127.340402,36.381944],[127.340394,36.381736],[127.340403,36.381473],[127.34041,36.381217],[127.340434,36.380941],[127.340478,36.380718],[127.340519,36.380611],[127.340588,36.380493],[127.340808,36.380114],[127.340939,36.379765],[127.340881,36.379719],[127.340889,36.3797],[127.340901,36.379671],[127.340916,36.379636],[127.340942,36.379579],[127.341196,36.379009],[127.341353,36.378936],[127.341892,36.378687],[127.342091,36.378521],[127.342112,36.378506],[127.342115,36.378504],[127.342157,36.378499],[127.342338,36.378475],[127.342478,36.378457],[127.342487,36.378456],[127.342518,36.378452],[127.342548,36.378448],[127.34271,36.378426],[127.342732,36.378423],[127.342773,36.378417],[127.342797,36.378414],[127.342836,36.378408],[127.343068,36.378093],[127.343305,36.377887],[127.343458,36.377662],[127.343566,36.377505],[127.34415,36.377296],[127.344213,36.377347],[127.344274,36.377396],[127.344498,36.37754],[127.344684,36.377659],[127.344719,36.37766],[127.344926,36.377669],[127.344959,36.37767],[127.345633,36.377675],[127.345723,36.377676],[127.34576,36.377676],[127.345776,36.377193],[127.345782,36.377042],[127.346351,36.376773],[127.346437,36.376733],[127.347118,36.376412],[127.347365,36.376469],[127.348701,36.376003],[127.348638,36.37517],[127.348753,36.374549],[127.348935,36.374202],[127.349201,36.374172],[127.349272,36.373938],[127.349308,36.373821],[127.349238,36.373513],[127.349663,36.373328],[127.350014,36.373266],[127.350092,36.373037],[127.349997,36.372145],[127.350213,36.371437],[127.351017,36.371365],[127.351134,36.371355],[127.351412,36.371494],[127.352052,36.37165],[127.352034,36.371679],[127.351885,36.371923],[127.351849,36.372279],[127.351861,36.373357],[127.351903,36.373429],[127.351893,36.373463],[127.351889,36.373474],[127.351852,36.373565],[127.351771,36.373729],[127.351731,36.373771],[127.351692,36.373797],[127.351599,36.373844],[127.351544,36.373875],[127.351513,36.373901],[127.351511,36.373902],[127.35145,36.373978],[127.351358,36.37408],[127.351322,36.374127],[127.351314,36.374144],[127.351306,36.37418],[127.351298,36.374252],[127.351277,36.374292],[127.351225,36.374322],[127.351193,36.374348],[127.35117,36.374379],[127.351158,36.374416],[127.351156,36.374487],[127.35117,36.374631],[127.351189,36.374774],[127.351223,36.37488],[127.35126,36.37497],[127.351292,36.375046],[127.3513,36.375062],[127.3513,36.375063],[127.351313,36.375089],[127.351333,36.37513],[127.351374,36.375195],[127.351418,36.375252],[127.351382,36.375318],[127.351338,36.375402],[127.351339,36.375439],[127.351358,36.375472],[127.351415,36.37552],[127.35145,36.375542],[127.351496,36.375572],[127.351574,36.375613],[127.351829,36.375815],[127.351973,36.375901],[127.352148,36.376025],[127.352165,36.376064],[127.352247,36.376254],[127.352268,36.376287],[127.3523,36.376314],[127.352338,36.376335],[127.352403,36.376364],[127.35244,36.376375],[127.352465,36.376383],[127.352724,36.376421],[127.352906,36.376581],[127.352951,36.37663],[127.353063,36.376637],[127.353056,36.376656],[127.353088,36.37668],[127.353113,36.376709],[127.353124,36.376721],[127.353141,36.376751],[127.353187,36.37687],[127.353165,36.376919],[127.353138,36.376977],[127.35313,36.376997],[127.353116,36.377034],[127.353053,36.377198],[127.352982,36.377426],[127.352973,36.377538],[127.352971,36.377568],[127.352973,36.377605],[127.353017,36.377754],[127.353018,36.377819],[127.35299,36.377976],[127.35298,36.378226],[127.352978,36.378263],[127.352985,36.378301],[127.353005,36.378334],[127.353036,36.378362],[127.353042,36.378366],[127.353043,36.378366],[127.353073,36.378383],[127.353175,36.378423],[127.353397,36.378482],[127.353437,36.378493],[127.353463,36.378501],[127.353738,36.378735],[127.353856,36.378835],[127.3539,36.378877],[127.353994,36.378978],[127.354054,36.379031],[127.354123,36.379078],[127.354173,36.379116],[127.354215,36.379131],[127.354233,36.379133],[127.354281,36.379139],[127.35446,36.379189],[127.354577,36.379221],[127.354663,36.379241],[127.354711,36.379243],[127.354756,36.37924],[127.354903,36.379207],[127.35501,36.379178],[127.355122,36.379147],[127.355235,36.37912],[127.355289,36.379114],[127.355485,36.379091],[127.355628,36.379083],[127.355633,36.37909],[127.355672,36.379145],[127.355682,36.379168],[127.3557,36.379207],[127.355716,36.379271],[127.35572,36.379316],[127.355612,36.379367],[127.35558,36.379383],[127.355557,36.379668],[127.355633,36.380114],[127.355637,36.380138],[127.355636,36.380161],[127.35563,36.380375],[127.355642,36.380605],[127.355653,36.380832],[127.355655,36.380869],[127.355674,36.380838],[127.355707,36.38078],[127.355765,36.380686],[127.355821,36.380601],[127.355892,36.3805],[127.355952,36.380423],[127.356088,36.380255],[127.356081,36.38025],[127.356093,36.380237],[127.356114,36.380249],[127.35686,36.379418],[127.356939,36.37933],[127.356944,36.379324],[127.357039,36.37922],[127.357111,36.379143],[127.35712,36.379135],[127.357188,36.379068],[127.357268,36.378994],[127.35727,36.378993],[127.357277,36.378986],[127.35735,36.378923],[127.357435,36.378854],[127.357435,36.378854],[127.357523,36.378787],[127.357609,36.378724],[127.357695,36.378666],[127.357783,36.37861],[127.357874,36.378557],[127.357919,36.37862],[127.357969,36.378641],[127.358107,36.378699],[127.357981,36.378771],[127.358409,36.379069],[127.361486,36.377295],[127.361789,36.37712],[127.361913,36.377047],[127.362009,36.376994],[127.362107,36.376943],[127.362208,36.376891],[127.362311,36.376841],[127.362414,36.376795],[127.362523,36.37675],[127.362629,36.37671],[127.362739,36.376671],[127.362855,36.376633],[127.362966,36.376598],[127.363079,36.376566],[127.363193,36.376538],[127.363307,36.376512],[127.36354,36.376464],[127.363631,36.376447],[127.366115,36.375968],[127.366501,36.375887],[127.366635,36.375859],[127.366746,36.375837],[127.366857,36.375817],[127.36697,36.375799],[127.367083,36.375783],[127.367195,36.375768],[127.367308,36.375755],[127.367421,36.375743],[127.367457,36.37574],[127.367534,36.375733],[127.367682,36.375721],[127.367796,36.375715],[127.36791,36.37571],[127.368034,36.375706],[127.368118,36.375701],[127.368913,36.375674],[127.369082,36.375674],[127.369246,36.375694],[127.369408,36.375734],[127.369567,36.375783],[127.369722,36.375833],[127.369779,36.375856],[127.369873,36.375894],[127.370007,36.375971],[127.370138,36.376064],[127.370259,36.376158],[127.370376,36.376257],[127.370505,36.37637],[127.371005,36.376808],[127.371516,36.377257],[127.371766,36.377476],[127.371881,36.377572],[127.37199,36.377645],[127.371994,36.377647],[127.372114,36.37771],[127.372217,36.377752],[127.372278,36.377776],[127.372343,36.377797],[127.37237,36.377807],[127.372495,36.377842],[127.372648,36.377873],[127.372773,36.377889],[127.372909,36.377897],[127.373036,36.377894],[127.373166,36.377886],[127.373555,36.377848],[127.374712,36.377742],[127.375411,36.377676],[127.376102,36.377611],[127.376575,36.377029],[127.376592,36.377008],[127.376845,36.376696],[127.376853,36.376686],[127.376813,36.37668],[127.376803,36.376635],[127.376738,36.376645],[127.376663,36.376656],[127.376804,36.376387],[127.376813,36.376369],[127.376955,36.376082],[127.377312,36.375639],[127.377603,36.37526],[127.377695,36.375176],[127.377953,36.374938],[127.378144,36.374695],[127.378396,36.374373],[127.378503,36.374237],[127.378601,36.374111],[127.378737,36.373974],[127.378826,36.373838],[127.378907,36.373694],[127.379024,36.373489],[127.379024,36.373058],[127.379009,36.372733],[127.379007,36.372705],[127.379005,36.372446],[127.37901,36.372312],[127.379019,36.372113],[127.379023,36.37201],[127.378452,36.372015],[127.378251,36.372014],[127.378164,36.372013],[127.378114,36.372013],[127.37783,36.37201],[127.377798,36.372009],[127.377524,36.37199],[127.377101,36.371961],[127.37709,36.37196],[127.376384,36.371878],[127.376323,36.371867],[127.376061,36.371819],[127.375924,36.371795],[127.375458,36.371694],[127.375434,36.371689],[127.3754,36.371681],[127.374737,36.371512],[127.374708,36.371505],[127.37451,36.37139],[127.374099,36.371154],[127.373697,36.370747],[127.373695,36.370746],[127.373552,36.370635],[127.373389,36.37051],[127.373029,36.370277],[127.372757,36.370122],[127.372717,36.370099],[127.372532,36.369995],[127.372358,36.36991],[127.37229,36.369877],[127.371991,36.369732],[127.371957,36.36972],[127.371621,36.369603],[127.371399,36.369525],[127.371266,36.369477],[127.371146,36.36942],[127.370766,36.36924],[127.370641,36.369181],[127.370292,36.369003],[127.370195,36.368954],[127.370101,36.368882],[127.369998,36.368804],[127.369716,36.36859],[127.369524,36.368382],[127.369318,36.368159],[127.369009,36.367668],[127.368729,36.367127],[127.368599,36.366847],[127.368506,36.366659],[127.368384,36.366472],[127.36835,36.36642],[127.368194,36.366182],[127.367998,36.365883],[127.367943,36.365808],[127.367933,36.365794],[127.36759,36.365391],[127.367263,36.365074],[127.367079,36.364924],[127.367041,36.364892],[127.367038,36.364892],[127.366784,36.364684],[127.366585,36.364568],[127.366434,36.364482],[127.366408,36.364467],[127.366177,36.364374],[127.366045,36.364317],[127.365769,36.364196],[127.365568,36.364123],[127.365231,36.364012],[127.365013,36.36394],[127.365001,36.363937],[127.36462,36.363849],[127.364264,36.363763],[127.364201,36.363746],[127.364008,36.3637],[127.363837,36.36365],[127.363789,36.363636],[127.363547,36.363567],[127.363269,36.363503],[127.363037,36.363446],[127.36292,36.363417],[127.362872,36.363405],[127.362795,36.363384],[127.362794,36.363384],[127.36279,36.363383],[127.362362,36.363281],[127.361788,36.363106],[127.361557,36.363042],[127.361321,36.362976],[127.361151,36.362937],[127.360662,36.362825],[127.36011,36.362666],[127.359808,36.362538],[127.359779,36.362525],[127.359325,36.362304],[127.358915,36.362202],[127.358857,36.362141],[127.358777,36.362056],[127.358739,36.362014],[127.35866,36.361925],[127.35859,36.361846],[127.358539,36.361788],[127.358536,36.361784],[127.358423,36.361619],[127.358357,36.361504],[127.35832,36.361439],[127.358274,36.361357],[127.358237,36.361267],[127.358235,36.361262],[127.358188,36.361146],[127.357706,36.360976],[127.357337,36.360846],[127.357327,36.360846],[127.357077,36.360834],[127.35629,36.36078],[127.356092,36.360765],[127.355835,36.360747],[127.355182,36.360727],[127.354783,36.360702],[127.354139,36.360675],[127.354106,36.360673],[127.354102,36.360673],[127.353976,36.360669],[127.353967,36.360668],[127.35396,36.360667],[127.353909,36.360656],[127.353824,36.3606],[127.353816,36.360596],[127.353811,36.360592],[127.353139,36.360375],[127.353134,36.360374],[127.353175,36.360352],[127.35279,36.360092],[127.352393,36.359902],[127.352338,36.359885],[127.351821,36.359724],[127.351297,36.359499],[127.351186,36.359451],[127.350776,36.359401],[127.350763,36.359401],[127.350499,36.359403],[127.350407,36.359402],[127.350149,36.3594],[127.350073,36.359399],[127.349907,36.359398],[127.349539,36.359408],[127.349516,36.359408],[127.349462,36.359413],[127.34906,36.359447],[127.349011,36.359451],[127.348916,36.359459],[127.348842,36.359465],[127.348482,36.359495],[127.348358,36.359505],[127.348341,36.359506],[127.348181,36.359514],[127.347898,36.35953],[127.347894,36.35953],[127.347675,36.359541],[127.347487,36.35958],[127.347385,36.359601],[127.347071,36.359666],[127.346787,36.359721],[127.34649,36.359779],[127.346193,36.359768],[127.346111,36.359768],[127.34553,36.359738],[127.34527,36.359738],[127.345004,36.359729],[127.344808,36.359722],[127.344765,36.35972],[127.344626,36.359721],[127.344073,36.359726],[127.343748,36.359722],[127.343454,36.359718],[127.343299,36.359716],[127.343286,36.359716],[127.342625,36.359721],[127.342486,36.359632],[127.342474,36.359625],[127.342127,36.359431],[127.342088,36.359427],[127.341919,36.359353],[127.341912,36.359311],[127.341682,36.359198],[127.341711,36.359006],[127.341738,36.35883],[127.341743,36.358797],[127.34175,36.358748],[127.341748,36.358741],[127.34172,36.358673],[127.341694,36.358608],[127.341643,36.358567],[127.341499,36.358452],[127.341471,36.35843],[127.341257,36.35826],[127.341066,36.358157],[127.340966,36.358104],[127.340926,36.358073],[127.340911,36.358061],[127.340722,36.357916],[127.340613,36.357832],[127.340435,36.357709],[127.340277,36.3576],[127.340218,36.35756],[127.339987,36.357396],[127.339974,36.357387],[127.33988,36.357319],[127.339777,36.357253],[127.339754,36.357231],[127.339663,36.357168],[127.339519,36.357048],[127.339111,36.35696],[127.338872,36.356882],[127.338818,36.356865],[127.338639,36.356802],[127.338451,36.356737],[127.338198,36.356723],[127.338071,36.356715],[127.337874,36.356703],[127.337458,36.356611],[127.337428,36.356604],[127.337363,36.35659],[127.337053,36.356603],[127.336817,36.356611],[127.336556,36.356597],[127.336275,36.356581],[127.336145,36.356554],[127.335848,36.356492],[127.335676,36.356457],[127.335582,36.356437],[127.335366,36.356434],[127.335035,36.356465],[127.334878,36.356493],[127.334696,36.356526],[127.334447,36.356612],[127.334039,36.356754],[127.333484,36.356859],[127.333454,36.356864],[127.332584,36.357011],[127.332176,36.357078],[127.332169,36.357079],[127.33187,36.357119],[127.331827,36.357124],[127.331765,36.357192],[127.331761,36.357197],[127.331693,36.357273],[127.331658,36.357303],[127.331635,36.357321],[127.331496,36.357433],[127.331489,36.357435],[127.331088,36.357596],[127.330242,36.357934],[127.33018,36.357963],[127.329654,36.358171],[127.329611,36.358181],[127.329472,36.358213],[127.329046,36.358311],[127.329032,36.358285],[127.329012,36.358245],[127.328984,36.358204],[127.328977,36.358211],[127.328935,36.358133],[127.328857,36.357991],[127.32865,36.358204],[127.328477,36.358383],[127.328195,36.358683],[127.328096,36.358789],[127.328074,36.358811],[127.327934,36.358929],[127.327842,36.358939],[127.32777,36.358946],[127.327608,36.358963],[127.327384,36.358988],[127.327336,36.358994],[127.327328,36.359012],[127.327118,36.359023],[127.32693,36.359046],[127.326741,36.359069],[127.326659,36.359077],[127.326389,36.35911],[127.326041,36.359152],[127.326024,36.359155],[127.325863,36.359174],[127.32525,36.359251],[127.324856,36.359257],[127.324423,36.359267],[127.32415,36.359274],[127.323961,36.359278],[127.323466,36.359286],[127.323348,36.3593],[127.323221,36.359314],[127.323135,36.359325],[127.32291,36.359399],[127.322854,36.359406],[127.322724,36.359422],[127.322538,36.359428],[127.322525,36.359436],[127.322444,36.359488],[127.322301,36.359497],[127.322006,36.359495],[127.321871,36.359495],[127.321756,36.359483],[127.321731,36.359516],[127.321729,36.359518],[127.321714,36.359537],[127.321708,36.359564],[127.321706,36.359573],[127.321713,36.359572],[127.32171,36.359598],[127.321706,36.359623],[127.321629,36.359622],[127.321626,36.359701],[127.321625,36.359728],[127.321614,36.359955],[127.321644,36.359956],[127.321641,36.360002],[127.321612,36.36],[127.321608,36.360091],[127.321595,36.360177],[127.321592,36.360233],[127.321588,36.36032],[127.321587,36.360346],[127.321587,36.360357],[127.321594,36.360545],[127.321589,36.36058],[127.321587,36.360588],[127.321561,36.360606],[127.321524,36.360631],[127.321443,36.360686],[127.321408,36.3607],[127.321379,36.360712],[127.321306,36.360728],[127.321307,36.360724],[127.321207,36.360749],[127.321148,36.360762],[127.320976,36.360799],[127.320936,36.360808],[127.320848,36.360842],[127.320764,36.360881],[127.320744,36.360889],[127.320717,36.360902],[127.320283,36.361097],[127.320281,36.361124],[127.320258,36.361135],[127.320224,36.361154],[127.320196,36.361136],[127.319997,36.361212],[127.320037,36.361234],[127.320179,36.361303],[127.32032,36.361363],[127.320318,36.361365],[127.320458,36.361422],[127.320529,36.361451],[127.320579,36.361472],[127.320839,36.361598],[127.320873,36.361665],[127.320905,36.361686],[127.321096,36.361802],[127.321152,36.361836],[127.321215,36.361874],[127.321383,36.361978],[127.321413,36.361996],[127.321587,36.362073],[127.322146,36.36233],[127.322326,36.362409],[127.322428,36.362462],[127.322464,36.362481],[127.322469,36.362483],[127.322489,36.362494],[127.322713,36.362304],[127.322873,36.362168],[127.323092,36.362014],[127.323179,36.361967],[127.323203,36.361953],[127.323305,36.361908],[127.323403,36.361881],[127.323444,36.36187],[127.323663,36.361834],[127.323779,36.361925],[127.323945,36.36206],[127.324068,36.362174],[127.324082,36.362186],[127.324125,36.362226],[127.324155,36.36225],[127.324277,36.362356],[127.324523,36.36271],[127.324546,36.362744],[127.324584,36.362798],[127.324519,36.362978],[127.324509,36.362988],[127.324516,36.363039],[127.32452,36.363066],[127.324625,36.363135],[127.324656,36.363155],[127.324998,36.363345],[127.325056,36.363377],[127.325263,36.363345],[127.325608,36.363292],[127.32562,36.36329],[127.325621,36.363292],[127.32568,36.363282],[127.325749,36.363314],[127.325969,36.363419],[127.32619,36.363517],[127.326401,36.36361],[127.326477,36.363611],[127.32681,36.363509],[127.326809,36.363528],[127.326805,36.363643],[127.326802,36.363758],[127.326801,36.363762],[127.326798,36.363853],[127.326798,36.363874],[127.326796,36.36392],[127.326788,36.364036],[127.326786,36.364057],[127.326786,36.364062],[127.326792,36.364069],[127.326871,36.36416],[127.326872,36.364161],[127.326882,36.364193],[127.326887,36.364208],[127.326894,36.364233],[127.326897,36.364244],[127.326899,36.364246],[127.326933,36.364316],[127.326948,36.364346],[127.326992,36.364436],[127.327028,36.364475],[127.327076,36.364528],[127.327114,36.364569],[127.327167,36.364597],[127.327194,36.364611],[127.327332,36.364785],[127.327357,36.364814],[127.327379,36.364907],[127.327357,36.364915],[127.327359,36.364971],[127.327392,36.365072],[127.327476,36.36517],[127.327461,36.365201],[127.327381,36.365287],[127.327364,36.365301],[127.32733,36.365324],[127.32733,36.365325],[127.327358,36.365426],[127.327392,36.365498],[127.327425,36.365555],[127.327462,36.365607],[127.327486,36.365627],[127.327511,36.365649],[127.327535,36.365669],[127.327583,36.365709],[127.327723,36.365791],[127.327979,36.365899],[127.328103,36.365953],[127.328212,36.365998],[127.328379,36.366065],[127.328624,36.366163],[127.328954,36.366298],[127.329305,36.366439],[127.329506,36.366475],[127.329729,36.366529],[127.329761,36.366534],[127.330207,36.366554],[127.330695,36.366568],[127.330825,36.366573],[127.330824,36.366679],[127.330828,36.366708],[127.330795,36.366704],[127.330808,36.366723],[127.330863,36.366798],[127.330895,36.366836],[127.330911,36.366855],[127.33093,36.366877],[127.330929,36.366884],[127.33091,36.366968],[127.330893,36.366995],[127.330908,36.367039],[127.330898,36.36708],[127.330786,36.367069],[127.33064,36.367068],[127.330748,36.367334],[127.330889,36.367634],[127.330904,36.367657],[127.330913,36.367673],[127.331003,36.367727],[127.331074,36.367769],[127.331203,36.367806],[127.331247,36.367808],[127.331332,36.367813],[127.331449,36.367853],[127.331467,36.367859],[127.331497,36.367839],[127.331544,36.367815],[127.331557,36.367814],[127.331579,36.367813],[127.331717,36.367812],[127.331817,36.367858],[127.331872,36.367884],[127.331944,36.367882],[127.33208,36.367879],[127.332199,36.367927],[127.332291,36.367922],[127.332358,36.368004],[127.33224,36.368147],[127.332237,36.368149],[127.332162,36.368197],[127.33207,36.368243],[127.331906,36.368328],[127.331896,36.368332],[127.331869,36.368355],[127.331774,36.368435],[127.331716,36.368484],[127.331683,36.368512],[127.331495,36.368767],[127.33142,36.368952],[127.331393,36.369109],[127.331391,36.369117],[127.331409,36.369193],[127.3315,36.369594],[127.331524,36.369673],[127.331565,36.369805],[127.331582,36.370047],[127.33159,36.370147],[127.331601,36.370277],[127.331623,36.370543],[127.331628,36.370602],[127.331629,36.370614],[127.331636,36.370709],[127.331637,36.37072],[127.331638,36.370729],[127.331642,36.370776],[127.331644,36.370807],[127.331651,36.371011],[127.331653,36.371065],[127.331654,36.371081],[127.331656,36.371161],[127.331661,36.371304],[127.331708,36.371473],[127.331715,36.371503],[127.331719,36.371521],[127.331744,36.37158],[127.33176,36.371624],[127.33179,36.371706],[127.331799,36.371726],[127.331811,36.37176],[127.331816,36.371772],[127.331835,36.371822],[127.331832,36.371826],[127.331812,36.371851],[127.331809,36.371854],[127.331831,36.371924],[127.331852,36.371993],[127.331899,36.372125],[127.331947,36.372256],[127.331907,36.372292],[127.331846,36.372345],[127.331903,36.372395],[127.331928,36.372464],[127.331926,36.372622],[127.331957,36.372715],[127.331943,36.372809],[127.331941,36.372813],[127.331917,36.372874],[127.331985,36.372912],[127.332075,36.372962],[127.332314,36.373101],[127.332379,36.373239],[127.332444,36.373377],[127.332489,36.373478],[127.332534,36.373579],[127.332559,36.373571],[127.332611,36.373554],[127.332623,36.373582],[127.332545,36.373793],[127.332477,36.374019],[127.332472,36.374034],[127.332569,36.374602],[127.332505,36.374782],[127.332565,36.374984],[127.332609,36.375155],[127.332631,36.375238],[127.332872,36.375592],[127.333114,36.376124],[127.333134,36.376179],[127.333178,36.376265],[127.333241,36.376339],[127.333362,36.376385],[127.333407,36.376426],[127.333499,36.376419],[127.333529,36.37641],[127.333647,36.376371],[127.333661,36.376385],[127.33371,36.376368],[127.333706,36.376315],[127.333698,36.376308],[127.333753,36.376312],[127.33379,36.376315],[127.333828,36.376306],[127.333938,36.376528],[127.333942,36.376533],[127.334158,36.377008],[127.334181,36.377003],[127.334245,36.377095],[127.334254,36.377127],[127.334274,36.3772],[127.334309,36.377326],[127.334296,36.377328],[127.334392,36.377559],[127.334418,36.377619],[127.334383,36.377737],[127.334408,36.377795],[127.334432,36.377849],[127.33446,36.377912],[127.334495,36.37799],[127.334568,36.378153],[127.334622,36.378271],[127.33464,36.378311],[127.334716,36.378501],[127.334717,36.378503],[127.334718,36.378507],[127.334811,36.378721],[127.334863,36.378844],[127.334877,36.378876],[127.334912,36.378954],[127.335011,36.379177],[127.33511,36.379399],[127.335133,36.379455],[127.335186,36.379581],[127.335261,36.379763],[127.335327,36.379943],[127.335393,36.380123],[127.335409,36.380156],[127.335425,36.380189],[127.335445,36.380229],[127.335492,36.380325],[127.335538,36.380421],[127.335674,36.380711],[127.335811,36.381001],[127.335856,36.381095],[127.335901,36.38119],[127.335952,36.381352],[127.335954,36.381361],[127.336015,36.381546],[127.336013,36.381549],[127.335987,36.381599],[127.33591,36.381615],[127.335847,36.381615],[127.335831,36.381615],[127.335816,36.381615],[127.335656,36.381607],[127.335586,36.381572],[127.335487,36.381495],[127.335446,36.381453],[127.335571,36.381732],[127.335689,36.382033],[127.335785,36.382278],[127.335831,36.382382],[127.335974,36.382709],[127.335999,36.38283],[127.33602,36.382896],[127.336086,36.382865],[127.336451,36.382791],[127.336593,36.382762],[127.336668,36.382746],[127.336872,36.382705],[127.336919,36.382695],[127.336968,36.382684],[127.337074,36.382447],[127.337111,36.382396],[127.337154,36.382336],[127.337337,36.382081],[127.337425,36.381956],[127.337478,36.381912],[127.337609,36.381796],[127.337804,36.381677]]]}},{"type":"Feature","properties":{"ADM_CD":"25040550","dong":"신성동"},"geometry":{"type":"Polygon","coordinates":[[[127.372217,36.434391],[127.372595,36.433832],[127.372975,36.433675],[127.373266,36.433612],[127.373517,36.433381],[127.373554,36.433347],[127.373664,36.433345],[127.373779,36.433315],[127.374048,36.432944],[127.374086,36.432892],[127.374183,36.432719],[127.374216,36.43266],[127.373943,36.431806],[127.374018,36.431661],[127.374047,36.431492],[127.373712,36.431181],[127.373704,36.431175],[127.373696,36.431169],[127.373708,36.431156],[127.374864,36.429868],[127.375216,36.429476],[127.375278,36.429356],[127.375334,36.42924],[127.375889,36.428916],[127.375909,36.428745],[127.375918,36.428703],[127.375939,36.428608],[127.375939,36.428607],[127.375986,36.42839],[127.37601,36.428283],[127.376034,36.428173],[127.376055,36.428074],[127.376065,36.42807],[127.376157,36.428035],[127.376222,36.42801],[127.37629,36.427984],[127.376611,36.427861],[127.376743,36.427755],[127.376791,36.427717],[127.376844,36.427514],[127.376878,36.427384],[127.376892,36.42733],[127.376935,36.427206],[127.377025,36.426858],[127.377141,36.426698],[127.377189,36.426702],[127.377357,36.42665],[127.377615,36.426599],[127.377808,36.42666],[127.378002,36.426506],[127.378011,36.426473],[127.378246,36.425621],[127.37828,36.425398],[127.378765,36.425378],[127.379278,36.424873],[127.378907,36.424502],[127.378593,36.424046],[127.378687,36.42331],[127.378203,36.422845],[127.378391,36.422691],[127.378999,36.422846],[127.379016,36.422851],[127.379039,36.422834],[127.37904,36.422833],[127.379062,36.422817],[127.379237,36.422685],[127.379511,36.422484],[127.379531,36.422463],[127.379552,36.42244],[127.379577,36.422413],[127.379615,36.422372],[127.379917,36.422045],[127.379967,36.421992],[127.379986,36.421971],[127.380442,36.421915],[127.380677,36.421759],[127.380814,36.421717],[127.381077,36.42161],[127.381006,36.421346],[127.38099,36.421287],[127.380971,36.421217],[127.380967,36.421165],[127.380958,36.420993],[127.380955,36.420922],[127.380953,36.420869],[127.380952,36.420847],[127.380949,36.420784],[127.380949,36.420782],[127.380945,36.420704],[127.380944,36.420673],[127.380918,36.420608],[127.380907,36.420577],[127.380817,36.420349],[127.380704,36.420247],[127.380652,36.420192],[127.380495,36.420026],[127.380411,36.419914],[127.380323,36.419841],[127.380313,36.419822],[127.380271,36.419743],[127.380265,36.419732],[127.380254,36.419666],[127.380252,36.419664],[127.380066,36.419443],[127.379983,36.41934],[127.379944,36.419292],[127.379845,36.419168],[127.379777,36.419083],[127.37969,36.418967],[127.379549,36.418884],[127.379486,36.418818],[127.379404,36.418739],[127.379365,36.418671],[127.379343,36.418633],[127.379332,36.418591],[127.379269,36.418511],[127.379209,36.41844],[127.379174,36.418446],[127.379165,36.418447],[127.379121,36.418454],[127.379061,36.418455],[127.379028,36.418456],[127.378964,36.418472],[127.378944,36.418446],[127.378909,36.4184],[127.378887,36.418376],[127.378809,36.418241],[127.378758,36.418195],[127.378686,36.418154],[127.378622,36.418118],[127.378601,36.418106],[127.378578,36.418093],[127.378345,36.41796],[127.378295,36.417932],[127.378067,36.41778],[127.377986,36.417768],[127.377912,36.41768],[127.377869,36.417652],[127.377784,36.417597],[127.377676,36.41749],[127.377608,36.417452],[127.377589,36.417442],[127.377545,36.417418],[127.377502,36.417367],[127.37749,36.417362],[127.377417,36.417333],[127.377697,36.417049],[127.377756,36.416989],[127.377876,36.416995],[127.377999,36.417006],[127.37801,36.417012],[127.378036,36.417025],[127.378245,36.417053],[127.378394,36.417047],[127.378396,36.417028],[127.378397,36.417012],[127.378516,36.416986],[127.378836,36.416916],[127.379313,36.416713],[127.379508,36.4166],[127.379536,36.416566],[127.379773,36.416311],[127.379889,36.416189],[127.380006,36.416137],[127.380238,36.416036],[127.380449,36.415943],[127.380576,36.415898],[127.380702,36.415854],[127.380812,36.415816],[127.381036,36.415742],[127.381154,36.415602],[127.381117,36.415536],[127.381018,36.415361],[127.380884,36.415123],[127.380753,36.414894],[127.380717,36.414669],[127.380746,36.414476],[127.380777,36.41426],[127.380794,36.414179],[127.380901,36.414078],[127.381124,36.413869],[127.381365,36.413698],[127.381598,36.413533],[127.381758,36.413434],[127.38199,36.413289],[127.382226,36.413148],[127.382429,36.413094],[127.382673,36.413029],[127.382752,36.412989],[127.382785,36.412972],[127.382792,36.412893],[127.38258,36.412618],[127.382503,36.41252],[127.382474,36.412484],[127.382336,36.412237],[127.382324,36.412216],[127.382278,36.412133],[127.382178,36.411644],[127.382177,36.411642],[127.382135,36.411366],[127.382074,36.411157],[127.382,36.410935],[127.381949,36.410811],[127.381986,36.410783],[127.382108,36.410731],[127.382565,36.410534],[127.383091,36.410311],[127.383093,36.41031],[127.383508,36.410056],[127.383985,36.409776],[127.384057,36.40956],[127.383932,36.409105],[127.383869,36.408873],[127.384265,36.408644],[127.384159,36.408262],[127.384229,36.408267],[127.384836,36.408313],[127.384803,36.408469],[127.384564,36.408768],[127.384867,36.408962],[127.38485,36.409089],[127.384768,36.409336],[127.385571,36.409034],[127.386579,36.408879],[127.386026,36.408694],[127.385786,36.408536],[127.385776,36.408326],[127.385761,36.408024],[127.385804,36.407636],[127.385752,36.407283],[127.385649,36.407147],[127.386794,36.406897],[127.386982,36.406048],[127.386997,36.405981],[127.386997,36.405975],[127.38703,36.40559],[127.38703,36.40559],[127.38675,36.405442],[127.386812,36.4054],[127.386639,36.405098],[127.38662,36.405064],[127.386532,36.405086],[127.386604,36.405037],[127.386576,36.404989],[127.386539,36.404954],[127.386498,36.404916],[127.386433,36.404855],[127.3865,36.404807],[127.386576,36.404752],[127.386438,36.404664],[127.386395,36.404636],[127.386043,36.404411],[127.385721,36.403842],[127.385707,36.403819],[127.385483,36.403783],[127.385372,36.403765],[127.385168,36.403732],[127.385158,36.403731],[127.38515,36.403732],[127.384529,36.403823],[127.38433,36.403711],[127.383965,36.403505],[127.383387,36.403602],[127.383326,36.403616],[127.382966,36.403653],[127.382884,36.403675],[127.382555,36.403761],[127.382384,36.403805],[127.381378,36.403703],[127.381337,36.403698],[127.38117,36.403296],[127.381164,36.403123],[127.381154,36.402831],[127.381176,36.402659],[127.381101,36.402263],[127.380945,36.402066],[127.380852,36.401949],[127.38077,36.401845],[127.38058,36.401605],[127.380444,36.40149],[127.38029,36.401358],[127.380155,36.401244],[127.380045,36.400888],[127.380066,36.400846],[127.380307,36.400368],[127.380233,36.400143],[127.380194,36.400023],[127.380298,36.399569],[127.38028,36.399226],[127.380273,36.399096],[127.380297,36.398936],[127.380325,36.398715],[127.380477,36.398471],[127.380589,36.398292],[127.380787,36.397582],[127.381005,36.397374],[127.381176,36.397077],[127.381463,36.396891],[127.381727,36.396234],[127.381473,36.395157],[127.381179,36.394973],[127.381122,36.394938],[127.380946,36.394828],[127.380877,36.394755],[127.380587,36.394452],[127.380567,36.394398],[127.380515,36.394262],[127.380388,36.393927],[127.380038,36.39337],[127.380036,36.393368],[127.380042,36.393365],[127.38059,36.39311],[127.380715,36.392727],[127.381218,36.392247],[127.381485,36.391843],[127.381528,36.391778],[127.381544,36.391763],[127.38171,36.391606],[127.381973,36.391358],[127.382438,36.391352],[127.382439,36.390829],[127.382439,36.390685],[127.382668,36.39061],[127.383057,36.390482],[127.383443,36.390179],[127.383451,36.390168],[127.383619,36.389919],[127.383657,36.389872],[127.383722,36.389794],[127.38403,36.389469],[127.384385,36.389215],[127.384462,36.388868],[127.384483,36.388772],[127.38464,36.388529],[127.384636,36.388362],[127.384436,36.388004],[127.384545,36.387629],[127.384546,36.387594],[127.384557,36.387187],[127.384564,36.386941],[127.384645,36.386907],[127.384959,36.386776],[127.385018,36.386705],[127.385317,36.386385],[127.385488,36.386112],[127.385497,36.385911],[127.385513,36.385562],[127.385556,36.385418],[127.385584,36.385324],[127.38568,36.385006],[127.385993,36.384924],[127.386089,36.384899],[127.386373,36.384824],[127.386445,36.384805],[127.386413,36.384606],[127.386386,36.384505],[127.386378,36.384478],[127.386331,36.384304],[127.386261,36.384037],[127.386254,36.383781],[127.386343,36.383682],[127.386525,36.383464],[127.386547,36.383437],[127.386683,36.383278],[127.38677,36.38311],[127.386853,36.382938],[127.387002,36.382767],[127.387207,36.382537],[127.387283,36.382379],[127.387336,36.382259],[127.387355,36.382216],[127.387429,36.382165],[127.387588,36.382053],[127.387803,36.381909],[127.387954,36.381714],[127.387969,36.381695],[127.388219,36.381381],[127.388238,36.381393],[127.38835,36.381463],[127.388499,36.381545],[127.388596,36.381603],[127.388615,36.381613],[127.38876,36.381694],[127.388953,36.381739],[127.389118,36.38177],[127.38942,36.381828],[127.389572,36.381975],[127.389725,36.382112],[127.389964,36.382129],[127.390068,36.382136],[127.390446,36.382157],[127.390614,36.381984],[127.390845,36.381743],[127.390962,36.38162],[127.391087,36.381487],[127.391235,36.38121],[127.391306,36.38108],[127.391367,36.380968],[127.391431,36.380849],[127.391734,36.380867],[127.391961,36.380877],[127.392196,36.380845],[127.392324,36.380827],[127.392529,36.380813],[127.392751,36.380797],[127.393014,36.380759],[127.393092,36.380611],[127.393114,36.380565],[127.393169,36.380454],[127.393257,36.38027],[127.393396,36.380128],[127.393567,36.379957],[127.393767,36.379934],[127.393852,36.379924],[127.39387,36.379922],[127.393983,36.379908],[127.394119,36.379768],[127.394239,36.379628],[127.39437,36.379479],[127.39452,36.37931],[127.394658,36.379138],[127.394663,36.379132],[127.394661,36.37889],[127.394808,36.378695],[127.394911,36.378668],[127.394996,36.378641],[127.395195,36.37861],[127.395213,36.378607],[127.395379,36.37858],[127.395424,36.378512],[127.395459,36.378427],[127.39551,36.378301],[127.39569,36.378227],[127.395768,36.378128],[127.395831,36.378045],[127.396043,36.377956],[127.396281,36.377855],[127.396367,36.377819],[127.396617,36.377803],[127.396885,36.37778],[127.396906,36.377753],[127.397003,36.377608],[127.397081,36.37747],[127.39711,36.377278],[127.397124,36.377231],[127.397183,36.377026],[127.397199,36.377024],[127.397244,36.377019],[127.397277,36.377015],[127.397323,36.37701],[127.397335,36.376939],[127.39746,36.376843],[127.397588,36.376745],[127.397918,36.376582],[127.398038,36.37652],[127.398124,36.376476],[127.398178,36.376453],[127.398416,36.376354],[127.398684,36.376239],[127.398917,36.376156],[127.399111,36.376094],[127.399326,36.376045],[127.399484,36.376007],[127.399589,36.375986],[127.399798,36.375943],[127.400045,36.375893],[127.400171,36.375883],[127.400198,36.375835],[127.400895,36.37502],[127.4009,36.375014],[127.400958,36.374946],[127.40069,36.374838],[127.400251,36.374668],[127.400246,36.374667],[127.40007,36.374582],[127.399992,36.374545],[127.399852,36.374489],[127.399657,36.374412],[127.399253,36.374254],[127.398869,36.374103],[127.398694,36.374036],[127.397987,36.373764],[127.397519,36.373668],[127.397129,36.37361],[127.39665,36.373584],[127.396557,36.373579],[127.396398,36.37357],[127.396385,36.373568],[127.39581,36.373469],[127.395525,36.373421],[127.395387,36.373398],[127.395363,36.373396],[127.395058,36.37335],[127.394938,36.373332],[127.39482,36.373314],[127.394131,36.373193],[127.393997,36.373169],[127.393533,36.373095],[127.393521,36.373093],[127.393484,36.373087],[127.39327,36.373053],[127.3932,36.373043],[127.393241,36.373012],[127.393134,36.37286],[127.393093,36.372801],[127.39295,36.372597],[127.39285,36.372172],[127.392961,36.371693],[127.39308,36.371345],[127.393081,36.371342],[127.393014,36.37138],[127.392841,36.371454],[127.392744,36.37148],[127.392603,36.371518],[127.392385,36.371536],[127.392144,36.371557],[127.392058,36.371552],[127.391879,36.37154],[127.391701,36.371518],[127.391505,36.37149],[127.391179,36.371421],[127.390992,36.371347],[127.390878,36.371301],[127.390815,36.371284],[127.390695,36.371254],[127.390577,36.371222],[127.390524,36.371215],[127.390235,36.371176],[127.390192,36.37117],[127.3899,36.371137],[127.389751,36.371142],[127.389613,36.371146],[127.389517,36.371149],[127.389442,36.371152],[127.389275,36.371157],[127.389115,36.371166],[127.388894,36.371163],[127.388825,36.371163],[127.388802,36.371167],[127.388777,36.37117],[127.388495,36.371199],[127.388173,36.371248],[127.388036,36.371264],[127.38803,36.371264],[127.387902,36.371279],[127.387797,36.371289],[127.387527,36.371319],[127.387401,36.371331],[127.386967,36.371376],[127.38666,36.371411],[127.386579,36.371421],[127.38645,36.371434],[127.385973,36.371467],[127.385775,36.371482],[127.385563,36.371481],[127.385495,36.37148],[127.385339,36.371471],[127.385131,36.371469],[127.384999,36.371472],[127.384997,36.371472],[127.384405,36.371478],[127.384117,36.371484],[127.383696,36.371478],[127.383365,36.371487],[127.383154,36.371487],[127.382973,36.371487],[127.382842,36.371487],[127.381933,36.371481],[127.381448,36.37149],[127.380764,36.371508],[127.380525,36.371514],[127.380521,36.371514],[127.380143,36.371525],[127.380135,36.371524],[127.380092,36.371517],[127.380064,36.371513],[127.379895,36.371974],[127.379739,36.371985],[127.379675,36.372002],[127.379546,36.372004],[127.379031,36.372011],[127.379023,36.37201],[127.379019,36.372113],[127.37901,36.372312],[127.379005,36.372446],[127.379007,36.372705],[127.379009,36.372733],[127.379024,36.373058],[127.379024,36.373489],[127.378907,36.373694],[127.378826,36.373838],[127.378737,36.373974],[127.378601,36.374111],[127.378503,36.374237],[127.378396,36.374373],[127.378144,36.374695],[127.377953,36.374938],[127.377695,36.375176],[127.377603,36.37526],[127.377312,36.375639],[127.376955,36.376082],[127.376813,36.376369],[127.376804,36.376387],[127.376663,36.376656],[127.376738,36.376645],[127.376803,36.376635],[127.376813,36.37668],[127.376853,36.376686],[127.376845,36.376696],[127.376592,36.377008],[127.376575,36.377029],[127.376102,36.377611],[127.375411,36.377676],[127.374712,36.377742],[127.373555,36.377848],[127.373166,36.377886],[127.373036,36.377894],[127.372909,36.377897],[127.372773,36.377889],[127.372648,36.377873],[127.372495,36.377842],[127.37237,36.377807],[127.372343,36.377797],[127.372278,36.377776],[127.372217,36.377752],[127.372114,36.37771],[127.371994,36.377647],[127.37199,36.377645],[127.371881,36.377572],[127.371766,36.377476],[127.371516,36.377257],[127.371005,36.376808],[127.370505,36.37637],[127.370376,36.376257],[127.370259,36.376158],[127.370138,36.376064],[127.370007,36.375971],[127.369873,36.375894],[127.369779,36.375856],[127.369722,36.375833],[127.369567,36.375783],[127.369408,36.375734],[127.369246,36.375694],[127.369082,36.375674],[127.368913,36.375674],[127.368118,36.375701],[127.368034,36.375706],[127.36791,36.37571],[127.367796,36.375715],[127.367682,36.375721],[127.367534,36.375733],[127.367457,36.37574],[127.367421,36.375743],[127.367308,36.375755],[127.367195,36.375768],[127.367083,36.375783],[127.36697,36.375799],[127.366857,36.375817],[127.366746,36.375837],[127.366635,36.375859],[127.366501,36.375887],[127.366115,36.375968],[127.363631,36.376447],[127.36354,36.376464],[127.363307,36.376512],[127.363193,36.376538],[127.363079,36.376566],[127.362966,36.376598],[127.362855,36.376633],[127.362739,36.376671],[127.362629,36.37671],[127.362523,36.37675],[127.362414,36.376795],[127.362311,36.376841],[127.362208,36.376891],[127.362107,36.376943],[127.362009,36.376994],[127.361913,36.377047],[127.361789,36.37712],[127.361486,36.377295],[127.358409,36.379069],[127.357981,36.378771],[127.358107,36.378699],[127.357969,36.378641],[127.357919,36.37862],[127.357874,36.378557],[127.357783,36.37861],[127.357695,36.378666],[127.357609,36.378724],[127.357523,36.378787],[127.357435,36.378854],[127.357435,36.378854],[127.35735,36.378923],[127.357277,36.378986],[127.35727,36.378993],[127.357268,36.378994],[127.357188,36.379068],[127.35712,36.379135],[127.357111,36.379143],[127.357039,36.37922],[127.356944,36.379324],[127.356939,36.37933],[127.35686,36.379418],[127.356114,36.380249],[127.356093,36.380237],[127.356081,36.38025],[127.356088,36.380255],[127.355952,36.380423],[127.355892,36.3805],[127.355821,36.380601],[127.355765,36.380686],[127.355707,36.38078],[127.355674,36.380838],[127.355655,36.380869],[127.355653,36.380832],[127.355642,36.380605],[127.35563,36.380375],[127.355636,36.380161],[127.355637,36.380138],[127.355633,36.380114],[127.355557,36.379668],[127.35558,36.379383],[127.355612,36.379367],[127.35572,36.379316],[127.355716,36.379271],[127.3557,36.379207],[127.355682,36.379168],[127.355672,36.379145],[127.355633,36.37909],[127.355628,36.379083],[127.355485,36.379091],[127.355289,36.379114],[127.355235,36.37912],[127.355122,36.379147],[127.35501,36.379178],[127.354903,36.379207],[127.354756,36.37924],[127.354711,36.379243],[127.354663,36.379241],[127.354577,36.379221],[127.35446,36.379189],[127.354281,36.379139],[127.354233,36.379133],[127.354215,36.379131],[127.354173,36.379116],[127.354123,36.379078],[127.354054,36.379031],[127.353994,36.378978],[127.3539,36.378877],[127.353856,36.378835],[127.353738,36.378735],[127.353463,36.378501],[127.353437,36.378493],[127.353397,36.378482],[127.353175,36.378423],[127.353073,36.378383],[127.353043,36.378366],[127.353042,36.378366],[127.353036,36.378362],[127.353005,36.378334],[127.352985,36.378301],[127.352978,36.378263],[127.35298,36.378226],[127.35299,36.377976],[127.353018,36.377819],[127.353017,36.377754],[127.352973,36.377605],[127.352971,36.377568],[127.352973,36.377538],[127.352982,36.377426],[127.353053,36.377198],[127.353116,36.377034],[127.35313,36.376997],[127.353138,36.376977],[127.353165,36.376919],[127.353187,36.37687],[127.353141,36.376751],[127.353124,36.376721],[127.353113,36.376709],[127.353088,36.37668],[127.353056,36.376656],[127.353063,36.376637],[127.352951,36.37663],[127.352906,36.376581],[127.352724,36.376421],[127.352465,36.376383],[127.35244,36.376375],[127.352403,36.376364],[127.352338,36.376335],[127.3523,36.376314],[127.352268,36.376287],[127.352247,36.376254],[127.352165,36.376064],[127.352148,36.376025],[127.351973,36.375901],[127.351829,36.375815],[127.351574,36.375613],[127.351496,36.375572],[127.35145,36.375542],[127.351415,36.37552],[127.351358,36.375472],[127.351339,36.375439],[127.351338,36.375402],[127.351382,36.375318],[127.351418,36.375252],[127.351374,36.375195],[127.351333,36.37513],[127.351313,36.375089],[127.3513,36.375063],[127.3513,36.375062],[127.351292,36.375046],[127.35126,36.37497],[127.351223,36.37488],[127.351189,36.374774],[127.35117,36.374631],[127.351156,36.374487],[127.351158,36.374416],[127.35117,36.374379],[127.351193,36.374348],[127.351225,36.374322],[127.351277,36.374292],[127.351298,36.374252],[127.351306,36.37418],[127.351314,36.374144],[127.351322,36.374127],[127.351358,36.37408],[127.35145,36.373978],[127.351511,36.373902],[127.351513,36.373901],[127.351544,36.373875],[127.351599,36.373844],[127.351692,36.373797],[127.351731,36.373771],[127.351771,36.373729],[127.351852,36.373565],[127.351889,36.373474],[127.351893,36.373463],[127.351903,36.373429],[127.351861,36.373357],[127.351849,36.372279],[127.351885,36.371923],[127.352034,36.371679],[127.352052,36.37165],[127.351412,36.371494],[127.351134,36.371355],[127.351017,36.371365],[127.350213,36.371437],[127.349997,36.372145],[127.350092,36.373037],[127.350014,36.373266],[127.349663,36.373328],[127.349238,36.373513],[127.349308,36.373821],[127.349272,36.373938],[127.349201,36.374172],[127.348935,36.374202],[127.348753,36.374549],[127.348638,36.37517],[127.348701,36.376003],[127.347365,36.376469],[127.347118,36.376412],[127.346437,36.376733],[127.346351,36.376773],[127.345782,36.377042],[127.345776,36.377193],[127.34576,36.377676],[127.345723,36.377676],[127.345633,36.377675],[127.344959,36.37767],[127.344926,36.377669],[127.344719,36.37766],[127.344684,36.377659],[127.344498,36.37754],[127.344274,36.377396],[127.344213,36.377347],[127.34415,36.377296],[127.343566,36.377505],[127.343458,36.377662],[127.343305,36.377887],[127.343068,36.378093],[127.342836,36.378408],[127.342797,36.378414],[127.342773,36.378417],[127.342732,36.378423],[127.34271,36.378426],[127.342548,36.378448],[127.342518,36.378452],[127.342487,36.378456],[127.342478,36.378457],[127.342338,36.378475],[127.342157,36.378499],[127.342115,36.378504],[127.342112,36.378506],[127.342091,36.378521],[127.341892,36.378687],[127.341353,36.378936],[127.341196,36.379009],[127.340942,36.379579],[127.340916,36.379636],[127.340901,36.379671],[127.340889,36.3797],[127.340881,36.379719],[127.340939,36.379765],[127.340808,36.380114],[127.340588,36.380493],[127.340519,36.380611],[127.340478,36.380718],[127.340434,36.380941],[127.34041,36.381217],[127.340403,36.381473],[127.340394,36.381736],[127.340402,36.381944],[127.339763,36.381882],[127.339683,36.38174],[127.339597,36.381594],[127.339501,36.381503],[127.339417,36.381423],[127.3394,36.381407],[127.339367,36.381375],[127.339278,36.381365],[127.339209,36.381358],[127.33914,36.381354],[127.339071,36.381354],[127.339059,36.381354],[127.339003,36.381358],[127.338969,36.381361],[127.338935,36.381366],[127.338868,36.381378],[127.338802,36.381395],[127.338738,36.381416],[127.338676,36.38144],[127.338489,36.38153],[127.33826,36.38164],[127.338056,36.381768],[127.337967,36.381578],[127.337804,36.381677],[127.337609,36.381796],[127.337478,36.381912],[127.337425,36.381956],[127.337337,36.382081],[127.337154,36.382336],[127.337111,36.382396],[127.337074,36.382447],[127.336968,36.382684],[127.336919,36.382695],[127.336872,36.382705],[127.336668,36.382746],[127.336593,36.382762],[127.336451,36.382791],[127.336086,36.382865],[127.33602,36.382896],[127.335976,36.382917],[127.33583,36.382986],[127.335594,36.383082],[127.33542,36.383158],[127.334792,36.383455],[127.334649,36.383528],[127.334529,36.383584],[127.33447,36.383628],[127.334356,36.383725],[127.334297,36.383775],[127.33391,36.384023],[127.33384,36.384092],[127.333381,36.384541],[127.333356,36.384566],[127.333353,36.384576],[127.33334,36.384629],[127.333339,36.384633],[127.33331,36.38452],[127.333107,36.383714],[127.333003,36.383766],[127.332828,36.383852],[127.332737,36.383962],[127.332666,36.384044],[127.332431,36.384144],[127.332369,36.384171],[127.332349,36.38418],[127.332023,36.384212],[127.331878,36.384226],[127.331737,36.384239],[127.331384,36.384283],[127.330937,36.384054],[127.330701,36.383932],[127.330419,36.383949],[127.330284,36.383957],[127.330252,36.383959],[127.330243,36.384034],[127.330449,36.384311],[127.33054,36.384374],[127.33069,36.384449],[127.330678,36.384506],[127.330755,36.384497],[127.330763,36.384496],[127.330859,36.384482],[127.330866,36.384499],[127.331007,36.384749],[127.331023,36.384825],[127.331071,36.384883],[127.331084,36.384899],[127.331272,36.385038],[127.331353,36.385238],[127.331374,36.385266],[127.331438,36.385356],[127.331477,36.38541],[127.33151,36.385458],[127.331692,36.385715],[127.332112,36.386312],[127.332167,36.386396],[127.332168,36.386397],[127.33217,36.3864],[127.332186,36.386423],[127.33232,36.386604],[127.332511,36.386865],[127.332521,36.38688],[127.332535,36.386901],[127.332554,36.386928],[127.332603,36.386994],[127.332632,36.387034],[127.332752,36.387203],[127.332836,36.387292],[127.333,36.387466],[127.333099,36.387606],[127.3332,36.387793],[127.333239,36.387865],[127.333317,36.387954],[127.333359,36.387974],[127.333483,36.388036],[127.33362,36.388034],[127.333731,36.388078],[127.333924,36.388214],[127.333968,36.388247],[127.333921,36.388293],[127.333924,36.388352],[127.333927,36.388398],[127.333718,36.388541],[127.333646,36.38859],[127.333593,36.388627],[127.333439,36.388734],[127.333152,36.388962],[127.333129,36.38898],[127.333125,36.388984],[127.333121,36.388986],[127.333019,36.389068],[127.332952,36.389121],[127.332942,36.389129],[127.332898,36.389164],[127.332852,36.389214],[127.332824,36.389246],[127.332696,36.389387],[127.332691,36.389383],[127.332693,36.389388],[127.332693,36.389389],[127.332683,36.3894],[127.33268,36.389404],[127.332674,36.389425],[127.332664,36.389461],[127.332643,36.389538],[127.332626,36.389598],[127.33261,36.389656],[127.332593,36.389716],[127.332676,36.389817],[127.332712,36.389893],[127.332716,36.3899],[127.332717,36.389902],[127.332757,36.389983],[127.332786,36.390022],[127.332827,36.390071],[127.332858,36.390155],[127.332874,36.390209],[127.332976,36.390363],[127.332979,36.390368],[127.333007,36.390409],[127.333043,36.390464],[127.333056,36.390473],[127.333058,36.390475],[127.333115,36.390511],[127.333186,36.390556],[127.333192,36.39056],[127.333194,36.390561],[127.333243,36.390569],[127.333315,36.390587],[127.333422,36.390617],[127.333473,36.390626],[127.3335,36.390632],[127.333572,36.390622],[127.333625,36.390622],[127.333634,36.390624],[127.333701,36.390634],[127.333721,36.390634],[127.333752,36.390662],[127.333761,36.390677],[127.333764,36.390681],[127.333765,36.390685],[127.33378,36.390687],[127.333811,36.390694],[127.333867,36.390841],[127.333821,36.39084],[127.33359,36.390839],[127.333477,36.390838],[127.33344,36.390841],[127.333356,36.390846],[127.333384,36.390862],[127.333411,36.390877],[127.33339,36.390876],[127.333358,36.390893],[127.333309,36.39092],[127.333047,36.390945],[127.332933,36.390955],[127.332672,36.391004],[127.332565,36.391024],[127.332458,36.391043],[127.332446,36.391044],[127.332079,36.391094],[127.331976,36.391107],[127.331933,36.391113],[127.331596,36.391159],[127.331518,36.391256],[127.33141,36.39131],[127.331356,36.391337],[127.331343,36.391343],[127.331264,36.39138],[127.331192,36.391362],[127.331095,36.391373],[127.33106,36.391388],[127.331024,36.391404],[127.330975,36.391439],[127.330915,36.391455],[127.330837,36.391505],[127.330825,36.391514],[127.330777,36.391547],[127.330699,36.391615],[127.33058,36.391587],[127.33048,36.391563],[127.330464,36.391562],[127.330436,36.391559],[127.330388,36.391557],[127.330295,36.391579],[127.330277,36.391587],[127.33021,36.391618],[127.330183,36.391636],[127.330014,36.391747],[127.329979,36.391761],[127.329885,36.391779],[127.329832,36.391789],[127.329613,36.391784],[127.329563,36.391803],[127.329536,36.391813],[127.329491,36.391782],[127.329418,36.391777],[127.329344,36.391732],[127.329317,36.391722],[127.329242,36.391694],[127.329127,36.391661],[127.329062,36.391754],[127.32906,36.39176],[127.329051,36.391815],[127.329049,36.39197],[127.329049,36.392],[127.329045,36.392046],[127.329127,36.39215],[127.329163,36.392223],[127.329109,36.392283],[127.329065,36.392357],[127.329004,36.392514],[127.328948,36.392611],[127.328841,36.392658],[127.3285,36.392695],[127.328229,36.392741],[127.328073,36.392762],[127.327861,36.392842],[127.327804,36.392835],[127.32779,36.392833],[127.327754,36.392803],[127.327713,36.392784],[127.327525,36.392801],[127.327444,36.392808],[127.327441,36.39281],[127.327417,36.392815],[127.327133,36.392873],[127.326973,36.392895],[127.32685,36.392899],[127.326654,36.392921],[127.326653,36.392922],[127.326641,36.392917],[127.326621,36.392909],[127.326622,36.392906],[127.326556,36.3929],[127.326436,36.392885],[127.326338,36.392838],[127.326331,36.392861],[127.326313,36.392916],[127.326112,36.392951],[127.325861,36.393035],[127.325637,36.393104],[127.325484,36.393144],[127.325365,36.393211],[127.32516,36.393402],[127.325106,36.393453],[127.325063,36.393495],[127.324962,36.393545],[127.32489,36.393601],[127.324817,36.39367],[127.324427,36.394089],[127.324225,36.394366],[127.324185,36.394421],[127.324215,36.394441],[127.324057,36.394708],[127.323969,36.395895],[127.323962,36.395928],[127.32395,36.395989],[127.32399,36.396012],[127.324257,36.39611],[127.324362,36.396288],[127.324603,36.396417],[127.324713,36.39672],[127.325304,36.397336],[127.325361,36.397417],[127.326075,36.398425],[127.326041,36.398447],[127.325865,36.398562],[127.325824,36.398671],[127.32583,36.3989],[127.325761,36.398966],[127.325725,36.399002],[127.325687,36.399157],[127.325802,36.399362],[127.325804,36.399366],[127.325866,36.399477],[127.325851,36.39966],[127.325787,36.400733],[127.32578,36.401181],[127.3257,36.402051],[127.325877,36.402581],[127.326214,36.40302],[127.326428,36.403234],[127.326503,36.403309],[127.32638,36.403844],[127.326201,36.403917],[127.326061,36.404127],[127.32598,36.404248],[127.32585,36.404442],[127.325966,36.404626],[127.32573,36.405342],[127.325263,36.40583],[127.325038,36.405982],[127.324924,36.406058],[127.324921,36.40606],[127.324917,36.406072],[127.324685,36.406751],[127.324698,36.40698],[127.324707,36.407185],[127.324728,36.407508],[127.324408,36.407705],[127.323681,36.408152],[127.323131,36.40843],[127.322871,36.408616],[127.322837,36.408641],[127.322809,36.408662],[127.323323,36.409292],[127.323762,36.409293],[127.32457,36.409582],[127.324803,36.409666],[127.325122,36.410047],[127.325563,36.410195],[127.325794,36.410457],[127.325863,36.410536],[127.32647,36.410507],[127.326582,36.410501],[127.326975,36.410483],[127.327327,36.410467],[127.32736,36.410464],[127.327425,36.410815],[127.327579,36.411057],[127.327509,36.411439],[127.327525,36.411482],[127.327726,36.412408],[127.327726,36.41241],[127.32781,36.412795],[127.327937,36.412841],[127.328183,36.413224],[127.328155,36.41353],[127.328133,36.413769],[127.328115,36.413911],[127.328088,36.414137],[127.328085,36.414194],[127.328172,36.414299],[127.32791,36.414601],[127.327833,36.414684],[127.327825,36.414702],[127.327803,36.414756],[127.327778,36.414815],[127.327751,36.414881],[127.327621,36.415192],[127.327471,36.415549],[127.327351,36.415838],[127.326886,36.416394],[127.326591,36.417094],[127.32635,36.417906],[127.326367,36.418403],[127.326533,36.418749],[127.326663,36.419214],[127.326579,36.419508],[127.326564,36.41962],[127.326551,36.419983],[127.326489,36.42006],[127.326481,36.420106],[127.326471,36.42017],[127.326465,36.42021],[127.326439,36.4203],[127.32626,36.420936],[127.326245,36.421237],[127.32623,36.421495],[127.326282,36.421949],[127.326291,36.422031],[127.326298,36.422095],[127.326807,36.422266],[127.327002,36.422335],[127.327095,36.422494],[127.327405,36.42268],[127.327345,36.42274],[127.327339,36.422748],[127.328014,36.423133],[127.328195,36.423163],[127.328499,36.423213],[127.329134,36.423319],[127.329149,36.423321],[127.329604,36.423618],[127.32978,36.423733],[127.329795,36.423742],[127.329806,36.42375],[127.329816,36.423757],[127.330258,36.424048],[127.330262,36.424051],[127.330299,36.424129],[127.330424,36.424394],[127.330703,36.424512],[127.330726,36.424521],[127.330908,36.424598],[127.330921,36.424603],[127.331436,36.42494],[127.331537,36.425166],[127.332252,36.425549],[127.332319,36.425681],[127.33232,36.425683],[127.332352,36.425746],[127.332728,36.426504],[127.332948,36.42658],[127.333607,36.4268],[127.33364,36.426803],[127.333783,36.426828],[127.334353,36.42692],[127.334406,36.42693],[127.334593,36.426963],[127.334621,36.426968],[127.334622,36.426968],[127.334632,36.42697],[127.334718,36.426985],[127.33508,36.427259],[127.335278,36.427409],[127.335332,36.42745],[127.335503,36.42758],[127.335855,36.427827],[127.336526,36.428112],[127.336805,36.428209],[127.336807,36.42821],[127.336817,36.428211],[127.336852,36.428217],[127.337051,36.428249],[127.337055,36.428249],[127.337132,36.428267],[127.337269,36.428292],[127.337271,36.428292],[127.337531,36.428336],[127.337535,36.428337],[127.337563,36.428346],[127.337564,36.428346],[127.337573,36.428349],[127.337733,36.428494],[127.338043,36.42878],[127.338383,36.428993],[127.338645,36.429089],[127.33865,36.429091],[127.338657,36.429094],[127.338798,36.429145],[127.338823,36.429155],[127.339058,36.429663],[127.33925,36.429774],[127.339467,36.429899],[127.339599,36.429924],[127.339628,36.42993],[127.339816,36.429968],[127.339818,36.42997],[127.34028,36.430398],[127.340472,36.43051],[127.340965,36.430934],[127.341005,36.430969],[127.341022,36.430924],[127.341061,36.430814],[127.341666,36.430755],[127.342113,36.430557],[127.342337,36.430631],[127.342352,36.430636],[127.342752,36.430762],[127.342887,36.43059],[127.342921,36.430552],[127.343045,36.430498],[127.343183,36.430428],[127.343698,36.430039],[127.343734,36.430035],[127.343972,36.429971],[127.344195,36.429931],[127.344615,36.429846],[127.345068,36.429612],[127.345396,36.429419],[127.345667,36.429258],[127.345768,36.429199],[127.345904,36.429191],[127.346257,36.429164],[127.346276,36.429163],[127.346372,36.429158],[127.346628,36.429194],[127.347135,36.429108],[127.347287,36.429085],[127.348026,36.428962],[127.348107,36.428963],[127.348588,36.42897],[127.348878,36.4288],[127.349287,36.428579],[127.349337,36.428604],[127.349636,36.428661],[127.350109,36.428762],[127.350417,36.428661],[127.35062,36.428597],[127.351159,36.428618],[127.351206,36.428619],[127.351219,36.42862],[127.351229,36.428675],[127.351236,36.428716],[127.351273,36.428924],[127.351304,36.4291],[127.35133,36.429242],[127.351698,36.429728],[127.351944,36.430078],[127.352078,36.430271],[127.352363,36.430688],[127.352372,36.430701],[127.352597,36.430938],[127.352715,36.431063],[127.353805,36.431535],[127.354604,36.431724],[127.354827,36.431772],[127.355318,36.43223],[127.355769,36.43235],[127.356101,36.432611],[127.356261,36.43298],[127.35723,36.433413],[127.35734,36.433467],[127.357307,36.433647],[127.357304,36.433661],[127.357478,36.433729],[127.357685,36.433595],[127.358821,36.433628],[127.35939,36.433619],[127.359505,36.433811],[127.359915,36.434088],[127.360781,36.434124],[127.360853,36.434127],[127.361065,36.43414],[127.36112,36.434143],[127.361172,36.434146],[127.361296,36.434155],[127.36147,36.434009],[127.361719,36.433817],[127.362016,36.43327],[127.362136,36.433055],[127.362216,36.432906],[127.362218,36.432905],[127.362312,36.432841],[127.362447,36.432737],[127.362616,36.432699],[127.362787,36.432665],[127.362875,36.432642],[127.363008,36.432407],[127.363106,36.432228],[127.363372,36.432113],[127.363532,36.432044],[127.363836,36.431914],[127.364136,36.431428],[127.364457,36.430912],[127.364581,36.43078],[127.364797,36.430558],[127.364878,36.430473],[127.36494,36.430469],[127.365305,36.430446],[127.365433,36.430508],[127.365444,36.430513],[127.365763,36.430985],[127.365953,36.431116],[127.366353,36.431528],[127.365955,36.431994],[127.366004,36.43229],[127.365964,36.43297],[127.366144,36.433297],[127.366347,36.433372],[127.366432,36.433374],[127.366465,36.433385],[127.366913,36.433551],[127.367007,36.43358],[127.367233,36.433557],[127.367289,36.433549],[127.367388,36.433542],[127.367699,36.433851],[127.367718,36.433889],[127.367776,36.433977],[127.368018,36.434159],[127.368199,36.434153],[127.368333,36.434144],[127.368605,36.434048],[127.368655,36.434057],[127.368708,36.434066],[127.368874,36.434079],[127.368991,36.434087],[127.369184,36.434114],[127.369355,36.434159],[127.369415,36.434185],[127.36957,36.434233],[127.369713,36.434425],[127.369859,36.434607],[127.369919,36.434832],[127.369989,36.435053],[127.370372,36.435162],[127.370704,36.435257],[127.370901,36.435306],[127.370991,36.435336],[127.371268,36.435408],[127.37142,36.435448],[127.371623,36.435476],[127.371861,36.435508],[127.372003,36.435075],[127.371874,36.434572],[127.372025,36.434493],[127.372217,36.434391]]]}},{"type":"Feature","properties":{"ADM_CD":"25040570","dong":"전민동"},"geometry":{"type":"Polygon","coordinates":[[[127.391106,36.411128],[127.391272,36.411083],[127.391228,36.411186],[127.391312,36.411162],[127.391337,36.411155],[127.391701,36.411048],[127.391771,36.41103],[127.391834,36.411014],[127.39189,36.411],[127.392547,36.410822],[127.392817,36.410569],[127.393317,36.410414],[127.393557,36.410341],[127.393414,36.4103],[127.392999,36.410182],[127.392905,36.410156],[127.392967,36.410037],[127.393455,36.409091],[127.393496,36.409012],[127.393507,36.408998],[127.393613,36.408867],[127.393702,36.408755],[127.393881,36.408793],[127.394135,36.408848],[127.394283,36.408879],[127.394286,36.40888],[127.39441,36.408812],[127.394575,36.408723],[127.395038,36.40847],[127.395081,36.408592],[127.395101,36.408587],[127.395124,36.40862],[127.395224,36.408572],[127.39533,36.408522],[127.395426,36.408502],[127.395655,36.40843],[127.395682,36.408434],[127.395865,36.408392],[127.395922,36.40836],[127.395999,36.408336],[127.396008,36.408333],[127.396082,36.408329],[127.396138,36.408326],[127.396248,36.408318],[127.396312,36.408314],[127.396342,36.408312],[127.396489,36.40827],[127.396546,36.408254],[127.396573,36.408246],[127.397015,36.408129],[127.397108,36.408158],[127.397395,36.408249],[127.397489,36.408279],[127.398049,36.408371],[127.39822,36.408115],[127.398442,36.408077],[127.39898,36.407987],[127.399029,36.407867],[127.39904,36.407842],[127.399879,36.40791],[127.400192,36.407939],[127.400543,36.408013],[127.400591,36.408053],[127.40067,36.40812],[127.400695,36.408141],[127.40106,36.408128],[127.401064,36.408127],[127.401418,36.408114],[127.401451,36.408113],[127.401457,36.408113],[127.401498,36.408112],[127.40169,36.408137],[127.401827,36.40816],[127.401829,36.40816],[127.401901,36.408164],[127.401959,36.408189],[127.402164,36.408198],[127.402255,36.408183],[127.402303,36.408226],[127.402328,36.408221],[127.402477,36.408187],[127.402678,36.408143],[127.403315,36.407879],[127.404071,36.407852],[127.404299,36.408161],[127.404633,36.408508],[127.404821,36.408703],[127.404856,36.408739],[127.404878,36.408762],[127.405092,36.408813],[127.405127,36.408872],[127.405212,36.40901],[127.405346,36.409231],[127.405682,36.409284],[127.405969,36.409266],[127.406469,36.409235],[127.40668,36.409331],[127.406869,36.409399],[127.406873,36.4094],[127.407189,36.409513],[127.407729,36.409627],[127.407866,36.409654],[127.407956,36.409794],[127.408067,36.409937],[127.408701,36.40994],[127.408905,36.410342],[127.409039,36.410595],[127.40921,36.41095],[127.409744,36.410615],[127.409958,36.409924],[127.410475,36.409967],[127.410922,36.409997],[127.411032,36.41],[127.411646,36.40996],[127.411732,36.409955],[127.411801,36.410194],[127.411779,36.41029],[127.411815,36.410316],[127.411832,36.410318],[127.411846,36.41032],[127.411867,36.410322],[127.411877,36.410323],[127.411875,36.410409],[127.411875,36.410411],[127.411877,36.410448],[127.411876,36.410451],[127.411872,36.410477],[127.411878,36.410479],[127.411879,36.410479],[127.411884,36.410504],[127.411881,36.410523],[127.411866,36.41065],[127.411821,36.410799],[127.411815,36.410819],[127.411808,36.410816],[127.411742,36.410904],[127.411686,36.410979],[127.411664,36.411008],[127.411587,36.41106],[127.411539,36.411092],[127.411503,36.411117],[127.411314,36.411174],[127.411302,36.41117],[127.41128,36.411163],[127.411223,36.411227],[127.411205,36.411247],[127.411202,36.411251],[127.411188,36.411267],[127.411155,36.411336],[127.411153,36.411345],[127.411146,36.411374],[127.411159,36.411392],[127.411181,36.411381],[127.411188,36.41139],[127.411199,36.411407],[127.411303,36.411566],[127.411317,36.411587],[127.411328,36.411604],[127.411392,36.411701],[127.411434,36.411764],[127.411446,36.411784],[127.411469,36.411819],[127.411477,36.411831],[127.411478,36.41183],[127.411843,36.411656],[127.411941,36.411609],[127.411993,36.411591],[127.412202,36.41149],[127.412459,36.411366],[127.412607,36.411295],[127.412618,36.411289],[127.412755,36.411223],[127.412756,36.411223],[127.412906,36.41115],[127.413218,36.411],[127.413627,36.410802],[127.414074,36.410587],[127.414229,36.410511],[127.414377,36.41044],[127.414485,36.410388],[127.414603,36.410331],[127.414624,36.410321],[127.414692,36.410288],[127.41471,36.410318],[127.414761,36.410406],[127.414769,36.41042],[127.41478,36.410439],[127.414818,36.410502],[127.41486,36.410572],[127.414862,36.410574],[127.414959,36.410735],[127.414959,36.410736],[127.415021,36.41069],[127.415152,36.410669],[127.415173,36.410659],[127.415177,36.410657],[127.415246,36.410623],[127.415253,36.410624],[127.415364,36.41063],[127.415394,36.410632],[127.415443,36.410628],[127.415661,36.410608],[127.415777,36.410516],[127.415887,36.410429],[127.415924,36.410414],[127.415826,36.410021],[127.415854,36.409958],[127.415854,36.40985],[127.415881,36.409841],[127.415919,36.409767],[127.415955,36.409646],[127.415975,36.409544],[127.415991,36.409514],[127.416024,36.409449],[127.416096,36.409218],[127.416154,36.409153],[127.416238,36.409096],[127.416246,36.409084],[127.416321,36.40898],[127.41634,36.408955],[127.416341,36.408936],[127.416344,36.408831],[127.41638,36.408643],[127.416411,36.408483],[127.416487,36.408426],[127.416496,36.408419],[127.416582,36.408355],[127.41669,36.408272],[127.416932,36.408012],[127.417272,36.407732],[127.417269,36.40773],[127.417289,36.407712],[127.417298,36.407703],[127.417308,36.407694],[127.417358,36.40765],[127.417408,36.407605],[127.417407,36.407604],[127.41756,36.407468],[127.41755,36.407448],[127.417542,36.407433],[127.417423,36.407236],[127.417383,36.407167],[127.417276,36.407025],[127.417163,36.406875],[127.417161,36.406873],[127.417044,36.406717],[127.416909,36.406536],[127.416865,36.406477],[127.416781,36.406352],[127.416759,36.406319],[127.41668,36.406291],[127.416502,36.406226],[127.416367,36.406153],[127.416228,36.40608],[127.416048,36.405985],[127.415872,36.405872],[127.415707,36.405767],[127.415696,36.405759],[127.415643,36.405724],[127.415615,36.405704],[127.415483,36.40561],[127.41534,36.405478],[127.415337,36.405474],[127.41533,36.405467],[127.415258,36.405379],[127.415253,36.405357],[127.414964,36.404888],[127.414892,36.404798],[127.414771,36.404648],[127.414754,36.404628],[127.414647,36.404494],[127.4145,36.404312],[127.414176,36.40382],[127.414,36.403555],[127.413826,36.403293],[127.413737,36.403122],[127.413712,36.403075],[127.413659,36.402972],[127.413635,36.402865],[127.413581,36.402558],[127.413538,36.402079],[127.413533,36.402027],[127.413522,36.401854],[127.413517,36.401781],[127.413535,36.401359],[127.413536,36.401328],[127.413527,36.400763],[127.413516,36.399969],[127.413512,36.399709],[127.413511,36.399661],[127.413477,36.399473],[127.413415,36.399125],[127.413394,36.399004],[127.413305,36.39852],[127.413258,36.39826],[127.413243,36.398177],[127.413041,36.397919],[127.412872,36.397705],[127.412629,36.397371],[127.412489,36.397126],[127.41243,36.397021],[127.412213,36.396644],[127.41217,36.39657],[127.412169,36.396567],[127.412158,36.396546],[127.411979,36.396178],[127.411968,36.396164],[127.411934,36.396119],[127.411728,36.395843],[127.411616,36.395273],[127.411529,36.394836],[127.411482,36.3946],[127.411478,36.394578],[127.41147,36.394476],[127.41144,36.394097],[127.411435,36.394034],[127.411409,36.393695],[127.411402,36.393602],[127.411396,36.393529],[127.41139,36.393453],[127.411365,36.393163],[127.411354,36.393043],[127.411337,36.39284],[127.411314,36.392587],[127.411312,36.392563],[127.411296,36.392466],[127.41129,36.39243],[127.411287,36.392413],[127.411245,36.392159],[127.411214,36.391973],[127.411189,36.391676],[127.411172,36.391479],[127.411171,36.391459],[127.411171,36.391456],[127.411172,36.391276],[127.411172,36.391163],[127.411172,36.391078],[127.411173,36.390975],[127.411173,36.390974],[127.411176,36.390812],[127.411175,36.390458],[127.411187,36.390356],[127.411199,36.390255],[127.411202,36.390229],[127.411226,36.390026],[127.411237,36.389944],[127.411283,36.389668],[127.411313,36.389489],[127.411325,36.389398],[127.411339,36.389284],[127.411351,36.389185],[127.411377,36.388969],[127.411415,36.388796],[127.41145,36.388634],[127.411458,36.388593],[127.411487,36.388457],[127.411553,36.388149],[127.411568,36.388067],[127.411616,36.387803],[127.411658,36.387638],[127.411727,36.387368],[127.411769,36.387286],[127.41192,36.386987],[127.411922,36.386983],[127.411929,36.386741],[127.411903,36.38631],[127.411847,36.385778],[127.411832,36.385345],[127.411827,36.38486],[127.411827,36.384827],[127.411824,36.384716],[127.411812,36.384293],[127.4118,36.383906],[127.411796,36.383763],[127.411794,36.383654],[127.411792,36.383589],[127.411792,36.383583],[127.411783,36.383314],[127.411778,36.383161],[127.411778,36.38312],[127.411783,36.382441],[127.411784,36.382247],[127.411764,36.381796],[127.411638,36.381294],[127.41152,36.380993],[127.411519,36.380992],[127.411346,36.380649],[127.411278,36.380514],[127.41122,36.380398],[127.411207,36.38037],[127.411205,36.380367],[127.411097,36.380183],[127.410948,36.380011],[127.410822,36.379857],[127.410764,36.379786],[127.410584,36.379572],[127.410399,36.379362],[127.410246,36.379184],[127.410101,36.379008],[127.409949,36.378825],[127.409897,36.378605],[127.4098,36.378541],[127.40974,36.378502],[127.409705,36.378479],[127.409583,36.378399],[127.409447,36.37831],[127.409435,36.378302],[127.409375,36.378259],[127.409374,36.378258],[127.409165,36.37808],[127.409018,36.377954],[127.40886,36.37786],[127.408756,36.377798],[127.408549,36.377675],[127.408452,36.377607],[127.408424,36.377588],[127.408006,36.377343],[127.407838,36.377234],[127.407685,36.377133],[127.407559,36.37705],[127.407107,36.376866],[127.406959,36.376817],[127.406434,36.37664],[127.406212,36.376575],[127.405946,36.376496],[127.405832,36.376462],[127.405803,36.376455],[127.405683,36.376424],[127.405421,36.376344],[127.405135,36.376241],[127.40504,36.376257],[127.404788,36.376198],[127.404149,36.376025],[127.403746,36.375924],[127.403447,36.375849],[127.402733,36.375689],[127.40255,36.37563],[127.402374,36.375572],[127.402248,36.375532],[127.401979,36.375447],[127.40141,36.375275],[127.401254,36.375206],[127.400932,36.375042],[127.400895,36.37502],[127.400198,36.375835],[127.400171,36.375883],[127.400045,36.375893],[127.399798,36.375943],[127.399589,36.375986],[127.399484,36.376007],[127.399326,36.376045],[127.399111,36.376094],[127.398917,36.376156],[127.398684,36.376239],[127.398416,36.376354],[127.398178,36.376453],[127.398124,36.376476],[127.398038,36.37652],[127.397918,36.376582],[127.397588,36.376745],[127.39746,36.376843],[127.397335,36.376939],[127.397323,36.37701],[127.397277,36.377015],[127.397244,36.377019],[127.397199,36.377024],[127.397183,36.377026],[127.397124,36.377231],[127.39711,36.377278],[127.397081,36.37747],[127.397003,36.377608],[127.396906,36.377753],[127.396885,36.37778],[127.396617,36.377803],[127.396367,36.377819],[127.396281,36.377855],[127.396043,36.377956],[127.395831,36.378045],[127.395768,36.378128],[127.39569,36.378227],[127.39551,36.378301],[127.395459,36.378427],[127.395424,36.378512],[127.395379,36.37858],[127.395213,36.378607],[127.395195,36.37861],[127.394996,36.378641],[127.394911,36.378668],[127.394808,36.378695],[127.394661,36.37889],[127.394663,36.379132],[127.394658,36.379138],[127.39452,36.37931],[127.39437,36.379479],[127.394239,36.379628],[127.394119,36.379768],[127.393983,36.379908],[127.39387,36.379922],[127.393852,36.379924],[127.393767,36.379934],[127.393567,36.379957],[127.393396,36.380128],[127.393257,36.38027],[127.393169,36.380454],[127.393114,36.380565],[127.393092,36.380611],[127.393014,36.380759],[127.392751,36.380797],[127.392529,36.380813],[127.392324,36.380827],[127.392196,36.380845],[127.391961,36.380877],[127.391734,36.380867],[127.391431,36.380849],[127.391367,36.380968],[127.391306,36.38108],[127.391235,36.38121],[127.391087,36.381487],[127.390962,36.38162],[127.390845,36.381743],[127.390614,36.381984],[127.390446,36.382157],[127.390068,36.382136],[127.389964,36.382129],[127.389725,36.382112],[127.389572,36.381975],[127.38942,36.381828],[127.389118,36.38177],[127.388953,36.381739],[127.38876,36.381694],[127.388615,36.381613],[127.388596,36.381603],[127.388499,36.381545],[127.38835,36.381463],[127.388238,36.381393],[127.388219,36.381381],[127.387969,36.381695],[127.387954,36.381714],[127.387803,36.381909],[127.387588,36.382053],[127.387429,36.382165],[127.387355,36.382216],[127.387336,36.382259],[127.387283,36.382379],[127.387207,36.382537],[127.387002,36.382767],[127.386853,36.382938],[127.38677,36.38311],[127.386683,36.383278],[127.386547,36.383437],[127.386525,36.383464],[127.386343,36.383682],[127.386254,36.383781],[127.386261,36.384037],[127.386331,36.384304],[127.386378,36.384478],[127.386386,36.384505],[127.386413,36.384606],[127.386445,36.384805],[127.386373,36.384824],[127.386089,36.384899],[127.385993,36.384924],[127.38568,36.385006],[127.385584,36.385324],[127.385556,36.385418],[127.385513,36.385562],[127.385497,36.385911],[127.385488,36.386112],[127.385317,36.386385],[127.385018,36.386705],[127.384959,36.386776],[127.384645,36.386907],[127.384564,36.386941],[127.384557,36.387187],[127.384546,36.387594],[127.384545,36.387629],[127.384436,36.388004],[127.384636,36.388362],[127.38464,36.388529],[127.384483,36.388772],[127.384462,36.388868],[127.384385,36.389215],[127.38403,36.389469],[127.383722,36.389794],[127.383657,36.389872],[127.383619,36.389919],[127.383451,36.390168],[127.383443,36.390179],[127.383057,36.390482],[127.382668,36.39061],[127.382439,36.390685],[127.382439,36.390829],[127.382438,36.391352],[127.381973,36.391358],[127.38171,36.391606],[127.381544,36.391763],[127.381528,36.391778],[127.381485,36.391843],[127.381218,36.392247],[127.380715,36.392727],[127.38059,36.39311],[127.380042,36.393365],[127.380036,36.393368],[127.380038,36.39337],[127.380388,36.393927],[127.380515,36.394262],[127.380567,36.394398],[127.380587,36.394452],[127.380877,36.394755],[127.380946,36.394828],[127.381122,36.394938],[127.381179,36.394973],[127.381473,36.395157],[127.381727,36.396234],[127.381463,36.396891],[127.381176,36.397077],[127.381005,36.397374],[127.380787,36.397582],[127.380589,36.398292],[127.380477,36.398471],[127.380325,36.398715],[127.380297,36.398936],[127.380273,36.399096],[127.38028,36.399226],[127.380298,36.399569],[127.380194,36.400023],[127.380233,36.400143],[127.380307,36.400368],[127.380066,36.400846],[127.380045,36.400888],[127.380155,36.401244],[127.38029,36.401358],[127.380444,36.40149],[127.38058,36.401605],[127.38077,36.401845],[127.380852,36.401949],[127.380945,36.402066],[127.381101,36.402263],[127.381176,36.402659],[127.381154,36.402831],[127.381164,36.403123],[127.38117,36.403296],[127.381337,36.403698],[127.381378,36.403703],[127.382384,36.403805],[127.382555,36.403761],[127.382884,36.403675],[127.382966,36.403653],[127.383326,36.403616],[127.383387,36.403602],[127.383965,36.403505],[127.38433,36.403711],[127.384529,36.403823],[127.38515,36.403732],[127.385158,36.403731],[127.385168,36.403732],[127.385372,36.403765],[127.385483,36.403783],[127.385707,36.403819],[127.385721,36.403842],[127.386043,36.404411],[127.386395,36.404636],[127.386438,36.404664],[127.386576,36.404752],[127.3865,36.404807],[127.386433,36.404855],[127.386498,36.404916],[127.386539,36.404954],[127.386576,36.404989],[127.386604,36.405037],[127.386532,36.405086],[127.38662,36.405064],[127.386639,36.405098],[127.386812,36.4054],[127.38675,36.405442],[127.38703,36.40559],[127.38703,36.40559],[127.386997,36.405975],[127.386997,36.405981],[127.386982,36.406048],[127.386794,36.406897],[127.385649,36.407147],[127.385752,36.407283],[127.385804,36.407636],[127.385761,36.408024],[127.385776,36.408326],[127.385786,36.408536],[127.386026,36.408694],[127.386579,36.408879],[127.387682,36.408709],[127.387855,36.409174],[127.387732,36.409341],[127.388197,36.410125],[127.388257,36.410226],[127.388121,36.410589],[127.38808,36.410735],[127.388073,36.410777],[127.388098,36.410778],[127.388042,36.410877],[127.387817,36.411301],[127.38778,36.411372],[127.387618,36.411705],[127.387624,36.411969],[127.387613,36.412006],[127.387603,36.412039],[127.387681,36.412025],[127.387693,36.412023],[127.388039,36.411958],[127.388084,36.411949],[127.38812,36.411943],[127.388219,36.411923],[127.38839,36.411887],[127.388429,36.411879],[127.388526,36.411859],[127.388634,36.411834],[127.38902,36.411753],[127.389241,36.411703],[127.389343,36.411682],[127.389295,36.411624],[127.389764,36.411467],[127.390064,36.411396],[127.390131,36.41138],[127.390376,36.411322],[127.391106,36.411128]]]}},{"type":"Feature","properties":{"ADM_CD":"25040590","dong":"노은1동"},"geometry":{"type":"Polygon","coordinates":[[[127.334356,36.383725],[127.33447,36.383628],[127.334529,36.383584],[127.334649,36.383528],[127.334792,36.383455],[127.33542,36.383158],[127.335594,36.383082],[127.33583,36.382986],[127.335976,36.382917],[127.33602,36.382896],[127.335999,36.38283],[127.335974,36.382709],[127.335831,36.382382],[127.335785,36.382278],[127.335689,36.382033],[127.335571,36.381732],[127.335446,36.381453],[127.335487,36.381495],[127.335586,36.381572],[127.335656,36.381607],[127.335816,36.381615],[127.335831,36.381615],[127.335847,36.381615],[127.33591,36.381615],[127.335987,36.381599],[127.336013,36.381549],[127.336015,36.381546],[127.335954,36.381361],[127.335952,36.381352],[127.335901,36.38119],[127.335856,36.381095],[127.335811,36.381001],[127.335674,36.380711],[127.335538,36.380421],[127.335492,36.380325],[127.335445,36.380229],[127.335425,36.380189],[127.335409,36.380156],[127.335393,36.380123],[127.335327,36.379943],[127.335261,36.379763],[127.335186,36.379581],[127.335133,36.379455],[127.33511,36.379399],[127.335011,36.379177],[127.334912,36.378954],[127.334877,36.378876],[127.334863,36.378844],[127.334811,36.378721],[127.334718,36.378507],[127.334717,36.378503],[127.334716,36.378501],[127.33464,36.378311],[127.334622,36.378271],[127.334568,36.378153],[127.334495,36.37799],[127.33446,36.377912],[127.334432,36.377849],[127.334408,36.377795],[127.334383,36.377737],[127.334418,36.377619],[127.334392,36.377559],[127.334296,36.377328],[127.334309,36.377326],[127.334274,36.3772],[127.334254,36.377127],[127.334245,36.377095],[127.334181,36.377003],[127.334158,36.377008],[127.333942,36.376533],[127.333938,36.376528],[127.333828,36.376306],[127.33379,36.376315],[127.333753,36.376312],[127.333698,36.376308],[127.333706,36.376315],[127.33371,36.376368],[127.333661,36.376385],[127.333647,36.376371],[127.333529,36.37641],[127.333499,36.376419],[127.333407,36.376426],[127.333362,36.376385],[127.333241,36.376339],[127.333178,36.376265],[127.333134,36.376179],[127.333114,36.376124],[127.332872,36.375592],[127.332631,36.375238],[127.332609,36.375155],[127.332565,36.374984],[127.332505,36.374782],[127.332569,36.374602],[127.332472,36.374034],[127.332477,36.374019],[127.332545,36.373793],[127.332623,36.373582],[127.332611,36.373554],[127.332559,36.373571],[127.332534,36.373579],[127.332489,36.373478],[127.332444,36.373377],[127.332379,36.373239],[127.332314,36.373101],[127.332075,36.372962],[127.331985,36.372912],[127.331917,36.372874],[127.331941,36.372813],[127.331943,36.372809],[127.331957,36.372715],[127.331926,36.372622],[127.331928,36.372464],[127.331903,36.372395],[127.331846,36.372345],[127.331907,36.372292],[127.331947,36.372256],[127.331899,36.372125],[127.331852,36.371993],[127.331831,36.371924],[127.331809,36.371854],[127.331812,36.371851],[127.331832,36.371826],[127.331835,36.371822],[127.331816,36.371772],[127.331811,36.37176],[127.331799,36.371726],[127.33179,36.371706],[127.33176,36.371624],[127.331744,36.37158],[127.331719,36.371521],[127.331715,36.371503],[127.331708,36.371473],[127.331661,36.371304],[127.331656,36.371161],[127.331654,36.371081],[127.331653,36.371065],[127.331651,36.371011],[127.331644,36.370807],[127.331642,36.370776],[127.331638,36.370729],[127.331637,36.37072],[127.331636,36.370709],[127.331629,36.370614],[127.331628,36.370602],[127.331623,36.370543],[127.331601,36.370277],[127.33159,36.370147],[127.331582,36.370047],[127.331565,36.369805],[127.331524,36.369673],[127.3315,36.369594],[127.331409,36.369193],[127.331391,36.369117],[127.331393,36.369109],[127.33142,36.368952],[127.331495,36.368767],[127.331683,36.368512],[127.331716,36.368484],[127.331774,36.368435],[127.331869,36.368355],[127.331896,36.368332],[127.331906,36.368328],[127.33207,36.368243],[127.332162,36.368197],[127.332237,36.368149],[127.33224,36.368147],[127.332358,36.368004],[127.332291,36.367922],[127.332199,36.367927],[127.33208,36.367879],[127.331944,36.367882],[127.331872,36.367884],[127.331817,36.367858],[127.331717,36.367812],[127.331579,36.367813],[127.331557,36.367814],[127.331544,36.367815],[127.331497,36.367839],[127.331467,36.367859],[127.331449,36.367853],[127.331332,36.367813],[127.331247,36.367808],[127.331203,36.367806],[127.331074,36.367769],[127.331003,36.367727],[127.330913,36.367673],[127.330904,36.367657],[127.330889,36.367634],[127.330748,36.367334],[127.33064,36.367068],[127.330786,36.367069],[127.330898,36.36708],[127.330908,36.367039],[127.330893,36.366995],[127.33091,36.366968],[127.330929,36.366884],[127.33093,36.366877],[127.330911,36.366855],[127.330895,36.366836],[127.330863,36.366798],[127.330808,36.366723],[127.330795,36.366704],[127.330828,36.366708],[127.330824,36.366679],[127.330825,36.366573],[127.330695,36.366568],[127.330207,36.366554],[127.329761,36.366534],[127.329729,36.366529],[127.329506,36.366475],[127.329305,36.366439],[127.328954,36.366298],[127.328624,36.366163],[127.328379,36.366065],[127.328212,36.365998],[127.328103,36.365953],[127.327979,36.365899],[127.327723,36.365791],[127.327583,36.365709],[127.327535,36.365669],[127.327511,36.365649],[127.327486,36.365627],[127.327462,36.365607],[127.327425,36.365555],[127.327392,36.365498],[127.327358,36.365426],[127.32733,36.365325],[127.32733,36.365324],[127.327364,36.365301],[127.327381,36.365287],[127.327461,36.365201],[127.327476,36.36517],[127.327392,36.365072],[127.327359,36.364971],[127.327357,36.364915],[127.327379,36.364907],[127.327357,36.364814],[127.327332,36.364785],[127.327194,36.364611],[127.327167,36.364597],[127.327114,36.364569],[127.327076,36.364528],[127.327028,36.364475],[127.326992,36.364436],[127.326948,36.364346],[127.326933,36.364316],[127.326899,36.364246],[127.326897,36.364244],[127.326894,36.364233],[127.326887,36.364208],[127.326882,36.364193],[127.326872,36.364161],[127.326871,36.36416],[127.326792,36.364069],[127.326786,36.364062],[127.326786,36.364057],[127.326788,36.364036],[127.326796,36.36392],[127.326798,36.363874],[127.326798,36.363853],[127.326801,36.363762],[127.326802,36.363758],[127.326805,36.363643],[127.326809,36.363528],[127.32681,36.363509],[127.326477,36.363611],[127.326401,36.36361],[127.32619,36.363517],[127.325969,36.363419],[127.325749,36.363314],[127.32568,36.363282],[127.325621,36.363292],[127.32562,36.36329],[127.325608,36.363292],[127.325263,36.363345],[127.325056,36.363377],[127.324998,36.363345],[127.324656,36.363155],[127.324625,36.363135],[127.32452,36.363066],[127.324516,36.363039],[127.324509,36.362988],[127.324519,36.362978],[127.324584,36.362798],[127.324546,36.362744],[127.324523,36.36271],[127.324277,36.362356],[127.324155,36.36225],[127.324125,36.362226],[127.324082,36.362186],[127.324068,36.362174],[127.323945,36.36206],[127.323779,36.361925],[127.323663,36.361834],[127.323444,36.36187],[127.323403,36.361881],[127.323305,36.361908],[127.323203,36.361953],[127.323179,36.361967],[127.323092,36.362014],[127.322873,36.362168],[127.322713,36.362304],[127.322489,36.362494],[127.322469,36.362483],[127.322464,36.362481],[127.322428,36.362462],[127.322326,36.362409],[127.322146,36.36233],[127.321587,36.362073],[127.321413,36.361996],[127.321383,36.361978],[127.321215,36.361874],[127.321152,36.361836],[127.321096,36.361802],[127.320905,36.361686],[127.320873,36.361665],[127.320839,36.361598],[127.320579,36.361472],[127.320529,36.361451],[127.320458,36.361422],[127.320318,36.361365],[127.32032,36.361363],[127.320179,36.361303],[127.320037,36.361234],[127.319997,36.361212],[127.319939,36.361201],[127.319784,36.361172],[127.319412,36.361103],[127.319407,36.361102],[127.319119,36.361054],[127.319043,36.361051],[127.318862,36.361178],[127.318819,36.361212],[127.318772,36.361246],[127.318563,36.361354],[127.318372,36.361486],[127.318146,36.361643],[127.318117,36.361663],[127.318114,36.361665],[127.318019,36.361727],[127.317839,36.36172],[127.317565,36.361708],[127.317562,36.361705],[127.317447,36.361619],[127.317261,36.36148],[127.317151,36.36143],[127.317018,36.361463],[127.316798,36.361544],[127.316609,36.361617],[127.316484,36.361708],[127.316445,36.361737],[127.316334,36.361827],[127.31618,36.361798],[127.315983,36.361853],[127.315823,36.361897],[127.315576,36.361965],[127.314963,36.362038],[127.314947,36.362037],[127.314767,36.362023],[127.314599,36.362012],[127.314512,36.362039],[127.313886,36.36224],[127.313781,36.362415],[127.313743,36.362479],[127.313396,36.36243],[127.313124,36.362488],[127.31296,36.362594],[127.31278,36.362578],[127.312514,36.362542],[127.312115,36.362409],[127.312112,36.362408],[127.311753,36.362314],[127.311513,36.362248],[127.311263,36.362406],[127.311111,36.362502],[127.310514,36.362451],[127.310115,36.362592],[127.309855,36.36281],[127.309493,36.362749],[127.30929,36.362907],[127.309286,36.363319],[127.309475,36.36357],[127.309493,36.363652],[127.309539,36.363856],[127.309664,36.364581],[127.309781,36.36481],[127.309843,36.36493],[127.310102,36.365206],[127.310192,36.365293],[127.309774,36.365645],[127.309628,36.365619],[127.309616,36.365676],[127.309546,36.366028],[127.309541,36.366191],[127.309541,36.366217],[127.309539,36.366382],[127.309476,36.366409],[127.30923,36.366516],[127.30876,36.366719],[127.308736,36.366729],[127.30869,36.366749],[127.308335,36.366903],[127.30827,36.366931],[127.308143,36.366986],[127.307896,36.367093],[127.307708,36.367178],[127.307514,36.367267],[127.307128,36.367313],[127.307093,36.367317],[127.306918,36.367337],[127.306773,36.367353],[127.306259,36.367523],[127.305906,36.366912],[127.305496,36.36693],[127.304836,36.366659],[127.304713,36.36606],[127.304697,36.365981],[127.304696,36.365924],[127.304688,36.36557],[127.304364,36.365208],[127.304356,36.365199],[127.304189,36.364959],[127.30409,36.364815],[127.303544,36.364758],[127.303368,36.36474],[127.303497,36.364397],[127.303544,36.364271],[127.303524,36.364076],[127.303514,36.363981],[127.3037,36.363659],[127.303848,36.362817],[127.30415,36.362317],[127.304355,36.362088],[127.304714,36.361688],[127.304639,36.361529],[127.304532,36.361299],[127.304515,36.361261],[127.304658,36.360959],[127.304736,36.360793],[127.304812,36.360775],[127.304875,36.360729],[127.304843,36.360706],[127.304843,36.360706],[127.304731,36.360622],[127.304726,36.360618],[127.304721,36.360614],[127.304628,36.360545],[127.304534,36.360475],[127.304532,36.360473],[127.304478,36.360506],[127.304389,36.360559],[127.304334,36.360592],[127.304324,36.360601],[127.304312,36.360611],[127.3043,36.36062],[127.304163,36.360731],[127.304153,36.360739],[127.304153,36.360739],[127.30404,36.360919],[127.304028,36.360937],[127.303859,36.361204],[127.303683,36.36149],[127.303672,36.361508],[127.303623,36.361538],[127.303577,36.361565],[127.303408,36.361666],[127.303334,36.36171],[127.303158,36.361735],[127.302684,36.361697],[127.30265,36.361694],[127.302536,36.361685],[127.302233,36.361652],[127.302102,36.361637],[127.301683,36.361602],[127.301656,36.3616],[127.301655,36.3616],[127.301526,36.36159],[127.301161,36.361562],[127.301127,36.36156],[127.301114,36.361559],[127.301106,36.361557],[127.30096,36.361561],[127.300851,36.361562],[127.30062,36.361569],[127.300582,36.361559],[127.300458,36.361525],[127.300087,36.361425],[127.299592,36.361228],[127.299367,36.361115],[127.298835,36.360844],[127.298713,36.36065],[127.298659,36.360564],[127.298654,36.360556],[127.298609,36.360485],[127.298643,36.360489],[127.298629,36.360464],[127.298617,36.360442],[127.298597,36.360406],[127.298526,36.360415],[127.298495,36.360386],[127.298382,36.360276],[127.298314,36.360194],[127.298144,36.360072],[127.298105,36.360044],[127.298095,36.360037],[127.298088,36.360031],[127.29782,36.359803],[127.297602,36.359618],[127.297517,36.359547],[127.297479,36.359515],[127.297273,36.359346],[127.297262,36.35933],[127.297232,36.359285],[127.297174,36.359191],[127.297043,36.359017],[127.296936,36.35887],[127.296833,36.358751],[127.296827,36.358747],[127.296594,36.358388],[127.296047,36.358157],[127.295883,36.358075],[127.295772,36.358033],[127.295754,36.358027],[127.295629,36.357977],[127.295342,36.357864],[127.295275,36.357837],[127.295111,36.357772],[127.295081,36.357761],[127.295043,36.357749],[127.294924,36.357578],[127.294758,36.357341],[127.29475,36.35734],[127.29468,36.357329],[127.29463,36.357322],[127.294614,36.357334],[127.294572,36.357327],[127.294568,36.357338],[127.294522,36.35733],[127.294531,36.357323],[127.294383,36.357197],[127.294344,36.357164],[127.294192,36.35714],[127.29391,36.357095],[127.293548,36.356889],[127.293331,36.356831],[127.29285,36.356723],[127.292714,36.356692],[127.29255,36.356706],[127.292322,36.356721],[127.292263,36.356725],[127.292081,36.356738],[127.292039,36.35674],[127.292012,36.356744],[127.291432,36.356503],[127.291223,36.356418],[127.291051,36.356347],[127.290891,36.356281],[127.290552,36.356157],[127.290299,36.355984],[127.289782,36.355855],[127.28951,36.355731],[127.28834,36.3555],[127.287495,36.355843],[127.287332,36.355773],[127.287213,36.355723],[127.286859,36.355678],[127.286804,36.355672],[127.286798,36.355668],[127.286638,36.355586],[127.286523,36.355425],[127.286474,36.355356],[127.286329,36.3553],[127.286003,36.355177],[127.28538,36.354941],[127.284945,36.354633],[127.284893,36.354504],[127.284686,36.353996],[127.284653,36.35399],[127.28463,36.353985],[127.284251,36.353909],[127.284014,36.353862],[127.283843,36.353867],[127.283372,36.35401],[127.283354,36.354004],[127.283341,36.354],[127.283308,36.353989],[127.283079,36.353917],[127.282726,36.353672],[127.282677,36.353574],[127.282613,36.353445],[127.282574,36.353367],[127.282265,36.353175],[127.282145,36.353102],[127.28214,36.353039],[127.282134,36.352961],[127.282123,36.352823],[127.282109,36.352656],[127.281935,36.352564],[127.281872,36.352531],[127.281443,36.352304],[127.280886,36.35174],[127.280818,36.35167],[127.280821,36.351628],[127.280845,36.351221],[127.280485,36.351037],[127.280406,36.350996],[127.280382,36.350937],[127.279946,36.34985],[127.279883,36.349834],[127.279549,36.349752],[127.279159,36.349553],[127.278939,36.349442],[127.278665,36.34914],[127.277908,36.349012],[127.277886,36.349008],[127.277858,36.349041],[127.277711,36.349213],[127.277646,36.349287],[127.277418,36.349909],[127.277406,36.349914],[127.277088,36.350048],[127.276515,36.350748],[127.276414,36.35112],[127.276346,36.351122],[127.276105,36.351125],[127.275993,36.351212],[127.274886,36.35214],[127.274307,36.352842],[127.274163,36.352909],[127.274095,36.352944],[127.273928,36.353037],[127.273789,36.353136],[127.273644,36.35324],[127.273352,36.35333],[127.273348,36.353331],[127.273112,36.353496],[127.272986,36.353587],[127.272533,36.354075],[127.272491,36.354091],[127.272413,36.354123],[127.27247,36.354931],[127.272497,36.355015],[127.272515,36.355072],[127.272233,36.355622],[127.271885,36.35613],[127.271692,36.356403],[127.271145,36.357333],[127.271092,36.357423],[127.271092,36.357652],[127.271091,36.358227],[127.270933,36.358521],[127.270836,36.358701],[127.270838,36.358709],[127.270908,36.359012],[127.270911,36.359023],[127.27103,36.359537],[127.270993,36.360358],[127.2709,36.360467],[127.270569,36.360858],[127.270571,36.360861],[127.270666,36.361062],[127.270722,36.361177],[127.271074,36.361344],[127.271303,36.361453],[127.271374,36.361471],[127.271752,36.361566],[127.271852,36.361591],[127.271911,36.361609],[127.271914,36.36161],[127.271994,36.361732],[127.272,36.361759],[127.272014,36.361822],[127.272016,36.361827],[127.272055,36.361918],[127.27228,36.362455],[127.27235,36.362621],[127.272607,36.362721],[127.273253,36.362971],[127.273475,36.363097],[127.273528,36.363127],[127.273568,36.363144],[127.274307,36.363438],[127.274946,36.363693],[127.275556,36.363936],[127.275906,36.364083],[127.276047,36.364143],[127.276075,36.364178],[127.276185,36.364322],[127.27644,36.364399],[127.276531,36.364426],[127.276657,36.364466],[127.276723,36.364542],[127.276762,36.364587],[127.276826,36.364661],[127.276837,36.364674],[127.276887,36.364704],[127.277083,36.364822],[127.277229,36.364932],[127.277641,36.365258],[127.277644,36.365261],[127.27766,36.365276],[127.277675,36.36529],[127.277455,36.365714],[127.277451,36.365725],[127.277409,36.365835],[127.27741,36.365839],[127.27741,36.365847],[127.27742,36.365971],[127.277447,36.366335],[127.277327,36.36663],[127.277188,36.366976],[127.277172,36.367015],[127.277217,36.367177],[127.277237,36.36725],[127.277281,36.367397],[127.277087,36.368223],[127.27705,36.368377],[127.277432,36.368655],[127.277488,36.368695],[127.277549,36.368723],[127.277956,36.368901],[127.27866,36.369079],[127.278674,36.369086],[127.279315,36.369378],[127.279324,36.369383],[127.279347,36.369393],[127.279352,36.369395],[127.279331,36.369474],[127.279259,36.369753],[127.279272,36.370054],[127.279272,36.370055],[127.279284,36.37031],[127.279263,36.370453],[127.279235,36.370645],[127.279247,36.370707],[127.279335,36.371161],[127.279354,36.371262],[127.279382,36.371327],[127.27963,36.371912],[127.279797,36.372049],[127.279817,36.372065],[127.279883,36.372119],[127.279925,36.372302],[127.279993,36.372603],[127.280022,36.37273],[127.280117,36.372973],[127.280148,36.373052],[127.280212,36.373141],[127.28035,36.373334],[127.280552,36.37421],[127.28098,36.374787],[127.281037,36.374864],[127.281011,36.374905],[127.280997,36.374928],[127.280843,36.375177],[127.280641,36.3755],[127.280572,36.375611],[127.280557,36.375786],[127.280552,36.375843],[127.280542,36.375957],[127.280599,36.376179],[127.280663,36.376427],[127.28072,36.37682],[127.28047,36.377388],[127.280305,36.378696],[127.28008,36.378965],[127.279944,36.379021],[127.279762,36.379095],[127.279631,36.379173],[127.27941,36.379309],[127.279144,36.379474],[127.279032,36.379543],[127.278854,36.37991],[127.278872,36.380229],[127.278881,36.380403],[127.278962,36.381479],[127.278962,36.381479],[127.278975,36.38165],[127.278975,36.381651],[127.279005,36.382058],[127.280872,36.38198],[127.280983,36.38201],[127.281295,36.382095],[127.281399,36.382183],[127.281403,36.382187],[127.281864,36.382338],[127.282063,36.382321],[127.282147,36.382314],[127.282373,36.382405],[127.282609,36.3825],[127.283049,36.382861],[127.283497,36.382781],[127.283902,36.38285],[127.284314,36.38267],[127.284712,36.382339],[127.284757,36.382301],[127.284893,36.382295],[127.285045,36.382287],[127.285056,36.382287],[127.285093,36.382285],[127.285222,36.382223],[127.285253,36.382208],[127.285385,36.382142],[127.28678,36.382285],[127.286837,36.382291],[127.286969,36.382305],[127.287469,36.382057],[127.287836,36.38195],[127.287941,36.38192],[127.288351,36.381412],[127.289725,36.381002],[127.290918,36.381388],[127.291012,36.381533],[127.291748,36.381691],[127.291817,36.381706],[127.291891,36.38164],[127.291991,36.381552],[127.292081,36.381572],[127.292443,36.381654],[127.292577,36.381775],[127.292855,36.381797],[127.293007,36.381742],[127.293249,36.381381],[127.293829,36.381207],[127.294635,36.381021],[127.294816,36.380979],[127.294954,36.381061],[127.295252,36.381238],[127.295495,36.381147],[127.295521,36.381138],[127.29568,36.381188],[127.295873,36.381248],[127.296032,36.381299],[127.29607,36.381326],[127.296214,36.381427],[127.296466,36.38145],[127.296923,36.38159],[127.297373,36.381184],[127.297409,36.381152],[127.297427,36.381136],[127.297433,36.380977],[127.297434,36.380961],[127.297772,36.380763],[127.297945,36.380527],[127.298155,36.380243],[127.29851,36.380208],[127.299397,36.38058],[127.299501,36.380435],[127.299602,36.380293],[127.299462,36.379704],[127.299651,36.379501],[127.299101,36.378903],[127.299123,36.378754],[127.299141,36.378628],[127.299596,36.37783],[127.299875,36.377341],[127.299951,36.377208],[127.300167,36.377094],[127.300328,36.376759],[127.30033,36.376661],[127.300334,36.376389],[127.300343,36.375803],[127.300907,36.375162],[127.301429,36.375013],[127.30163,36.374955],[127.301763,36.374935],[127.302088,36.374604],[127.302287,36.374688],[127.302665,36.374693],[127.302844,36.374494],[127.302909,36.374464],[127.303412,36.374233],[127.30329,36.37364],[127.303291,36.373425],[127.303292,36.373115],[127.303214,36.372683],[127.30342,36.372689],[127.303854,36.37258],[127.304178,36.37247],[127.304642,36.372254],[127.305262,36.372396],[127.305315,36.372397],[127.305458,36.372512],[127.305479,36.372529],[127.305763,36.372756],[127.306517,36.372776],[127.306887,36.372786],[127.306892,36.372788],[127.307169,36.372864],[127.307458,36.372862],[127.307477,36.372794],[127.308128,36.373044],[127.308234,36.373085],[127.308376,36.373126],[127.308436,36.37316],[127.30856,36.37323],[127.308617,36.373262],[127.30862,36.373265],[127.308665,36.373268],[127.30875,36.373275],[127.308832,36.373211],[127.309087,36.373157],[127.309643,36.373386],[127.30992,36.373452],[127.310042,36.373254],[127.31008,36.373192],[127.310186,36.373021],[127.310213,36.372893],[127.310018,36.372666],[127.309919,36.372446],[127.309891,36.372261],[127.30998,36.37212],[127.310149,36.372013],[127.310283,36.371909],[127.310506,36.371618],[127.310652,36.371504],[127.310654,36.371505],[127.311113,36.371634],[127.311785,36.372022],[127.31216,36.372085],[127.312537,36.372318],[127.312552,36.372327],[127.312674,36.372471],[127.312679,36.372476],[127.313167,36.372412],[127.313507,36.372508],[127.313809,36.372511],[127.313988,36.372467],[127.31428,36.372398],[127.314395,36.372312],[127.314403,36.372305],[127.314688,36.372322],[127.315033,36.372341],[127.315167,36.372349],[127.315172,36.372349],[127.315315,36.372358],[127.315458,36.372367],[127.315367,36.372536],[127.315312,36.372639],[127.315265,36.37272],[127.315258,36.372732],[127.315052,36.373046],[127.315048,36.373064],[127.315055,36.373075],[127.315049,36.373081],[127.315046,36.373162],[127.315042,36.373258],[127.31503,36.373333],[127.315027,36.373375],[127.315027,36.373376],[127.31501,36.373605],[127.314987,36.373846],[127.314984,36.373878],[127.314983,36.373891],[127.31498,36.373941],[127.314974,36.373972],[127.314969,36.374023],[127.314967,36.374035],[127.314948,36.374229],[127.314923,36.374469],[127.314913,36.374597],[127.314888,36.374721],[127.314885,36.374736],[127.314876,36.374784],[127.314786,36.3749],[127.314546,36.375012],[127.314474,36.375087],[127.314512,36.375215],[127.314551,36.375267],[127.314576,36.375302],[127.314662,36.375356],[127.314672,36.375363],[127.314723,36.375375],[127.314848,36.375359],[127.314882,36.375359],[127.315058,36.375458],[127.315061,36.375479],[127.315068,36.375522],[127.315073,36.375554],[127.315074,36.375561],[127.315049,36.375627],[127.314959,36.375863],[127.314914,36.375973],[127.314856,36.376113],[127.315068,36.376112],[127.315136,36.376112],[127.315231,36.376112],[127.315569,36.376111],[127.315971,36.37611],[127.316439,36.376108],[127.316554,36.376108],[127.31679,36.376107],[127.317164,36.376106],[127.31737,36.376143],[127.317526,36.376143],[127.317593,36.376142],[127.317892,36.376137],[127.318199,36.376131],[127.318261,36.376131],[127.318267,36.376131],[127.318518,36.37613],[127.318617,36.376103],[127.318773,36.376103],[127.319165,36.376102],[127.319234,36.376101],[127.319357,36.376117],[127.319437,36.376127],[127.319554,36.376127],[127.319643,36.376127],[127.31966,36.376127],[127.319821,36.376126],[127.319953,36.3761],[127.320286,36.376099],[127.320432,36.376098],[127.320563,36.376098],[127.320623,36.376098],[127.320791,36.376097],[127.321155,36.376096],[127.321224,36.376096],[127.32124,36.376096],[127.321652,36.376095],[127.321834,36.376094],[127.321937,36.376094],[127.322408,36.376093],[127.322579,36.376116],[127.322731,36.376136],[127.324116,36.376698],[127.324283,36.376807],[127.324505,36.376895],[127.324551,36.376996],[127.324663,36.376777],[127.324886,36.376908],[127.324966,36.376955],[127.325048,36.377003],[127.325157,36.377184],[127.325159,36.37718],[127.325214,36.377232],[127.325239,36.377257],[127.32525,36.37726],[127.325355,36.377369],[127.325374,36.377389],[127.325379,36.377396],[127.325467,36.377522],[127.325503,36.377572],[127.325795,36.378048],[127.325836,36.378113],[127.325941,36.378282],[127.325951,36.378298],[127.326162,36.378627],[127.326471,36.379108],[127.326523,36.379191],[127.32661,36.379326],[127.327267,36.380351],[127.327312,36.380421],[127.327337,36.380459],[127.327415,36.380582],[127.327464,36.380657],[127.327503,36.380676],[127.32757,36.380674],[127.327711,36.380672],[127.327752,36.380671],[127.328072,36.380664],[127.32811,36.380663],[127.328154,36.380771],[127.3282,36.380852],[127.328227,36.3809],[127.328227,36.380901],[127.328232,36.380911],[127.328236,36.38092],[127.328256,36.380956],[127.328273,36.380988],[127.328285,36.381013],[127.3283,36.381045],[127.328313,36.381076],[127.328347,36.381135],[127.32835,36.381142],[127.328382,36.381203],[127.328391,36.38122],[127.328409,36.381279],[127.328427,36.381338],[127.328426,36.381546],[127.328435,36.38158],[127.328453,36.381648],[127.328552,36.381659],[127.328688,36.381669],[127.328779,36.381675],[127.328873,36.381681],[127.328886,36.381699],[127.328905,36.381729],[127.328912,36.381739],[127.328909,36.381753],[127.328904,36.381771],[127.328901,36.381784],[127.328904,36.381812],[127.328906,36.381823],[127.328908,36.381846],[127.328909,36.381848],[127.328913,36.381891],[127.328975,36.381926],[127.328976,36.381927],[127.328981,36.381948],[127.328984,36.381959],[127.328991,36.381985],[127.329004,36.382031],[127.32902,36.382084],[127.329051,36.382091],[127.329057,36.382092],[127.329131,36.382108],[127.329222,36.382155],[127.329261,36.382177],[127.329344,36.382243],[127.329397,36.382243],[127.329425,36.382304],[127.329429,36.382318],[127.329434,36.382353],[127.329441,36.382398],[127.329398,36.382466],[127.329411,36.382545],[127.329416,36.38257],[127.329395,36.382643],[127.329401,36.382699],[127.329411,36.38283],[127.329414,36.382867],[127.329418,36.382911],[127.329403,36.383076],[127.329388,36.383243],[127.329386,36.383352],[127.329383,36.383522],[127.329383,36.383531],[127.329554,36.383676],[127.329798,36.383988],[127.330252,36.383959],[127.330284,36.383957],[127.330419,36.383949],[127.330701,36.383932],[127.330937,36.384054],[127.331384,36.384283],[127.331737,36.384239],[127.331878,36.384226],[127.332023,36.384212],[127.332349,36.38418],[127.332369,36.384171],[127.332431,36.384144],[127.332666,36.384044],[127.332737,36.383962],[127.332828,36.383852],[127.333003,36.383766],[127.333107,36.383714],[127.33331,36.38452],[127.333339,36.384633],[127.33334,36.384629],[127.333353,36.384576],[127.333356,36.384566],[127.333381,36.384541],[127.33384,36.384092],[127.33391,36.384023],[127.334297,36.383775],[127.334356,36.383725]]]}},{"type":"Feature","properties":{"ADM_CD":"25040610","dong":"구즉동"},"geometry":{"type":"Polygon","coordinates":[[[127.398922,36.489105],[127.400105,36.488036],[127.400128,36.488016],[127.400163,36.487984],[127.400536,36.487654],[127.401107,36.48715],[127.401133,36.487127],[127.401486,36.486817],[127.401505,36.4868],[127.40169,36.48664],[127.402055,36.486323],[127.402371,36.486049],[127.402444,36.485985],[127.402482,36.485951],[127.403014,36.485484],[127.40302,36.48546],[127.403179,36.48484],[127.40321,36.484722],[127.403292,36.484406],[127.40358,36.483296],[127.403769,36.482569],[127.403956,36.481845],[127.404144,36.481114],[127.404162,36.480988],[127.404163,36.480917],[127.404163,36.480504],[127.404163,36.479944],[127.404163,36.479834],[127.404163,36.479829],[127.404162,36.477721],[127.404162,36.47751],[127.404162,36.477236],[127.40416,36.476569],[127.40416,36.476568],[127.403749,36.475739],[127.403431,36.475098],[127.403315,36.474864],[127.403305,36.474845],[127.402838,36.473909],[127.402734,36.473703],[127.402634,36.473507],[127.402494,36.473223],[127.402268,36.472771],[127.402162,36.472558],[127.402036,36.472302],[127.401944,36.471837],[127.401635,36.470309],[127.401479,36.469528],[127.401438,36.46932],[127.401268,36.468444],[127.401049,36.467347],[127.401238,36.466706],[127.401341,36.466296],[127.401374,36.465938],[127.401384,36.465545],[127.401353,36.464934],[127.401348,36.464862],[127.401335,36.46467],[127.401316,36.464526],[127.401298,36.464393],[127.401268,36.464201],[127.401216,36.463911],[127.401233,36.463502],[127.401319,36.463101],[127.401393,36.462667],[127.401347,36.462669],[127.400689,36.462692],[127.400443,36.462694],[127.400011,36.462699],[127.399207,36.462682],[127.399203,36.462682],[127.399203,36.462681],[127.399293,36.462304],[127.399377,36.46223],[127.399496,36.46212],[127.399677,36.461837],[127.399699,36.461532],[127.399762,36.46128],[127.399858,36.46068],[127.399964,36.460467],[127.399938,36.460176],[127.399949,36.4598],[127.399946,36.459576],[127.399951,36.45918],[127.399933,36.458906],[127.3999,36.458589],[127.399787,36.458215],[127.399778,36.457954],[127.399715,36.4578],[127.399722,36.457653],[127.399727,36.457538],[127.400063,36.457542],[127.400903,36.457567],[127.401437,36.456704],[127.401889,36.456231],[127.402085,36.45604],[127.401919,36.45589],[127.401899,36.45587],[127.401599,36.455597],[127.401421,36.455435],[127.401122,36.455166],[127.400984,36.455041],[127.400833,36.454901],[127.400796,36.454869],[127.400649,36.454736],[127.400543,36.454641],[127.400468,36.454574],[127.400454,36.454558],[127.400399,36.4545],[127.400338,36.454457],[127.400123,36.454307],[127.399971,36.454196],[127.399857,36.454113],[127.399686,36.453966],[127.399461,36.453771],[127.399374,36.453699],[127.399349,36.453678],[127.399159,36.453493],[127.399128,36.453452],[127.399025,36.453319],[127.398786,36.453009],[127.398603,36.452773],[127.398582,36.452752],[127.398576,36.452747],[127.398392,36.452561],[127.398382,36.45255],[127.398247,36.452416],[127.398133,36.452304],[127.398086,36.452262],[127.397958,36.452149],[127.397091,36.451278],[127.396952,36.451138],[127.396939,36.451125],[127.39679,36.451108],[127.396203,36.451068],[127.396006,36.451055],[127.395832,36.451043],[127.395742,36.451038],[127.395243,36.450943],[127.395022,36.450893],[127.394685,36.450818],[127.394618,36.450806],[127.394614,36.450805],[127.394465,36.450751],[127.39425,36.450672],[127.394076,36.450608],[127.393977,36.450572],[127.393529,36.45036],[127.393328,36.450202],[127.392799,36.449782],[127.392664,36.449672],[127.392446,36.449478],[127.392205,36.449263],[127.39205,36.449079],[127.391956,36.448965],[127.391954,36.448963],[127.391882,36.448857],[127.391832,36.448783],[127.391785,36.448722],[127.391779,36.448714],[127.391751,36.448609],[127.391675,36.448321],[127.391611,36.448181],[127.391558,36.448066],[127.391389,36.447698],[127.391194,36.447243],[127.391164,36.447204],[127.39098,36.446951],[127.390758,36.446737],[127.390732,36.446712],[127.390665,36.44665],[127.390641,36.446627],[127.39064,36.446626],[127.390615,36.446603],[127.390605,36.446585],[127.390558,36.446508],[127.39052,36.446454],[127.390517,36.44645],[127.390503,36.44643],[127.390367,36.446282],[127.390251,36.446168],[127.390147,36.446065],[127.389996,36.445841],[127.389994,36.445839],[127.389832,36.445605],[127.389636,36.445364],[127.38952,36.445159],[127.389509,36.445129],[127.389504,36.445117],[127.389489,36.445062],[127.389468,36.444988],[127.389445,36.44491],[127.389435,36.444821],[127.38941,36.444643],[127.389358,36.444434],[127.38935,36.444387],[127.389333,36.444289],[127.389303,36.444118],[127.389322,36.443882],[127.389316,36.443873],[127.389323,36.443871],[127.389348,36.443533],[127.389341,36.443397],[127.389337,36.443329],[127.389337,36.443311],[127.389337,36.443286],[127.389335,36.443181],[127.389334,36.443101],[127.389334,36.443067],[127.389334,36.442999],[127.389334,36.442964],[127.389334,36.442892],[127.389333,36.442847],[127.389333,36.442761],[127.389333,36.442759],[127.389335,36.442745],[127.389348,36.44266],[127.389364,36.442558],[127.389364,36.442556],[127.389393,36.442369],[127.389443,36.442046],[127.389491,36.44187],[127.389466,36.441846],[127.389602,36.441672],[127.38978,36.441444],[127.38987,36.441323],[127.389908,36.441243],[127.389968,36.441121],[127.389957,36.441095],[127.390025,36.440969],[127.39003,36.440958],[127.390164,36.440745],[127.390192,36.440653],[127.390261,36.440444],[127.390306,36.440327],[127.390344,36.440217],[127.390351,36.440198],[127.390406,36.440039],[127.390447,36.43992],[127.39045,36.43991],[127.390493,36.439791],[127.390562,36.439668],[127.39059,36.439663],[127.390663,36.439652],[127.390664,36.439651],[127.390732,36.439583],[127.390732,36.439582],[127.390701,36.439546],[127.390821,36.439433],[127.390844,36.4394],[127.390846,36.439397],[127.390874,36.439353],[127.390882,36.439341],[127.390936,36.439255],[127.390952,36.439229],[127.390953,36.439227],[127.391024,36.439154],[127.391034,36.439144],[127.391151,36.439026],[127.391164,36.439014],[127.391187,36.438916],[127.391192,36.43889],[127.391217,36.438784],[127.391218,36.438784],[127.391412,36.438667],[127.391461,36.438645],[127.391498,36.438629],[127.391547,36.438606],[127.391607,36.43858],[127.39177,36.438504],[127.391796,36.438492],[127.391994,36.438401],[127.392254,36.438286],[127.392306,36.438263],[127.392422,36.438207],[127.392721,36.438094],[127.393047,36.437934],[127.3934,36.437818],[127.393438,36.437805],[127.393486,36.437782],[127.393532,36.437758],[127.393608,36.437719],[127.393698,36.437675],[127.39386,36.437594],[127.393856,36.437448],[127.393856,36.437445],[127.393747,36.437366],[127.393707,36.4373],[127.393638,36.437249],[127.393601,36.437221],[127.393574,36.437206],[127.393566,36.437202],[127.393483,36.437153],[127.393243,36.437029],[127.39298,36.43692],[127.392737,36.436788],[127.392657,36.436725],[127.392606,36.436646],[127.392585,36.436595],[127.392558,36.436484],[127.392494,36.436368],[127.392444,36.436307],[127.392388,36.436145],[127.392382,36.436115],[127.392348,36.435949],[127.392318,36.435826],[127.392257,36.43586],[127.392194,36.435896],[127.392035,36.435986],[127.392023,36.435993],[127.391953,36.436032],[127.391947,36.436036],[127.39188,36.436074],[127.391823,36.436106],[127.391818,36.436108],[127.391769,36.436136],[127.391765,36.436134],[127.391612,36.436028],[127.391013,36.435616],[127.390041,36.434947],[127.389755,36.434749],[127.389555,36.434612],[127.389491,36.434571],[127.389434,36.434532],[127.389338,36.434466],[127.389085,36.434268],[127.389042,36.434235],[127.388948,36.434145],[127.388843,36.434035],[127.388829,36.434014],[127.388799,36.433969],[127.388787,36.433951],[127.38873,36.433844],[127.388484,36.433322],[127.388403,36.433152],[127.388358,36.433049],[127.388329,36.43299],[127.388262,36.432851],[127.388245,36.432829],[127.388169,36.432667],[127.388019,36.432344],[127.387893,36.432076],[127.387893,36.432065],[127.387887,36.432064],[127.387836,36.431957],[127.387427,36.431086],[127.387294,36.430803],[127.387204,36.43061],[127.387019,36.43023],[127.386768,36.429712],[127.386597,36.42936],[127.386564,36.429289],[127.386363,36.428864],[127.386229,36.428579],[127.386228,36.428577],[127.386213,36.428546],[127.386149,36.428409],[127.386041,36.428181],[127.385885,36.427851],[127.385883,36.427846],[127.385879,36.427803],[127.385773,36.427562],[127.385772,36.42756],[127.385759,36.427529],[127.385716,36.427432],[127.385685,36.427431],[127.385639,36.42743],[127.385598,36.42734],[127.385589,36.42732],[127.385588,36.427318],[127.385536,36.427206],[127.385205,36.426486],[127.385137,36.426339],[127.385129,36.426321],[127.384855,36.425726],[127.384854,36.425724],[127.384656,36.425293],[127.384611,36.425195],[127.384553,36.425069],[127.384552,36.425066],[127.384536,36.425032],[127.384533,36.425025],[127.384527,36.425013],[127.384502,36.424957],[127.384491,36.424935],[127.384489,36.42493],[127.384484,36.424918],[127.384527,36.424866],[127.384495,36.424798],[127.384481,36.424767],[127.384459,36.424719],[127.384458,36.424717],[127.38444,36.424677],[127.384429,36.424653],[127.384428,36.424651],[127.38442,36.424634],[127.384296,36.424352],[127.384275,36.424319],[127.38421,36.424188],[127.38419,36.424147],[127.384156,36.424059],[127.384128,36.423997],[127.3841,36.423935],[127.384086,36.423907],[127.384076,36.423885],[127.384063,36.42386],[127.384051,36.423835],[127.384029,36.423791],[127.384027,36.423787],[127.384026,36.423784],[127.384015,36.423762],[127.38404,36.423771],[127.384053,36.423753],[127.383993,36.423702],[127.383975,36.423687],[127.38391,36.423632],[127.383902,36.423618],[127.38387,36.423563],[127.383858,36.423541],[127.383852,36.423532],[127.383777,36.4234],[127.383684,36.423348],[127.383573,36.423205],[127.383568,36.423199],[127.383533,36.423154],[127.383536,36.423152],[127.383539,36.42315],[127.383495,36.423103],[127.383425,36.423028],[127.383342,36.422939],[127.383255,36.422845],[127.383247,36.422837],[127.383188,36.422774],[127.383,36.422573],[127.382652,36.4222],[127.382406,36.421942],[127.381983,36.421499],[127.381872,36.421382],[127.381815,36.421386],[127.381778,36.421385],[127.381726,36.421383],[127.38171,36.421383],[127.381664,36.421382],[127.381639,36.421381],[127.38162,36.421389],[127.381597,36.421398],[127.381583,36.421404],[127.381427,36.421467],[127.381332,36.421506],[127.381077,36.42161],[127.380814,36.421717],[127.380677,36.421759],[127.380442,36.421915],[127.379986,36.421971],[127.379967,36.421992],[127.379917,36.422045],[127.379615,36.422372],[127.379577,36.422413],[127.379552,36.42244],[127.379531,36.422463],[127.379511,36.422484],[127.379237,36.422685],[127.379062,36.422817],[127.37904,36.422833],[127.379039,36.422834],[127.379016,36.422851],[127.378999,36.422846],[127.378391,36.422691],[127.378203,36.422845],[127.378687,36.42331],[127.378593,36.424046],[127.378907,36.424502],[127.379278,36.424873],[127.378765,36.425378],[127.37828,36.425398],[127.378246,36.425621],[127.378011,36.426473],[127.378002,36.426506],[127.377808,36.42666],[127.377615,36.426599],[127.377357,36.42665],[127.377189,36.426702],[127.377141,36.426698],[127.377025,36.426858],[127.376935,36.427206],[127.376892,36.42733],[127.376878,36.427384],[127.376844,36.427514],[127.376791,36.427717],[127.376743,36.427755],[127.376611,36.427861],[127.37629,36.427984],[127.376222,36.42801],[127.376157,36.428035],[127.376065,36.42807],[127.376055,36.428074],[127.376034,36.428173],[127.37601,36.428283],[127.375986,36.42839],[127.375939,36.428607],[127.375939,36.428608],[127.375918,36.428703],[127.375909,36.428745],[127.375889,36.428916],[127.375334,36.42924],[127.375278,36.429356],[127.375216,36.429476],[127.374864,36.429868],[127.373708,36.431156],[127.373696,36.431169],[127.373704,36.431175],[127.373712,36.431181],[127.374047,36.431492],[127.374018,36.431661],[127.373943,36.431806],[127.374216,36.43266],[127.374183,36.432719],[127.374086,36.432892],[127.374048,36.432944],[127.373779,36.433315],[127.373664,36.433345],[127.373554,36.433347],[127.373517,36.433381],[127.373266,36.433612],[127.372975,36.433675],[127.372595,36.433832],[127.372217,36.434391],[127.372025,36.434493],[127.371874,36.434572],[127.372003,36.435075],[127.371861,36.435508],[127.371623,36.435476],[127.37142,36.435448],[127.371268,36.435408],[127.370991,36.435336],[127.370901,36.435306],[127.370704,36.435257],[127.370372,36.435162],[127.369989,36.435053],[127.369919,36.434832],[127.369859,36.434607],[127.369713,36.434425],[127.36957,36.434233],[127.369415,36.434185],[127.369355,36.434159],[127.369184,36.434114],[127.368991,36.434087],[127.368874,36.434079],[127.368708,36.434066],[127.368655,36.434057],[127.368605,36.434048],[127.368333,36.434144],[127.368199,36.434153],[127.368018,36.434159],[127.367776,36.433977],[127.367718,36.433889],[127.367699,36.433851],[127.367388,36.433542],[127.367289,36.433549],[127.367233,36.433557],[127.367007,36.43358],[127.366913,36.433551],[127.366465,36.433385],[127.366432,36.433374],[127.366347,36.433372],[127.366144,36.433297],[127.365964,36.43297],[127.366004,36.43229],[127.365955,36.431994],[127.366353,36.431528],[127.365953,36.431116],[127.365763,36.430985],[127.365444,36.430513],[127.365433,36.430508],[127.365305,36.430446],[127.36494,36.430469],[127.364878,36.430473],[127.364797,36.430558],[127.364581,36.43078],[127.364457,36.430912],[127.364136,36.431428],[127.363836,36.431914],[127.363532,36.432044],[127.363372,36.432113],[127.363106,36.432228],[127.363008,36.432407],[127.362875,36.432642],[127.362787,36.432665],[127.362616,36.432699],[127.362447,36.432737],[127.362312,36.432841],[127.362218,36.432905],[127.362216,36.432906],[127.362136,36.433055],[127.362016,36.43327],[127.361719,36.433817],[127.36147,36.434009],[127.361296,36.434155],[127.361172,36.434146],[127.36112,36.434143],[127.361065,36.43414],[127.360853,36.434127],[127.360781,36.434124],[127.359915,36.434088],[127.359505,36.433811],[127.35939,36.433619],[127.358821,36.433628],[127.357685,36.433595],[127.357478,36.433729],[127.357304,36.433661],[127.357307,36.433647],[127.35734,36.433467],[127.35723,36.433413],[127.356261,36.43298],[127.356101,36.432611],[127.355769,36.43235],[127.355318,36.43223],[127.354827,36.431772],[127.354604,36.431724],[127.353805,36.431535],[127.352715,36.431063],[127.352597,36.430938],[127.352372,36.430701],[127.352363,36.430688],[127.352078,36.430271],[127.351944,36.430078],[127.351698,36.429728],[127.35133,36.429242],[127.351304,36.4291],[127.351273,36.428924],[127.351236,36.428716],[127.351229,36.428675],[127.351219,36.42862],[127.351206,36.428619],[127.351159,36.428618],[127.35062,36.428597],[127.350417,36.428661],[127.350109,36.428762],[127.349636,36.428661],[127.349337,36.428604],[127.349287,36.428579],[127.348878,36.4288],[127.348588,36.42897],[127.348107,36.428963],[127.348026,36.428962],[127.347287,36.429085],[127.347135,36.429108],[127.346628,36.429194],[127.346372,36.429158],[127.346276,36.429163],[127.346257,36.429164],[127.345904,36.429191],[127.345768,36.429199],[127.345667,36.429258],[127.345396,36.429419],[127.345068,36.429612],[127.344615,36.429846],[127.344195,36.429931],[127.343972,36.429971],[127.343734,36.430035],[127.343698,36.430039],[127.343183,36.430428],[127.343045,36.430498],[127.342921,36.430552],[127.342887,36.43059],[127.342752,36.430762],[127.342352,36.430636],[127.342337,36.430631],[127.342113,36.430557],[127.341666,36.430755],[127.341061,36.430814],[127.341022,36.430924],[127.341005,36.430969],[127.340857,36.431382],[127.340816,36.431724],[127.340594,36.432228],[127.340595,36.432232],[127.340675,36.432533],[127.340675,36.432544],[127.34068,36.432656],[127.340682,36.432698],[127.340686,36.432821],[127.340687,36.432843],[127.340689,36.432898],[127.340639,36.433003],[127.340587,36.433098],[127.340478,36.433317],[127.340477,36.433317],[127.340503,36.433656],[127.340506,36.433689],[127.340508,36.433719],[127.340542,36.434119],[127.340686,36.434481],[127.340702,36.434523],[127.340778,36.434711],[127.34071,36.43486],[127.340437,36.435516],[127.340354,36.435693],[127.340349,36.435703],[127.340348,36.435705],[127.340337,36.435729],[127.340252,36.435841],[127.340147,36.435973],[127.340157,36.436119],[127.34016,36.436154],[127.34016,36.43616],[127.340286,36.43624],[127.340626,36.436455],[127.340907,36.436629],[127.340896,36.436878],[127.340901,36.436882],[127.341014,36.43699],[127.341293,36.437282],[127.341317,36.437323],[127.341321,36.43733],[127.341381,36.437431],[127.341447,36.437541],[127.341497,36.437633],[127.341593,36.437845],[127.341597,36.437853],[127.341664,36.43799],[127.341667,36.437996],[127.341668,36.437997],[127.341684,36.437998],[127.34214,36.438031],[127.342199,36.438035],[127.342236,36.438018],[127.342316,36.437991],[127.34256,36.437889],[127.342577,36.437882],[127.34264,36.438017],[127.342655,36.438051],[127.342926,36.43845],[127.343107,36.438729],[127.343107,36.43873],[127.343066,36.438889],[127.343055,36.438932],[127.34302,36.439078],[127.343037,36.43936],[127.343056,36.439588],[127.343139,36.439914],[127.343144,36.439945],[127.34319,36.440245],[127.343506,36.4408],[127.343725,36.441196],[127.343727,36.441201],[127.343725,36.441359],[127.343724,36.44144],[127.343952,36.44178],[127.344015,36.442172],[127.344094,36.442661],[127.34428,36.443291],[127.34463,36.44346],[127.344635,36.443558],[127.344651,36.4438],[127.344677,36.443854],[127.344683,36.443946],[127.344895,36.444415],[127.345366,36.444529],[127.34573,36.444839],[127.346095,36.445151],[127.346267,36.445411],[127.346466,36.445735],[127.346571,36.445801],[127.346705,36.445885],[127.346834,36.445967],[127.346949,36.446052],[127.347388,36.446402],[127.347566,36.446433],[127.348101,36.446526],[127.348328,36.446604],[127.348979,36.446988],[127.348957,36.447072],[127.349068,36.447182],[127.349043,36.44728],[127.349744,36.447986],[127.350241,36.447902],[127.350817,36.447798],[127.350896,36.447819],[127.351391,36.447947],[127.351946,36.447794],[127.352601,36.447617],[127.352922,36.447649],[127.353233,36.447786],[127.353416,36.447872],[127.353602,36.448099],[127.353759,36.448294],[127.353814,36.448363],[127.353957,36.448539],[127.353953,36.448746],[127.354006,36.448846],[127.354114,36.449054],[127.354266,36.449132],[127.354272,36.449156],[127.354333,36.449445],[127.354344,36.449507],[127.354461,36.449574],[127.354498,36.449594],[127.355138,36.449958],[127.35533,36.449935],[127.355684,36.450186],[127.355799,36.450273],[127.355872,36.450434],[127.355874,36.450437],[127.355882,36.450455],[127.356004,36.450729],[127.356129,36.451018],[127.356016,36.451234],[127.355837,36.451578],[127.355846,36.451623],[127.35589,36.451755],[127.355941,36.451939],[127.356003,36.452138],[127.356021,36.452203],[127.356096,36.452465],[127.35612,36.452539],[127.356068,36.452694],[127.356066,36.452701],[127.355888,36.453192],[127.355761,36.453557],[127.355962,36.453868],[127.355968,36.453878],[127.356002,36.45393],[127.356053,36.453934],[127.356339,36.453954],[127.356557,36.453966],[127.356895,36.454145],[127.35728,36.454321],[127.357463,36.454401],[127.357558,36.454443],[127.35756,36.454445],[127.35768,36.454598],[127.357702,36.454626],[127.357878,36.454849],[127.357973,36.455155],[127.358065,36.455448],[127.358361,36.455687],[127.358621,36.455896],[127.35862,36.455901],[127.358609,36.455934],[127.35838,36.456656],[127.358379,36.456659],[127.358377,36.456664],[127.358374,36.456665],[127.358114,36.456766],[127.358094,36.456795],[127.358087,36.456797],[127.357908,36.457051],[127.357918,36.457162],[127.357939,36.457404],[127.357831,36.45766],[127.357802,36.457729],[127.357767,36.458008],[127.357754,36.458112],[127.357419,36.458265],[127.357346,36.458299],[127.35704,36.458536],[127.356794,36.458721],[127.356792,36.458728],[127.356786,36.458743],[127.356746,36.458852],[127.356712,36.458945],[127.356736,36.459003],[127.356912,36.459422],[127.356871,36.459538],[127.356785,36.459769],[127.356808,36.459789],[127.356858,36.459837],[127.356885,36.459864],[127.356895,36.459873],[127.356939,36.459913],[127.356984,36.459952],[127.357029,36.46033],[127.357032,36.460346],[127.357095,36.460723],[127.357661,36.461479],[127.357657,36.461481],[127.357171,36.461723],[127.35716,36.461791],[127.357062,36.46238],[127.357031,36.462562],[127.356884,36.462782],[127.356565,36.463267],[127.356525,36.463328],[127.356513,36.463346],[127.356407,36.463506],[127.356367,36.463567],[127.356209,36.463804],[127.35614,36.463908],[127.356129,36.463926],[127.356069,36.464015],[127.356738,36.464517],[127.356785,36.464496],[127.357228,36.464305],[127.35723,36.464307],[127.357231,36.464306],[127.357574,36.464573],[127.357909,36.464831],[127.35855,36.465057],[127.358558,36.46506],[127.358595,36.464971],[127.358765,36.465],[127.35877,36.465],[127.358822,36.465068],[127.35883,36.46508],[127.358958,36.465247],[127.359049,36.465369],[127.359134,36.465457],[127.359224,36.465551],[127.359337,36.465668],[127.359434,36.465816],[127.359523,36.465955],[127.359588,36.466056],[127.359644,36.466143],[127.359623,36.466235],[127.359588,36.466393],[127.359574,36.466455],[127.359561,36.466511],[127.359547,36.466559],[127.359527,36.466616],[127.359496,36.466715],[127.359471,36.466791],[127.359456,36.466838],[127.359428,36.466901],[127.359365,36.467074],[127.359347,36.467124],[127.359343,36.467131],[127.359249,36.46725],[127.359304,36.467295],[127.359307,36.467296],[127.359197,36.467402],[127.359061,36.46755],[127.359003,36.46761],[127.359257,36.467823],[127.359345,36.467897],[127.359719,36.468207],[127.359725,36.468212],[127.359732,36.468394],[127.359732,36.468549],[127.359775,36.468619],[127.359874,36.46878],[127.35995,36.468901],[127.360016,36.469007],[127.360018,36.46901],[127.359937,36.46931],[127.359792,36.469832],[127.359922,36.469892],[127.360109,36.469979],[127.360322,36.470079],[127.360407,36.470151],[127.360443,36.470183],[127.360549,36.470274],[127.360772,36.470462],[127.361202,36.470601],[127.361521,36.470705],[127.361547,36.470702],[127.361968,36.470651],[127.362217,36.470622],[127.36226,36.470654],[127.362347,36.470719],[127.362197,36.470993],[127.362158,36.471064],[127.362093,36.471198],[127.362073,36.471354],[127.362048,36.471593],[127.362031,36.47174],[127.362249,36.471892],[127.362264,36.471923],[127.362465,36.472307],[127.362532,36.472442],[127.362628,36.472652],[127.362724,36.472872],[127.362813,36.473176],[127.362926,36.473584],[127.363061,36.473671],[127.363388,36.473867],[127.363393,36.47387],[127.363431,36.473906],[127.363432,36.473907],[127.363584,36.474035],[127.363609,36.474057],[127.363635,36.474082],[127.363663,36.474109],[127.363701,36.474135],[127.363753,36.474173],[127.363852,36.474361],[127.363871,36.474426],[127.363875,36.474439],[127.363929,36.474624],[127.363973,36.474772],[127.363986,36.474817],[127.363987,36.4749],[127.363987,36.474927],[127.363985,36.474935],[127.363952,36.475033],[127.36395,36.475038],[127.363922,36.475117],[127.363887,36.475211],[127.363884,36.475221],[127.363851,36.475245],[127.363016,36.475801],[127.362898,36.475919],[127.362879,36.475926],[127.362861,36.475934],[127.362847,36.47594],[127.362825,36.475949],[127.362826,36.475942],[127.362819,36.47594],[127.362721,36.475915],[127.36271,36.47592],[127.362654,36.475945],[127.362584,36.475976],[127.362575,36.475979],[127.362518,36.475994],[127.362514,36.475994],[127.362464,36.476001],[127.362414,36.476068],[127.362373,36.476091],[127.362362,36.476102],[127.362324,36.47614],[127.362321,36.476144],[127.362312,36.476152],[127.362303,36.476159],[127.362302,36.47616],[127.362282,36.476191],[127.362254,36.476234],[127.362224,36.47628],[127.362216,36.476302],[127.362201,36.476341],[127.362201,36.476342],[127.362213,36.476453],[127.362208,36.476479],[127.362204,36.476493],[127.362193,36.47655],[127.362182,36.476602],[127.36213,36.476633],[127.362112,36.476644],[127.362089,36.476676],[127.362072,36.476702],[127.362059,36.476713],[127.36203,36.476737],[127.362013,36.476718],[127.361986,36.476688],[127.361944,36.476656],[127.361941,36.476656],[127.361899,36.476651],[127.361875,36.476654],[127.361862,36.476655],[127.361842,36.476657],[127.361856,36.476665],[127.361892,36.476683],[127.361954,36.476717],[127.361975,36.47674],[127.361986,36.476752],[127.361958,36.476775],[127.361949,36.47681],[127.361948,36.476812],[127.361912,36.476823],[127.361904,36.476851],[127.361893,36.476889],[127.361873,36.476904],[127.361853,36.476918],[127.361826,36.476938],[127.361762,36.476986],[127.36172,36.477003],[127.361698,36.476989],[127.361666,36.476969],[127.361653,36.476962],[127.361646,36.476957],[127.361628,36.476976],[127.361582,36.477023],[127.361572,36.477065],[127.361569,36.477081],[127.361562,36.477108],[127.361555,36.477117],[127.361534,36.477149],[127.361504,36.477198],[127.361495,36.477228],[127.361488,36.477255],[127.361482,36.477274],[127.361469,36.477317],[127.361439,36.477346],[127.361422,36.47736],[127.36141,36.477371],[127.36141,36.477374],[127.361407,36.477384],[127.361402,36.477408],[127.361383,36.477497],[127.361381,36.477505],[127.361363,36.477538],[127.36136,36.477544],[127.361359,36.477546],[127.361343,36.477582],[127.36132,36.477635],[127.361318,36.477635],[127.3613,36.477647],[127.361271,36.477668],[127.361251,36.477684],[127.361226,36.47781],[127.361215,36.477818],[127.361158,36.477858],[127.361152,36.477862],[127.361155,36.477884],[127.361155,36.477885],[127.361156,36.477894],[127.361162,36.47793],[127.361144,36.47799],[127.361143,36.477994],[127.361105,36.47812],[127.361104,36.478122],[127.361089,36.478173],[127.360929,36.478305],[127.360911,36.47832],[127.360908,36.478322],[127.360903,36.478327],[127.360781,36.478432],[127.360589,36.478596],[127.360511,36.478842],[127.360444,36.479065],[127.360439,36.479207],[127.360467,36.479373],[127.360608,36.479637],[127.360773,36.479946],[127.360775,36.479989],[127.360783,36.480143],[127.36079,36.480361],[127.360823,36.480596],[127.360615,36.480964],[127.360504,36.481146],[127.36031,36.481472],[127.360277,36.481563],[127.360259,36.481611],[127.360132,36.481659],[127.36002,36.481692],[127.360003,36.481697],[127.359958,36.481726],[127.359902,36.48176],[127.359644,36.481819],[127.359626,36.481823],[127.35934,36.482065],[127.359288,36.482074],[127.359254,36.482079],[127.35915,36.482097],[127.359137,36.482099],[127.359137,36.482102],[127.359132,36.482146],[127.359112,36.482153],[127.359084,36.482163],[127.359053,36.482164],[127.359024,36.482165],[127.359028,36.482172],[127.359063,36.482234],[127.359064,36.482239],[127.359077,36.482316],[127.359077,36.482318],[127.359074,36.482347],[127.359072,36.482362],[127.359069,36.482385],[127.359067,36.482387],[127.359049,36.482409],[127.359016,36.482451],[127.359012,36.482455],[127.35897,36.482506],[127.358967,36.482508],[127.358956,36.482522],[127.358942,36.482515],[127.358913,36.4825],[127.358909,36.482505],[127.358868,36.482555],[127.358857,36.482565],[127.35878,36.482562],[127.358575,36.482555],[127.358359,36.482543],[127.358113,36.482531],[127.358088,36.48258],[127.35801,36.482725],[127.357981,36.482781],[127.357863,36.483002],[127.357764,36.483183],[127.357822,36.4834],[127.357891,36.483656],[127.357913,36.483834],[127.357939,36.484053],[127.357946,36.484108],[127.357959,36.484129],[127.357975,36.484154],[127.35799,36.484179],[127.358331,36.484662],[127.358419,36.484787],[127.358627,36.484934],[127.359051,36.485233],[127.359156,36.486075],[127.359153,36.486247],[127.359146,36.486707],[127.359138,36.487317],[127.359607,36.487878],[127.360098,36.488464],[127.360151,36.488527],[127.360152,36.488534],[127.360155,36.488538],[127.360229,36.489738],[127.360116,36.490027],[127.360503,36.4904],[127.360987,36.490878],[127.361062,36.490837],[127.361492,36.490603],[127.361852,36.490368],[127.361938,36.490312],[127.361969,36.490302],[127.362306,36.490184],[127.362508,36.490055],[127.362808,36.489906],[127.363336,36.489665],[127.363372,36.48965],[127.36346,36.489614],[127.363687,36.489557],[127.363736,36.489545],[127.364558,36.489276],[127.364835,36.489183],[127.365066,36.48911],[127.365262,36.489078],[127.365477,36.489046],[127.365847,36.488947],[127.366136,36.488849],[127.366652,36.488705],[127.36716,36.488557],[127.367292,36.488536],[127.36753,36.488464],[127.367583,36.488441],[127.367713,36.488384],[127.367828,36.488329],[127.367878,36.488307],[127.367919,36.488289],[127.368137,36.488228],[127.368187,36.488234],[127.368246,36.488243],[127.368268,36.488248],[127.368348,36.488272],[127.368432,36.488294],[127.368476,36.48831],[127.368537,36.488379],[127.368606,36.48842],[127.368608,36.488421],[127.368673,36.48844],[127.368697,36.488447],[127.36872,36.488456],[127.368812,36.488491],[127.368862,36.488511],[127.368935,36.488539],[127.369007,36.488578],[127.369154,36.488583],[127.368912,36.489564],[127.368912,36.489565],[127.368907,36.489582],[127.368905,36.48959],[127.368956,36.489604],[127.369017,36.489622],[127.369031,36.489626],[127.369086,36.489642],[127.369306,36.489707],[127.369489,36.489761],[127.369619,36.489799],[127.36998,36.489908],[127.370356,36.49002],[127.370497,36.490062],[127.370806,36.490154],[127.37082,36.490158],[127.370859,36.490182],[127.370922,36.490222],[127.371005,36.490274],[127.371433,36.490541],[127.371681,36.490704],[127.371841,36.490808],[127.371951,36.490881],[127.371967,36.490891],[127.372134,36.491002],[127.372527,36.491264],[127.37268,36.491366],[127.372701,36.49138],[127.373018,36.491622],[127.373209,36.491768],[127.37331,36.491846],[127.374214,36.492538],[127.374216,36.492539],[127.374234,36.492556],[127.374269,36.492587],[127.377591,36.495619],[127.377591,36.495619],[127.377594,36.495623],[127.37876,36.497324],[127.378771,36.49734],[127.378985,36.497653],[127.379123,36.497857],[127.379391,36.498252],[127.379403,36.49827],[127.379413,36.498284],[127.379663,36.498628],[127.379735,36.498727],[127.379736,36.498728],[127.379916,36.498982],[127.380026,36.499133],[127.380087,36.499216],[127.380135,36.499283],[127.380282,36.49947],[127.380337,36.499539],[127.380449,36.499561],[127.380518,36.499574],[127.38052,36.499575],[127.380596,36.499589],[127.380967,36.499661],[127.380973,36.499662],[127.38231,36.499924],[127.383355,36.500132],[127.383729,36.500205],[127.383855,36.500231],[127.383902,36.500206],[127.384277,36.500013],[127.384667,36.499813],[127.385384,36.499445],[127.385428,36.499422],[127.385873,36.499191],[127.385877,36.49919],[127.386783,36.498715],[127.38693,36.498638],[127.387847,36.497941],[127.388273,36.497625],[127.388713,36.497298],[127.389092,36.497016],[127.389327,36.496841],[127.389376,36.496805],[127.391062,36.495576],[127.391274,36.495415],[127.391276,36.495414],[127.391434,36.495295],[127.391498,36.495245],[127.391505,36.49524],[127.391511,36.495235],[127.391976,36.4949],[127.391981,36.494897],[127.391986,36.494892],[127.392251,36.494633],[127.392433,36.494454],[127.392655,36.494238],[127.392662,36.494231],[127.39269,36.494204],[127.392964,36.493939],[127.393177,36.493731],[127.393236,36.493675],[127.393349,36.493563],[127.39342,36.493516],[127.393828,36.493244],[127.393828,36.493244],[127.395015,36.492452],[127.395101,36.492395],[127.395566,36.492088],[127.395585,36.492075],[127.39576,36.491956],[127.39586,36.491891],[127.395894,36.491869],[127.396078,36.491749],[127.396121,36.491721],[127.396141,36.491708],[127.396143,36.491707],[127.396209,36.491664],[127.396468,36.49141],[127.396476,36.491402],[127.396713,36.491174],[127.39684,36.491051],[127.396897,36.490997],[127.396969,36.49093],[127.397133,36.490772],[127.397302,36.490609],[127.397715,36.490211],[127.398114,36.489839],[127.398344,36.48963],[127.39874,36.489271],[127.398922,36.489105]]]}},{"type":"Feature","properties":{"ADM_CD":"25040630","dong":"관평동"},"geometry":{"type":"Polygon","coordinates":[[[127.394388,36.437495],[127.394444,36.436979],[127.394449,36.436965],[127.394562,36.436639],[127.39482,36.436242],[127.395104,36.435871],[127.395239,36.43571],[127.395415,36.435499],[127.395556,36.435316],[127.395669,36.435172],[127.395696,36.435145],[127.395819,36.435009],[127.395868,36.434954],[127.396052,36.434752],[127.396089,36.434727],[127.396165,36.434665],[127.396205,36.434626],[127.396293,36.434557],[127.396671,36.434302],[127.396705,36.434279],[127.397097,36.434014],[127.397516,36.433733],[127.397669,36.433618],[127.397742,36.433564],[127.397993,36.433379],[127.39836,36.433094],[127.398816,36.432687],[127.399055,36.432414],[127.399173,36.432281],[127.399497,36.43194],[127.400125,36.43135],[127.400266,36.431222],[127.400398,36.431124],[127.400498,36.43105],[127.400619,36.430964],[127.400817,36.430837],[127.401081,36.430661],[127.401082,36.43066],[127.401182,36.430573],[127.401196,36.430561],[127.401269,36.430497],[127.401282,36.430485],[127.401466,36.430325],[127.401818,36.430051],[127.401962,36.429939],[127.402257,36.429635],[127.402352,36.429539],[127.402592,36.429307],[127.402714,36.429194],[127.403135,36.429034],[127.403367,36.42895],[127.403527,36.428909],[127.403845,36.428815],[127.4041,36.428739],[127.404179,36.428715],[127.404583,36.428575],[127.404707,36.428529],[127.405032,36.428374],[127.405215,36.42829],[127.405523,36.428116],[127.405603,36.428071],[127.405693,36.428023],[127.405941,36.427814],[127.406127,36.427666],[127.406311,36.427404],[127.406363,36.427442],[127.406655,36.427298],[127.407115,36.427035],[127.407294,36.426794],[127.40738,36.426677],[127.407547,36.426473],[127.407815,36.426161],[127.408509,36.42567],[127.408552,36.425643],[127.408732,36.425532],[127.409017,36.425367],[127.409561,36.425127],[127.409806,36.425054],[127.410064,36.424978],[127.410126,36.42496],[127.410761,36.424788],[127.411489,36.424584],[127.41179,36.424484],[127.412222,36.424341],[127.412861,36.42407],[127.412904,36.424047],[127.413058,36.423968],[127.413211,36.423888],[127.413222,36.423882],[127.413257,36.42383],[127.413261,36.423824],[127.413377,36.423652],[127.413462,36.423526],[127.413543,36.423407],[127.413609,36.423344],[127.413673,36.423279],[127.413827,36.423134],[127.413971,36.422997],[127.414665,36.422345],[127.414694,36.422317],[127.414825,36.422169],[127.414946,36.422027],[127.415011,36.421947],[127.415107,36.421828],[127.415219,36.421691],[127.415381,36.421483],[127.415387,36.421475],[127.415468,36.42137],[127.415516,36.421305],[127.415559,36.421246],[127.415665,36.421098],[127.415836,36.420897],[127.415881,36.420837],[127.415884,36.420834],[127.415977,36.420708],[127.416152,36.420478],[127.416157,36.420473],[127.416162,36.420466],[127.416382,36.420198],[127.416424,36.420146],[127.416544,36.419995],[127.416658,36.419852],[127.416705,36.419793],[127.416928,36.419554],[127.417024,36.419451],[127.417213,36.419207],[127.417341,36.419035],[127.417534,36.418778],[127.417539,36.418771],[127.417747,36.418391],[127.417952,36.418058],[127.418285,36.417482],[127.418517,36.417043],[127.418682,36.416617],[127.418684,36.416613],[127.418767,36.416507],[127.418913,36.416321],[127.41904,36.416158],[127.419314,36.415864],[127.419315,36.415863],[127.419324,36.415854],[127.419613,36.415487],[127.41973,36.415305],[127.41988,36.414818],[127.420016,36.414429],[127.420101,36.414184],[127.420258,36.413691],[127.420271,36.413322],[127.42027,36.413249],[127.420262,36.412684],[127.420145,36.412403],[127.419976,36.411995],[127.419904,36.411823],[127.419829,36.411662],[127.419749,36.411515],[127.419634,36.411302],[127.419269,36.410734],[127.419133,36.410521],[127.419052,36.410394],[127.41888,36.410058],[127.418763,36.409851],[127.418682,36.409708],[127.41861,36.409573],[127.418484,36.409382],[127.418364,36.409183],[127.418361,36.409178],[127.418237,36.408974],[127.418081,36.408712],[127.418061,36.408679],[127.417996,36.408569],[127.417542,36.407825],[127.417408,36.407605],[127.417358,36.40765],[127.417308,36.407694],[127.417298,36.407703],[127.417289,36.407712],[127.417269,36.40773],[127.417272,36.407732],[127.416932,36.408012],[127.41669,36.408272],[127.416582,36.408355],[127.416496,36.408419],[127.416487,36.408426],[127.416411,36.408483],[127.41638,36.408643],[127.416344,36.408831],[127.416341,36.408936],[127.41634,36.408955],[127.416321,36.40898],[127.416246,36.409084],[127.416238,36.409096],[127.416154,36.409153],[127.416096,36.409218],[127.416024,36.409449],[127.415991,36.409514],[127.415975,36.409544],[127.415955,36.409646],[127.415919,36.409767],[127.415881,36.409841],[127.415854,36.40985],[127.415854,36.409958],[127.415826,36.410021],[127.415924,36.410414],[127.415887,36.410429],[127.415777,36.410516],[127.415661,36.410608],[127.415443,36.410628],[127.415394,36.410632],[127.415364,36.41063],[127.415253,36.410624],[127.415246,36.410623],[127.415177,36.410657],[127.415173,36.410659],[127.415152,36.410669],[127.415021,36.41069],[127.414959,36.410736],[127.414959,36.410735],[127.414862,36.410574],[127.41486,36.410572],[127.414818,36.410502],[127.41478,36.410439],[127.414769,36.41042],[127.414761,36.410406],[127.41471,36.410318],[127.414692,36.410288],[127.414624,36.410321],[127.414603,36.410331],[127.414485,36.410388],[127.414377,36.41044],[127.414229,36.410511],[127.414074,36.410587],[127.413627,36.410802],[127.413218,36.411],[127.412906,36.41115],[127.412756,36.411223],[127.412755,36.411223],[127.412618,36.411289],[127.412607,36.411295],[127.412459,36.411366],[127.412202,36.41149],[127.411993,36.411591],[127.411941,36.411609],[127.411843,36.411656],[127.411478,36.41183],[127.411477,36.411831],[127.411469,36.411819],[127.411446,36.411784],[127.411434,36.411764],[127.411392,36.411701],[127.411328,36.411604],[127.411317,36.411587],[127.411303,36.411566],[127.411199,36.411407],[127.411188,36.41139],[127.411181,36.411381],[127.411159,36.411392],[127.411146,36.411374],[127.411153,36.411345],[127.411155,36.411336],[127.411188,36.411267],[127.411202,36.411251],[127.411205,36.411247],[127.411223,36.411227],[127.41128,36.411163],[127.411302,36.41117],[127.411314,36.411174],[127.411503,36.411117],[127.411539,36.411092],[127.411587,36.41106],[127.411664,36.411008],[127.411686,36.410979],[127.411742,36.410904],[127.411808,36.410816],[127.411815,36.410819],[127.411821,36.410799],[127.411866,36.41065],[127.411881,36.410523],[127.411884,36.410504],[127.411879,36.410479],[127.411878,36.410479],[127.411872,36.410477],[127.411876,36.410451],[127.411877,36.410448],[127.411875,36.410411],[127.411875,36.410409],[127.411877,36.410323],[127.411867,36.410322],[127.411846,36.41032],[127.411832,36.410318],[127.411815,36.410316],[127.411779,36.41029],[127.411801,36.410194],[127.411732,36.409955],[127.411646,36.40996],[127.411032,36.41],[127.410922,36.409997],[127.410475,36.409967],[127.409958,36.409924],[127.409744,36.410615],[127.40921,36.41095],[127.409039,36.410595],[127.408905,36.410342],[127.408701,36.40994],[127.408067,36.409937],[127.407956,36.409794],[127.407866,36.409654],[127.407729,36.409627],[127.407189,36.409513],[127.406873,36.4094],[127.406869,36.409399],[127.40668,36.409331],[127.406469,36.409235],[127.405969,36.409266],[127.405682,36.409284],[127.405346,36.409231],[127.405212,36.40901],[127.405127,36.408872],[127.405092,36.408813],[127.404878,36.408762],[127.404856,36.408739],[127.404821,36.408703],[127.404633,36.408508],[127.404299,36.408161],[127.404071,36.407852],[127.403315,36.407879],[127.402678,36.408143],[127.402477,36.408187],[127.402328,36.408221],[127.402303,36.408226],[127.402255,36.408183],[127.402164,36.408198],[127.401959,36.408189],[127.401901,36.408164],[127.401829,36.40816],[127.401827,36.40816],[127.40169,36.408137],[127.401498,36.408112],[127.401457,36.408113],[127.401451,36.408113],[127.401418,36.408114],[127.401064,36.408127],[127.40106,36.408128],[127.400695,36.408141],[127.40067,36.40812],[127.400591,36.408053],[127.400543,36.408013],[127.400192,36.407939],[127.399879,36.40791],[127.39904,36.407842],[127.399029,36.407867],[127.39898,36.407987],[127.398442,36.408077],[127.39822,36.408115],[127.398049,36.408371],[127.397489,36.408279],[127.397395,36.408249],[127.397108,36.408158],[127.397015,36.408129],[127.396573,36.408246],[127.396546,36.408254],[127.396489,36.40827],[127.396342,36.408312],[127.396312,36.408314],[127.396248,36.408318],[127.396138,36.408326],[127.396082,36.408329],[127.396008,36.408333],[127.395999,36.408336],[127.395922,36.40836],[127.395865,36.408392],[127.395682,36.408434],[127.395655,36.40843],[127.395426,36.408502],[127.39533,36.408522],[127.395224,36.408572],[127.395124,36.40862],[127.395101,36.408587],[127.395081,36.408592],[127.395038,36.40847],[127.394575,36.408723],[127.39441,36.408812],[127.394286,36.40888],[127.394283,36.408879],[127.394135,36.408848],[127.393881,36.408793],[127.393702,36.408755],[127.393613,36.408867],[127.393507,36.408998],[127.393496,36.409012],[127.393455,36.409091],[127.392967,36.410037],[127.392905,36.410156],[127.392999,36.410182],[127.393414,36.4103],[127.393557,36.410341],[127.393317,36.410414],[127.392817,36.410569],[127.392547,36.410822],[127.39189,36.411],[127.391834,36.411014],[127.391771,36.41103],[127.391701,36.411048],[127.391337,36.411155],[127.391312,36.411162],[127.391228,36.411186],[127.391272,36.411083],[127.391106,36.411128],[127.390376,36.411322],[127.390131,36.41138],[127.390064,36.411396],[127.389764,36.411467],[127.389295,36.411624],[127.389343,36.411682],[127.389241,36.411703],[127.38902,36.411753],[127.388634,36.411834],[127.388526,36.411859],[127.388429,36.411879],[127.38839,36.411887],[127.388219,36.411923],[127.38812,36.411943],[127.388084,36.411949],[127.388039,36.411958],[127.387693,36.412023],[127.387681,36.412025],[127.387603,36.412039],[127.387613,36.412006],[127.387624,36.411969],[127.387618,36.411705],[127.38778,36.411372],[127.387817,36.411301],[127.388042,36.410877],[127.388098,36.410778],[127.388073,36.410777],[127.38808,36.410735],[127.388121,36.410589],[127.388257,36.410226],[127.388197,36.410125],[127.387732,36.409341],[127.387855,36.409174],[127.387682,36.408709],[127.386579,36.408879],[127.385571,36.409034],[127.384768,36.409336],[127.38485,36.409089],[127.384867,36.408962],[127.384564,36.408768],[127.384803,36.408469],[127.384836,36.408313],[127.384229,36.408267],[127.384159,36.408262],[127.384265,36.408644],[127.383869,36.408873],[127.383932,36.409105],[127.384057,36.40956],[127.383985,36.409776],[127.383508,36.410056],[127.383093,36.41031],[127.383091,36.410311],[127.382565,36.410534],[127.382108,36.410731],[127.381986,36.410783],[127.381949,36.410811],[127.382,36.410935],[127.382074,36.411157],[127.382135,36.411366],[127.382177,36.411642],[127.382178,36.411644],[127.382278,36.412133],[127.382324,36.412216],[127.382336,36.412237],[127.382474,36.412484],[127.382503,36.41252],[127.38258,36.412618],[127.382792,36.412893],[127.382785,36.412972],[127.382752,36.412989],[127.382673,36.413029],[127.382429,36.413094],[127.382226,36.413148],[127.38199,36.413289],[127.381758,36.413434],[127.381598,36.413533],[127.381365,36.413698],[127.381124,36.413869],[127.380901,36.414078],[127.380794,36.414179],[127.380777,36.41426],[127.380746,36.414476],[127.380717,36.414669],[127.380753,36.414894],[127.380884,36.415123],[127.381018,36.415361],[127.381117,36.415536],[127.381154,36.415602],[127.381036,36.415742],[127.380812,36.415816],[127.380702,36.415854],[127.380576,36.415898],[127.380449,36.415943],[127.380238,36.416036],[127.380006,36.416137],[127.379889,36.416189],[127.379773,36.416311],[127.379536,36.416566],[127.379508,36.4166],[127.379313,36.416713],[127.378836,36.416916],[127.378516,36.416986],[127.378397,36.417012],[127.378396,36.417028],[127.378394,36.417047],[127.378245,36.417053],[127.378036,36.417025],[127.37801,36.417012],[127.377999,36.417006],[127.377876,36.416995],[127.377756,36.416989],[127.377697,36.417049],[127.377417,36.417333],[127.37749,36.417362],[127.377502,36.417367],[127.377545,36.417418],[127.377589,36.417442],[127.377608,36.417452],[127.377676,36.41749],[127.377784,36.417597],[127.377869,36.417652],[127.377912,36.41768],[127.377986,36.417768],[127.378067,36.41778],[127.378295,36.417932],[127.378345,36.41796],[127.378578,36.418093],[127.378601,36.418106],[127.378622,36.418118],[127.378686,36.418154],[127.378758,36.418195],[127.378809,36.418241],[127.378887,36.418376],[127.378909,36.4184],[127.378944,36.418446],[127.378964,36.418472],[127.379028,36.418456],[127.379061,36.418455],[127.379121,36.418454],[127.379165,36.418447],[127.379174,36.418446],[127.379209,36.41844],[127.379269,36.418511],[127.379332,36.418591],[127.379343,36.418633],[127.379365,36.418671],[127.379404,36.418739],[127.379486,36.418818],[127.379549,36.418884],[127.37969,36.418967],[127.379777,36.419083],[127.379845,36.419168],[127.379944,36.419292],[127.379983,36.41934],[127.380066,36.419443],[127.380252,36.419664],[127.380254,36.419666],[127.380265,36.419732],[127.380271,36.419743],[127.380313,36.419822],[127.380323,36.419841],[127.380411,36.419914],[127.380495,36.420026],[127.380652,36.420192],[127.380704,36.420247],[127.380817,36.420349],[127.380907,36.420577],[127.380918,36.420608],[127.380944,36.420673],[127.380945,36.420704],[127.380949,36.420782],[127.380949,36.420784],[127.380952,36.420847],[127.380953,36.420869],[127.380955,36.420922],[127.380958,36.420993],[127.380967,36.421165],[127.380971,36.421217],[127.38099,36.421287],[127.381006,36.421346],[127.381077,36.42161],[127.381332,36.421506],[127.381427,36.421467],[127.381583,36.421404],[127.381597,36.421398],[127.38162,36.421389],[127.381639,36.421381],[127.381664,36.421382],[127.38171,36.421383],[127.381726,36.421383],[127.381778,36.421385],[127.381815,36.421386],[127.381872,36.421382],[127.381983,36.421499],[127.382406,36.421942],[127.382652,36.4222],[127.383,36.422573],[127.383188,36.422774],[127.383247,36.422837],[127.383255,36.422845],[127.383342,36.422939],[127.383425,36.423028],[127.383495,36.423103],[127.383539,36.42315],[127.383536,36.423152],[127.383533,36.423154],[127.383568,36.423199],[127.383573,36.423205],[127.383684,36.423348],[127.383777,36.4234],[127.383852,36.423532],[127.383858,36.423541],[127.38387,36.423563],[127.383902,36.423618],[127.38391,36.423632],[127.383975,36.423687],[127.383993,36.423702],[127.384053,36.423753],[127.38404,36.423771],[127.384015,36.423762],[127.384026,36.423784],[127.384027,36.423787],[127.384029,36.423791],[127.384051,36.423835],[127.384063,36.42386],[127.384076,36.423885],[127.384086,36.423907],[127.3841,36.423935],[127.384128,36.423997],[127.384156,36.424059],[127.38419,36.424147],[127.38421,36.424188],[127.384275,36.424319],[127.384296,36.424352],[127.38442,36.424634],[127.384428,36.424651],[127.384429,36.424653],[127.38444,36.424677],[127.384458,36.424717],[127.384459,36.424719],[127.384481,36.424767],[127.384495,36.424798],[127.384527,36.424866],[127.384484,36.424918],[127.384489,36.42493],[127.384491,36.424935],[127.384502,36.424957],[127.384527,36.425013],[127.384533,36.425025],[127.384536,36.425032],[127.384552,36.425066],[127.384553,36.425069],[127.384611,36.425195],[127.384656,36.425293],[127.384854,36.425724],[127.384855,36.425726],[127.385129,36.426321],[127.385137,36.426339],[127.385205,36.426486],[127.385536,36.427206],[127.385588,36.427318],[127.385589,36.42732],[127.385598,36.42734],[127.385639,36.42743],[127.385685,36.427431],[127.385716,36.427432],[127.385759,36.427529],[127.385772,36.42756],[127.385773,36.427562],[127.385879,36.427803],[127.385883,36.427846],[127.385885,36.427851],[127.386041,36.428181],[127.386149,36.428409],[127.386213,36.428546],[127.386228,36.428577],[127.386229,36.428579],[127.386363,36.428864],[127.386564,36.429289],[127.386597,36.42936],[127.386768,36.429712],[127.387019,36.43023],[127.387204,36.43061],[127.387294,36.430803],[127.387427,36.431086],[127.387836,36.431957],[127.387887,36.432064],[127.387893,36.432065],[127.387893,36.432076],[127.388019,36.432344],[127.388169,36.432667],[127.388245,36.432829],[127.388262,36.432851],[127.388329,36.43299],[127.388358,36.433049],[127.388403,36.433152],[127.388484,36.433322],[127.38873,36.433844],[127.388787,36.433951],[127.388799,36.433969],[127.388829,36.434014],[127.388843,36.434035],[127.388948,36.434145],[127.389042,36.434235],[127.389085,36.434268],[127.389338,36.434466],[127.389434,36.434532],[127.389491,36.434571],[127.389555,36.434612],[127.389755,36.434749],[127.390041,36.434947],[127.391013,36.435616],[127.391612,36.436028],[127.391765,36.436134],[127.391769,36.436136],[127.391818,36.436108],[127.391823,36.436106],[127.39188,36.436074],[127.391947,36.436036],[127.391953,36.436032],[127.392023,36.435993],[127.392035,36.435986],[127.392194,36.435896],[127.392257,36.43586],[127.392318,36.435826],[127.392348,36.435949],[127.392382,36.436115],[127.392388,36.436145],[127.392444,36.436307],[127.392494,36.436368],[127.392558,36.436484],[127.392585,36.436595],[127.392606,36.436646],[127.392657,36.436725],[127.392737,36.436788],[127.39298,36.43692],[127.393243,36.437029],[127.393483,36.437153],[127.393566,36.437202],[127.393574,36.437206],[127.393601,36.437221],[127.393638,36.437249],[127.393707,36.4373],[127.393747,36.437366],[127.393856,36.437445],[127.393844,36.43733],[127.394035,36.437463],[127.394388,36.437495]]]}},{"type":"Feature","properties":{"ADM_CD":"25040640","dong":"온천1동"},"geometry":{"type":"Polygon","coordinates":[[[127.30827,36.366931],[127.308335,36.366903],[127.30869,36.366749],[127.308736,36.366729],[127.30876,36.366719],[127.30923,36.366516],[127.309476,36.366409],[127.309539,36.366382],[127.309541,36.366217],[127.309541,36.366191],[127.309546,36.366028],[127.309616,36.365676],[127.309628,36.365619],[127.309774,36.365645],[127.310192,36.365293],[127.310102,36.365206],[127.309843,36.36493],[127.309781,36.36481],[127.309664,36.364581],[127.309539,36.363856],[127.309493,36.363652],[127.309475,36.36357],[127.309286,36.363319],[127.30929,36.362907],[127.309493,36.362749],[127.309855,36.36281],[127.310115,36.362592],[127.310514,36.362451],[127.311111,36.362502],[127.311263,36.362406],[127.311513,36.362248],[127.311753,36.362314],[127.312112,36.362408],[127.312115,36.362409],[127.312514,36.362542],[127.31278,36.362578],[127.31296,36.362594],[127.313124,36.362488],[127.313396,36.36243],[127.313743,36.362479],[127.313781,36.362415],[127.313886,36.36224],[127.314512,36.362039],[127.314599,36.362012],[127.314767,36.362023],[127.314947,36.362037],[127.314963,36.362038],[127.315576,36.361965],[127.315823,36.361897],[127.315983,36.361853],[127.31618,36.361798],[127.316334,36.361827],[127.316445,36.361737],[127.316484,36.361708],[127.316609,36.361617],[127.316798,36.361544],[127.317018,36.361463],[127.317151,36.36143],[127.317261,36.36148],[127.317447,36.361619],[127.317562,36.361705],[127.317565,36.361708],[127.317839,36.36172],[127.318019,36.361727],[127.318114,36.361665],[127.318117,36.361663],[127.318146,36.361643],[127.318372,36.361486],[127.318563,36.361354],[127.318772,36.361246],[127.318819,36.361212],[127.318862,36.361178],[127.319043,36.361051],[127.319119,36.361054],[127.319407,36.361102],[127.319412,36.361103],[127.319784,36.361172],[127.319939,36.361201],[127.319997,36.361212],[127.320196,36.361136],[127.320224,36.361154],[127.320258,36.361135],[127.320281,36.361124],[127.320283,36.361097],[127.320717,36.360902],[127.320744,36.360889],[127.320764,36.360881],[127.320848,36.360842],[127.320936,36.360808],[127.320976,36.360799],[127.321148,36.360762],[127.321207,36.360749],[127.321307,36.360724],[127.321306,36.360728],[127.321379,36.360712],[127.321408,36.3607],[127.321443,36.360686],[127.321524,36.360631],[127.321561,36.360606],[127.321587,36.360588],[127.321589,36.36058],[127.321594,36.360545],[127.321587,36.360357],[127.321587,36.360346],[127.321588,36.36032],[127.321592,36.360233],[127.321595,36.360177],[127.321608,36.360091],[127.321612,36.36],[127.321641,36.360002],[127.321644,36.359956],[127.321614,36.359955],[127.321625,36.359728],[127.321626,36.359701],[127.321629,36.359622],[127.321706,36.359623],[127.32171,36.359598],[127.321713,36.359572],[127.321706,36.359573],[127.321708,36.359564],[127.321714,36.359537],[127.321729,36.359518],[127.321731,36.359516],[127.321756,36.359483],[127.321871,36.359495],[127.322006,36.359495],[127.322301,36.359497],[127.322444,36.359488],[127.322525,36.359436],[127.322538,36.359428],[127.322724,36.359422],[127.322854,36.359406],[127.32291,36.359399],[127.323135,36.359325],[127.323221,36.359314],[127.323348,36.3593],[127.323466,36.359286],[127.323961,36.359278],[127.32415,36.359274],[127.324423,36.359267],[127.324856,36.359257],[127.32525,36.359251],[127.325863,36.359174],[127.326024,36.359155],[127.326041,36.359152],[127.326389,36.35911],[127.326659,36.359077],[127.326741,36.359069],[127.32693,36.359046],[127.327118,36.359023],[127.327328,36.359012],[127.327336,36.358994],[127.327384,36.358988],[127.327608,36.358963],[127.32777,36.358946],[127.327842,36.358939],[127.327934,36.358929],[127.328074,36.358811],[127.328096,36.358789],[127.328195,36.358683],[127.328477,36.358383],[127.32865,36.358204],[127.328857,36.357991],[127.328935,36.358133],[127.328977,36.358211],[127.328984,36.358204],[127.329012,36.358245],[127.329032,36.358285],[127.329046,36.358311],[127.329472,36.358213],[127.329611,36.358181],[127.329654,36.358171],[127.33018,36.357963],[127.330242,36.357934],[127.331088,36.357596],[127.331489,36.357435],[127.331496,36.357433],[127.331635,36.357321],[127.331658,36.357303],[127.331693,36.357273],[127.331761,36.357197],[127.331765,36.357192],[127.331827,36.357124],[127.33187,36.357119],[127.332169,36.357079],[127.332176,36.357078],[127.332584,36.357011],[127.333454,36.356864],[127.333484,36.356859],[127.334039,36.356754],[127.334447,36.356612],[127.334696,36.356526],[127.334878,36.356493],[127.335035,36.356465],[127.335366,36.356434],[127.335582,36.356437],[127.335676,36.356457],[127.335848,36.356492],[127.336145,36.356554],[127.336275,36.356581],[127.336556,36.356597],[127.336817,36.356611],[127.337053,36.356603],[127.337363,36.35659],[127.337428,36.356604],[127.337458,36.356611],[127.337874,36.356703],[127.338071,36.356715],[127.338198,36.356723],[127.338451,36.356737],[127.338639,36.356802],[127.338818,36.356865],[127.338872,36.356882],[127.339111,36.35696],[127.339519,36.357048],[127.339663,36.357168],[127.339754,36.357231],[127.339777,36.357253],[127.33988,36.357319],[127.339974,36.357387],[127.339987,36.357396],[127.340218,36.35756],[127.340277,36.3576],[127.340435,36.357709],[127.340613,36.357832],[127.340722,36.357916],[127.340911,36.358061],[127.340926,36.358073],[127.340966,36.358104],[127.341066,36.358157],[127.341257,36.35826],[127.341471,36.35843],[127.341499,36.358452],[127.341643,36.358567],[127.341694,36.358608],[127.34172,36.358673],[127.341748,36.358741],[127.34175,36.358748],[127.341743,36.358797],[127.341738,36.35883],[127.341711,36.359006],[127.341682,36.359198],[127.341912,36.359311],[127.341919,36.359353],[127.342088,36.359427],[127.342127,36.359431],[127.342474,36.359625],[127.342486,36.359632],[127.342625,36.359721],[127.343286,36.359716],[127.343299,36.359716],[127.343454,36.359718],[127.343748,36.359722],[127.344073,36.359726],[127.344626,36.359721],[127.344765,36.35972],[127.344808,36.359722],[127.345004,36.359729],[127.34527,36.359738],[127.34553,36.359738],[127.346111,36.359768],[127.346193,36.359768],[127.34649,36.359779],[127.346787,36.359721],[127.347071,36.359666],[127.347385,36.359601],[127.347487,36.35958],[127.347675,36.359541],[127.347894,36.35953],[127.347898,36.35953],[127.348181,36.359514],[127.348341,36.359506],[127.348358,36.359505],[127.348482,36.359495],[127.348842,36.359465],[127.348916,36.359459],[127.349011,36.359451],[127.34906,36.359447],[127.349462,36.359413],[127.349516,36.359408],[127.349539,36.359408],[127.349907,36.359398],[127.350073,36.359399],[127.350149,36.3594],[127.350407,36.359402],[127.350499,36.359403],[127.350763,36.359401],[127.350776,36.359401],[127.351186,36.359451],[127.351297,36.359499],[127.351821,36.359724],[127.352338,36.359885],[127.352393,36.359902],[127.35279,36.360092],[127.353175,36.360352],[127.353134,36.360374],[127.353139,36.360375],[127.353811,36.360592],[127.353816,36.360596],[127.353824,36.3606],[127.353909,36.360656],[127.35396,36.360667],[127.353967,36.360668],[127.353976,36.360669],[127.354102,36.360673],[127.354106,36.360673],[127.354139,36.360675],[127.354783,36.360702],[127.355182,36.360727],[127.355835,36.360747],[127.356092,36.360765],[127.35629,36.36078],[127.357077,36.360834],[127.357327,36.360846],[127.357337,36.360846],[127.357706,36.360976],[127.358188,36.361146],[127.358235,36.361262],[127.358237,36.361267],[127.358274,36.361357],[127.35832,36.361439],[127.358357,36.361504],[127.358423,36.361619],[127.358536,36.361784],[127.358539,36.361788],[127.35859,36.361846],[127.35866,36.361925],[127.358739,36.362014],[127.358777,36.362056],[127.358857,36.362141],[127.358915,36.362202],[127.359325,36.362304],[127.359779,36.362525],[127.359808,36.362538],[127.36011,36.362666],[127.360662,36.362825],[127.361151,36.362937],[127.361321,36.362976],[127.361557,36.363042],[127.361788,36.363106],[127.362362,36.363281],[127.36279,36.363383],[127.362794,36.363384],[127.362662,36.363247],[127.362583,36.363164],[127.362278,36.362847],[127.3617,36.362248],[127.361643,36.362186],[127.361484,36.362016],[127.361243,36.361781],[127.361021,36.361525],[127.359792,36.360198],[127.359755,36.360159],[127.359738,36.360141],[127.359342,36.359717],[127.358952,36.3593],[127.358827,36.359164],[127.358696,36.359022],[127.358544,36.358858],[127.358529,36.358858],[127.358526,36.358833],[127.358513,36.358727],[127.358504,36.358702],[127.358259,36.357996],[127.358158,36.357595],[127.35814,36.357525],[127.358103,36.357272],[127.35808,36.357168],[127.358071,36.357129],[127.357626,36.356821],[127.356655,36.356149],[127.355822,36.355571],[127.355405,36.355292],[127.355372,36.35527],[127.355247,36.355186],[127.354872,36.354935],[127.354403,36.35462],[127.354351,36.354585],[127.353909,36.354289],[127.353902,36.354284],[127.353864,36.354276],[127.353831,36.354268],[127.353824,36.354269],[127.353813,36.354269],[127.353698,36.354276],[127.353684,36.354277],[127.353123,36.354304],[127.352692,36.354298],[127.352357,36.354148],[127.3522,36.354078],[127.35184,36.353907],[127.351735,36.353856],[127.351289,36.353709],[127.350989,36.353611],[127.350921,36.353566],[127.350674,36.35343],[127.35034,36.353009],[127.350299,36.352958],[127.350044,36.352587],[127.349933,36.352346],[127.349868,36.352204],[127.349815,36.35209],[127.349569,36.351505],[127.34944,36.3512],[127.349293,36.350819],[127.349263,36.350679],[127.34917,36.35025],[127.349099,36.349753],[127.349098,36.349749],[127.349096,36.349732],[127.348457,36.349697],[127.348293,36.349688],[127.348287,36.349746],[127.348294,36.349963],[127.348294,36.349968],[127.348301,36.350063],[127.348308,36.350121],[127.348314,36.350171],[127.348314,36.350193],[127.348317,36.350253],[127.34832,36.350298],[127.348331,36.35035],[127.348336,36.350372],[127.348352,36.350554],[127.348389,36.350742],[127.34839,36.350746],[127.348411,36.35074],[127.348415,36.350739],[127.348425,36.350771],[127.348446,36.350824],[127.348497,36.350951],[127.348517,36.351001],[127.348533,36.351044],[127.348553,36.351094],[127.348651,36.351342],[127.348689,36.351436],[127.348689,36.351436],[127.348572,36.351468],[127.34843,36.351506],[127.34835,36.351533],[127.348171,36.351594],[127.348147,36.351602],[127.348125,36.351609],[127.347892,36.351689],[127.347753,36.351726],[127.347703,36.351739],[127.347575,36.351774],[127.347275,36.351855],[127.347257,36.35186],[127.347225,36.351864],[127.347061,36.351886],[127.34693,36.351921],[127.346848,36.351943],[127.346661,36.351994],[127.346625,36.352004],[127.346555,36.352023],[127.346424,36.352058],[127.346388,36.352068],[127.34635,36.352078],[127.34627,36.3521],[127.346153,36.352159],[127.346098,36.352174],[127.345934,36.352218],[127.345871,36.352235],[127.345816,36.35225],[127.345752,36.352267],[127.345688,36.352285],[127.345653,36.352294],[127.345586,36.352312],[127.345517,36.352331],[127.345398,36.352363],[127.345281,36.352395],[127.345209,36.352414],[127.345178,36.352423],[127.345093,36.352446],[127.344996,36.352472],[127.344818,36.35252],[127.34467,36.35256],[127.344495,36.352608],[127.344267,36.35267],[127.344249,36.352672],[127.344115,36.352689],[127.344066,36.352695],[127.344025,36.352706],[127.344016,36.352709],[127.343891,36.352743],[127.343816,36.352763],[127.343737,36.352785],[127.343717,36.35279],[127.343602,36.35285],[127.343544,36.352865],[127.343439,36.352894],[127.343407,36.352902],[127.343307,36.352929],[127.343188,36.352962],[127.34298,36.353018],[127.342799,36.353067],[127.342775,36.353074],[127.342717,36.353089],[127.342659,36.353105],[127.342603,36.35312],[127.342563,36.353131],[127.342443,36.353164],[127.342383,36.353152],[127.342381,36.353152],[127.34233,36.353166],[127.342191,36.353203],[127.342126,36.353221],[127.342101,36.353228],[127.342058,36.353239],[127.341865,36.353291],[127.34182,36.353304],[127.341786,36.35329],[127.341698,36.353255],[127.341695,36.353247],[127.341668,36.353183],[127.341633,36.3531],[127.341592,36.353084],[127.34154,36.352962],[127.341468,36.352796],[127.341442,36.352733],[127.341407,36.352653],[127.341401,36.352639],[127.341363,36.352549],[127.341343,36.352543],[127.341323,36.352534],[127.341306,36.352523],[127.341292,36.35251],[127.341283,36.3525],[127.34128,36.352495],[127.341245,36.352413],[127.341133,36.352155],[127.341103,36.352084],[127.341077,36.352025],[127.341063,36.351954],[127.341043,36.351863],[127.341024,36.351817],[127.341013,36.351792],[127.341002,36.351767],[127.34099,36.351739],[127.340974,36.351702],[127.340944,36.351631],[127.340933,36.351606],[127.340906,36.351572],[127.340857,36.351512],[127.340802,36.351385],[127.340768,36.351223],[127.340683,36.351027],[127.340617,36.350873],[127.340609,36.350854],[127.340608,36.350853],[127.340587,36.350798],[127.340562,36.350732],[127.340539,36.350662],[127.340529,36.350627],[127.340521,36.350592],[127.340516,36.350569],[127.340515,36.350565],[127.340499,36.350504],[127.340483,36.350423],[127.340478,36.350387],[127.340475,36.35037],[127.340473,36.350352],[127.340476,36.350334],[127.340481,36.350317],[127.340489,36.3503],[127.340499,36.350284],[127.34051,36.350269],[127.340517,36.350262],[127.340524,36.350254],[127.34054,36.350242],[127.340558,36.350231],[127.340578,36.350223],[127.340598,36.350216],[127.34062,36.350212],[127.34066,36.350212],[127.340657,36.350179],[127.340648,36.350082],[127.340617,36.350081],[127.340574,36.350072],[127.340555,36.350063],[127.340537,36.350052],[127.34052,36.350041],[127.340487,36.350016],[127.340475,36.350004],[127.340474,36.350002],[127.340461,36.349983],[127.340455,36.349961],[127.340454,36.349949],[127.340454,36.349943],[127.340457,36.349905],[127.34046,36.349872],[127.340468,36.349758],[127.340491,36.349467],[127.340501,36.349343],[127.340504,36.349308],[127.340508,36.349248],[127.340533,36.348939],[127.340533,36.348937],[127.340535,36.348912],[127.340536,36.348899],[127.340539,36.348856],[127.340543,36.348716],[127.340547,36.348595],[127.340549,36.348538],[127.340549,36.348533],[127.340522,36.348533],[127.340469,36.348533],[127.340311,36.348533],[127.340301,36.348533],[127.340131,36.348533],[127.340083,36.348533],[127.340066,36.348533],[127.34002,36.348533],[127.34002,36.348533],[127.33992,36.348533],[127.339286,36.348534],[127.339246,36.348534],[127.339194,36.348534],[127.339148,36.348597],[127.339117,36.348639],[127.339063,36.348713],[127.339029,36.348759],[127.339028,36.348759],[127.339004,36.348758],[127.33898,36.348758],[127.338844,36.348758],[127.337978,36.348759],[127.33723,36.348759],[127.337121,36.348758],[127.336885,36.348758],[127.336731,36.348758],[127.336563,36.348759],[127.335944,36.348759],[127.335944,36.348759],[127.335906,36.348759],[127.335856,36.348759],[127.335851,36.348759],[127.33572,36.348759],[127.335599,36.348759],[127.335422,36.348759],[127.335342,36.348759],[127.335053,36.348758],[127.335002,36.348758],[127.334776,36.348758],[127.334738,36.348758],[127.334659,36.348758],[127.334436,36.348758],[127.334423,36.348758],[127.334377,36.348758],[127.334334,36.348758],[127.334157,36.348758],[127.334028,36.348758],[127.333921,36.348758],[127.333879,36.348758],[127.333532,36.348758],[127.333484,36.348758],[127.333442,36.348758],[127.333307,36.348758],[127.333171,36.348758],[127.332977,36.348758],[127.33285,36.348758],[127.332808,36.348758],[127.332659,36.348758],[127.332511,36.348758],[127.332453,36.348758],[127.332452,36.348758],[127.332393,36.348758],[127.332157,36.348758],[127.331877,36.348758],[127.331708,36.348758],[127.33165,36.348758],[127.331563,36.348758],[127.331527,36.348758],[127.331503,36.348758],[127.331382,36.348758],[127.331102,36.348758],[127.331003,36.348758],[127.330958,36.348758],[127.330957,36.348758],[127.330862,36.348758],[127.330846,36.348758],[127.330837,36.348758],[127.330723,36.348758],[127.330618,36.348758],[127.330563,36.348758],[127.33051,36.348758],[127.329899,36.348758],[127.329806,36.348758],[127.32972,36.348758],[127.328601,36.348758],[127.328578,36.348758],[127.328482,36.348758],[127.328469,36.348758],[127.3284,36.348758],[127.328322,36.348758],[127.32793,36.348758],[127.327522,36.348758],[127.32747,36.348758],[127.327419,36.348758],[127.32731,36.348758],[127.327093,36.348758],[127.327033,36.348758],[127.326876,36.348758],[127.326756,36.348758],[127.326688,36.348851],[127.326673,36.348871],[127.32659,36.348758],[127.32659,36.348758],[127.326449,36.348567],[127.326376,36.348468],[127.326358,36.348471],[127.326351,36.348472],[127.326249,36.34849],[127.326202,36.348498],[127.326193,36.348499],[127.326192,36.348498],[127.326099,36.348508],[127.326078,36.34851],[127.326002,36.348392],[127.325988,36.34837],[127.32574,36.347988],[127.325629,36.347814],[127.325621,36.347803],[127.325517,36.34766],[127.325459,36.347574],[127.325447,36.34755],[127.325412,36.347481],[127.325279,36.347222],[127.325255,36.347158],[127.325244,36.34713],[127.325161,36.346913],[127.325149,36.346883],[127.325036,36.346716],[127.324964,36.346609],[127.324926,36.346553],[127.324906,36.346493],[127.324904,36.346503],[127.324894,36.34652],[127.324873,36.346537],[127.324852,36.346538],[127.324824,36.346529],[127.32471,36.346381],[127.324708,36.346382],[127.324624,36.346275],[127.32455,36.346187],[127.324557,36.346186],[127.324493,36.346101],[127.324489,36.346104],[127.324393,36.345977],[127.324358,36.345931],[127.324337,36.345903],[127.324364,36.345876],[127.324384,36.345848],[127.324377,36.345835],[127.324371,36.345819],[127.324322,36.345699],[127.324313,36.345677],[127.324293,36.34559],[127.324267,36.345561],[127.324265,36.345552],[127.324243,36.345472],[127.32415,36.345277],[127.324061,36.345131],[127.323809,36.345285],[127.323598,36.34525],[127.323536,36.34524],[127.323241,36.345192],[127.323135,36.345175],[127.322974,36.345219],[127.322917,36.34523],[127.322903,36.345232],[127.322842,36.345244],[127.322765,36.345258],[127.322756,36.345467],[127.322736,36.345678],[127.322541,36.34576],[127.322454,36.345783],[127.322416,36.345765],[127.322114,36.345579],[127.321986,36.345499],[127.321894,36.345547],[127.321741,36.345627],[127.321653,36.345838],[127.321517,36.346267],[127.321437,36.34632],[127.321223,36.346461],[127.320686,36.346482],[127.319641,36.346467],[127.319618,36.346634],[127.319587,36.346928],[127.318881,36.347039],[127.318541,36.347534],[127.318317,36.347838],[127.318196,36.348002],[127.317911,36.3481],[127.317505,36.348172],[127.317263,36.348193],[127.316655,36.348169],[127.316041,36.348156],[127.316025,36.348156],[127.315757,36.348438],[127.315483,36.348965],[127.315474,36.349474],[127.315396,36.34951],[127.31536,36.349527],[127.314672,36.349848],[127.314648,36.349851],[127.313614,36.349974],[127.312865,36.350075],[127.312728,36.350196],[127.312241,36.350686],[127.312145,36.350784],[127.311768,36.350612],[127.311678,36.350571],[127.311657,36.350591],[127.311148,36.351064],[127.311053,36.351337],[127.310948,36.351397],[127.310615,36.35159],[127.3106,36.351668],[127.310546,36.351948],[127.310507,36.351952],[127.30963,36.352042],[127.309442,36.352293],[127.30901,36.352869],[127.309015,36.352879],[127.309292,36.353404],[127.309532,36.35386],[127.309511,36.353905],[127.309508,36.353911],[127.309449,36.354036],[127.309326,36.354299],[127.309249,36.354462],[127.309429,36.354651],[127.309569,36.354952],[127.309656,36.355138],[127.309446,36.355283],[127.309307,36.355531],[127.309363,36.35553],[127.309408,36.355528],[127.309444,36.355525],[127.309471,36.355512],[127.309506,36.355488],[127.30953,36.355478],[127.30961,36.355455],[127.309672,36.355449],[127.309712,36.355457],[127.309743,36.355468],[127.309794,36.355496],[127.309825,36.355518],[127.309893,36.355585],[127.309939,36.355623],[127.309986,36.355663],[127.310003,36.355675],[127.310052,36.355709],[127.310053,36.35571],[127.310124,36.355722],[127.310198,36.355735],[127.310283,36.35575],[127.310326,36.355758],[127.310413,36.355761],[127.310466,36.355762],[127.310499,36.355765],[127.310502,36.355765],[127.310496,36.35592],[127.310486,36.356187],[127.310484,36.35624],[127.310482,36.356281],[127.310478,36.356332],[127.310475,36.356372],[127.310474,36.356385],[127.310472,36.356416],[127.310469,36.356475],[127.310467,36.356513],[127.310466,36.356527],[127.310465,36.356547],[127.310455,36.35676],[127.310453,36.356798],[127.310444,36.357014],[127.310443,36.357033],[127.310441,36.357075],[127.31044,36.357105],[127.310439,36.357114],[127.310437,36.35717],[127.310554,36.357418],[127.310568,36.357448],[127.310568,36.357449],[127.310568,36.357472],[127.310568,36.357491],[127.310568,36.357504],[127.310565,36.357653],[127.310563,36.357754],[127.31056,36.35783],[127.310401,36.357852],[127.310346,36.35786],[127.310291,36.357869],[127.310236,36.357878],[127.310181,36.357888],[127.310127,36.357899],[127.3101,36.357905],[127.310072,36.357911],[127.310019,36.357924],[127.309965,36.357937],[127.309858,36.357964],[127.309711,36.358003],[127.309468,36.358067],[127.309443,36.358073],[127.309386,36.358087],[127.309335,36.3581],[127.309312,36.358106],[127.309128,36.358154],[127.309022,36.358183],[127.308916,36.358211],[127.308915,36.358211],[127.30881,36.358241],[127.308705,36.358271],[127.3086,36.358301],[127.308511,36.358327],[127.308495,36.358332],[127.30839,36.358363],[127.308285,36.358395],[127.308181,36.358426],[127.308132,36.358441],[127.307931,36.358502],[127.307908,36.358508],[127.307798,36.358542],[127.3077,36.358572],[127.307673,36.358581],[127.307475,36.358638],[127.307371,36.358668],[127.307369,36.358668],[127.307341,36.358676],[127.307055,36.358761],[127.307019,36.358772],[127.306774,36.358844],[127.306722,36.35886],[127.306659,36.358881],[127.306642,36.358887],[127.306597,36.358903],[127.306596,36.358903],[127.306536,36.358926],[127.306475,36.35895],[127.306413,36.358977],[127.306354,36.359003],[127.306296,36.35903],[127.306238,36.359059],[127.306182,36.359089],[127.30614,36.359112],[127.306126,36.35912],[127.306071,36.359152],[127.306018,36.359185],[127.305965,36.359219],[127.305913,36.359254],[127.305865,36.359287],[127.305815,36.359324],[127.3058,36.359335],[127.305766,36.359362],[127.305719,36.359401],[127.305672,36.35944],[127.305628,36.35948],[127.305584,36.359521],[127.305541,36.359564],[127.3055,36.359606],[127.3055,36.359607],[127.305462,36.359647],[127.305325,36.359801],[127.305303,36.359827],[127.305141,36.360019],[127.304964,36.360229],[127.30483,36.360455],[127.304771,36.360554],[127.304721,36.360614],[127.304726,36.360618],[127.304731,36.360622],[127.304843,36.360706],[127.304843,36.360706],[127.304875,36.360729],[127.304812,36.360775],[127.304736,36.360793],[127.304658,36.360959],[127.304515,36.361261],[127.304532,36.361299],[127.304639,36.361529],[127.304714,36.361688],[127.304355,36.362088],[127.30415,36.362317],[127.303848,36.362817],[127.3037,36.363659],[127.303514,36.363981],[127.303524,36.364076],[127.303544,36.364271],[127.303497,36.364397],[127.303368,36.36474],[127.303544,36.364758],[127.30409,36.364815],[127.304189,36.364959],[127.304356,36.365199],[127.304364,36.365208],[127.304688,36.36557],[127.304696,36.365924],[127.304697,36.365981],[127.304713,36.36606],[127.304836,36.366659],[127.305496,36.36693],[127.305906,36.366912],[127.306259,36.367523],[127.306773,36.367353],[127.306918,36.367337],[127.307093,36.367317],[127.307128,36.367313],[127.307514,36.367267],[127.307708,36.367178],[127.307896,36.367093],[127.308143,36.366986],[127.30827,36.366931]]]}},{"type":"Feature","properties":{"ADM_CD":"25040660","dong":"노은2동"},"geometry":{"type":"Polygon","coordinates":[[[127.310949,36.424689],[127.31162,36.424078],[127.311651,36.423767],[127.311662,36.423661],[127.311663,36.423661],[127.311855,36.42359],[127.313024,36.42316],[127.313714,36.423025],[127.314121,36.422922],[127.314312,36.422836],[127.314561,36.422723],[127.314807,36.422502],[127.314943,36.422377],[127.314944,36.422377],[127.315156,36.422021],[127.315217,36.421919],[127.31529,36.421863],[127.315546,36.421665],[127.315709,36.421541],[127.31571,36.421541],[127.315729,36.421538],[127.316018,36.421552],[127.316249,36.421238],[127.316371,36.421071],[127.316371,36.421055],[127.316371,36.420547],[127.316371,36.420495],[127.316425,36.42047],[127.316444,36.420462],[127.316447,36.42046],[127.316758,36.420534],[127.317483,36.420853],[127.317612,36.420882],[127.318089,36.420988],[127.318699,36.421315],[127.31899,36.421471],[127.31903,36.421493],[127.319141,36.421474],[127.319691,36.422572],[127.320262,36.422907],[127.320478,36.423259],[127.321104,36.42349],[127.321297,36.423562],[127.321509,36.42364],[127.321611,36.423678],[127.32162,36.423681],[127.321631,36.423671],[127.321698,36.423696],[127.321787,36.42361],[127.32199,36.423414],[127.322741,36.423047],[127.32338,36.422735],[127.323976,36.422632],[127.325047,36.422478],[127.325289,36.422545],[127.32541,36.422579],[127.325423,36.422582],[127.325444,36.422588],[127.325787,36.422491],[127.326298,36.422095],[127.326291,36.422031],[127.326282,36.421949],[127.32623,36.421495],[127.326245,36.421237],[127.32626,36.420936],[127.326439,36.4203],[127.326465,36.42021],[127.326471,36.42017],[127.326481,36.420106],[127.326489,36.42006],[127.326551,36.419983],[127.326564,36.41962],[127.326579,36.419508],[127.326663,36.419214],[127.326533,36.418749],[127.326367,36.418403],[127.32635,36.417906],[127.326591,36.417094],[127.326886,36.416394],[127.327351,36.415838],[127.327471,36.415549],[127.327621,36.415192],[127.327751,36.414881],[127.327778,36.414815],[127.327803,36.414756],[127.327825,36.414702],[127.327833,36.414684],[127.32791,36.414601],[127.328172,36.414299],[127.328085,36.414194],[127.328088,36.414137],[127.328115,36.413911],[127.328133,36.413769],[127.328155,36.41353],[127.328183,36.413224],[127.327937,36.412841],[127.32781,36.412795],[127.327726,36.41241],[127.327726,36.412408],[127.327525,36.411482],[127.327509,36.411439],[127.327579,36.411057],[127.327425,36.410815],[127.32736,36.410464],[127.327327,36.410467],[127.326975,36.410483],[127.326582,36.410501],[127.32647,36.410507],[127.325863,36.410536],[127.325794,36.410457],[127.325563,36.410195],[127.325122,36.410047],[127.324803,36.409666],[127.32457,36.409582],[127.323762,36.409293],[127.323323,36.409292],[127.322809,36.408662],[127.322837,36.408641],[127.322871,36.408616],[127.323131,36.40843],[127.323681,36.408152],[127.324408,36.407705],[127.324728,36.407508],[127.324707,36.407185],[127.324698,36.40698],[127.324685,36.406751],[127.324917,36.406072],[127.324921,36.40606],[127.324924,36.406058],[127.325038,36.405982],[127.325263,36.40583],[127.32573,36.405342],[127.325966,36.404626],[127.32585,36.404442],[127.32598,36.404248],[127.326061,36.404127],[127.326201,36.403917],[127.32638,36.403844],[127.326503,36.403309],[127.326428,36.403234],[127.326214,36.40302],[127.325877,36.402581],[127.3257,36.402051],[127.32578,36.401181],[127.325787,36.400733],[127.325851,36.39966],[127.325866,36.399477],[127.325804,36.399366],[127.325802,36.399362],[127.325687,36.399157],[127.325725,36.399002],[127.325761,36.398966],[127.32583,36.3989],[127.325824,36.398671],[127.325865,36.398562],[127.326041,36.398447],[127.326075,36.398425],[127.325361,36.397417],[127.325304,36.397336],[127.324713,36.39672],[127.324603,36.396417],[127.324362,36.396288],[127.324257,36.39611],[127.32399,36.396012],[127.32395,36.395989],[127.323962,36.395928],[127.323969,36.395895],[127.324057,36.394708],[127.324215,36.394441],[127.324185,36.394421],[127.324225,36.394366],[127.324427,36.394089],[127.324817,36.39367],[127.32489,36.393601],[127.324962,36.393545],[127.325063,36.393495],[127.325106,36.393453],[127.32516,36.393402],[127.325365,36.393211],[127.325484,36.393144],[127.325637,36.393104],[127.325861,36.393035],[127.326112,36.392951],[127.326313,36.392916],[127.326331,36.392861],[127.326338,36.392838],[127.326436,36.392885],[127.326556,36.3929],[127.326622,36.392906],[127.326621,36.392909],[127.326641,36.392917],[127.326653,36.392922],[127.326654,36.392921],[127.32685,36.392899],[127.326973,36.392895],[127.327133,36.392873],[127.327417,36.392815],[127.327441,36.39281],[127.327444,36.392808],[127.327525,36.392801],[127.327713,36.392784],[127.327754,36.392803],[127.32779,36.392833],[127.327804,36.392835],[127.327861,36.392842],[127.328073,36.392762],[127.328229,36.392741],[127.3285,36.392695],[127.328841,36.392658],[127.328948,36.392611],[127.329004,36.392514],[127.329065,36.392357],[127.329109,36.392283],[127.329163,36.392223],[127.329127,36.39215],[127.329045,36.392046],[127.329049,36.392],[127.329049,36.39197],[127.329051,36.391815],[127.32906,36.39176],[127.329062,36.391754],[127.329127,36.391661],[127.329242,36.391694],[127.329317,36.391722],[127.329344,36.391732],[127.329418,36.391777],[127.329491,36.391782],[127.329536,36.391813],[127.329563,36.391803],[127.329613,36.391784],[127.329832,36.391789],[127.329885,36.391779],[127.329979,36.391761],[127.330014,36.391747],[127.330183,36.391636],[127.33021,36.391618],[127.330277,36.391587],[127.330295,36.391579],[127.330388,36.391557],[127.330436,36.391559],[127.330464,36.391562],[127.33048,36.391563],[127.33058,36.391587],[127.330699,36.391615],[127.330777,36.391547],[127.330825,36.391514],[127.330837,36.391505],[127.330915,36.391455],[127.330975,36.391439],[127.331024,36.391404],[127.33106,36.391388],[127.331095,36.391373],[127.331192,36.391362],[127.331264,36.39138],[127.331343,36.391343],[127.331356,36.391337],[127.33141,36.39131],[127.331518,36.391256],[127.331596,36.391159],[127.331933,36.391113],[127.331976,36.391107],[127.332079,36.391094],[127.332446,36.391044],[127.332458,36.391043],[127.332565,36.391024],[127.332672,36.391004],[127.332933,36.390955],[127.333047,36.390945],[127.333309,36.39092],[127.333358,36.390893],[127.33339,36.390876],[127.333411,36.390877],[127.333384,36.390862],[127.333356,36.390846],[127.33344,36.390841],[127.333477,36.390838],[127.33359,36.390839],[127.333821,36.39084],[127.333867,36.390841],[127.333811,36.390694],[127.33378,36.390687],[127.333765,36.390685],[127.333764,36.390681],[127.333761,36.390677],[127.333752,36.390662],[127.333721,36.390634],[127.333701,36.390634],[127.333634,36.390624],[127.333625,36.390622],[127.333572,36.390622],[127.3335,36.390632],[127.333473,36.390626],[127.333422,36.390617],[127.333315,36.390587],[127.333243,36.390569],[127.333194,36.390561],[127.333192,36.39056],[127.333186,36.390556],[127.333115,36.390511],[127.333058,36.390475],[127.333056,36.390473],[127.333043,36.390464],[127.333007,36.390409],[127.332979,36.390368],[127.332976,36.390363],[127.332874,36.390209],[127.332858,36.390155],[127.332827,36.390071],[127.332786,36.390022],[127.332757,36.389983],[127.332717,36.389902],[127.332716,36.3899],[127.332712,36.389893],[127.332676,36.389817],[127.332593,36.389716],[127.33261,36.389656],[127.332626,36.389598],[127.332643,36.389538],[127.332664,36.389461],[127.332674,36.389425],[127.33268,36.389404],[127.332683,36.3894],[127.332693,36.389389],[127.332693,36.389388],[127.332691,36.389383],[127.332696,36.389387],[127.332824,36.389246],[127.332852,36.389214],[127.332898,36.389164],[127.332942,36.389129],[127.332952,36.389121],[127.333019,36.389068],[127.333121,36.388986],[127.333125,36.388984],[127.333129,36.38898],[127.333152,36.388962],[127.333439,36.388734],[127.333593,36.388627],[127.333646,36.38859],[127.333718,36.388541],[127.333927,36.388398],[127.333924,36.388352],[127.333921,36.388293],[127.333968,36.388247],[127.333924,36.388214],[127.333731,36.388078],[127.33362,36.388034],[127.333483,36.388036],[127.333359,36.387974],[127.333317,36.387954],[127.333239,36.387865],[127.3332,36.387793],[127.333099,36.387606],[127.333,36.387466],[127.332836,36.387292],[127.332752,36.387203],[127.332632,36.387034],[127.332603,36.386994],[127.332554,36.386928],[127.332535,36.386901],[127.332521,36.38688],[127.332511,36.386865],[127.33232,36.386604],[127.332186,36.386423],[127.33217,36.3864],[127.332168,36.386397],[127.332167,36.386396],[127.332112,36.386312],[127.331692,36.385715],[127.33151,36.385458],[127.331477,36.38541],[127.331438,36.385356],[127.331374,36.385266],[127.331353,36.385238],[127.331272,36.385038],[127.331084,36.384899],[127.331071,36.384883],[127.331023,36.384825],[127.331007,36.384749],[127.330866,36.384499],[127.330859,36.384482],[127.330763,36.384496],[127.330755,36.384497],[127.330678,36.384506],[127.33069,36.384449],[127.33054,36.384374],[127.330449,36.384311],[127.330243,36.384034],[127.330252,36.383959],[127.329798,36.383988],[127.329554,36.383676],[127.329383,36.383531],[127.329383,36.383522],[127.329386,36.383352],[127.329388,36.383243],[127.329403,36.383076],[127.329418,36.382911],[127.329414,36.382867],[127.329411,36.38283],[127.329401,36.382699],[127.329395,36.382643],[127.329416,36.38257],[127.329411,36.382545],[127.329398,36.382466],[127.329441,36.382398],[127.329434,36.382353],[127.329429,36.382318],[127.329425,36.382304],[127.329397,36.382243],[127.329344,36.382243],[127.329261,36.382177],[127.329222,36.382155],[127.329131,36.382108],[127.329057,36.382092],[127.329051,36.382091],[127.32902,36.382084],[127.329004,36.382031],[127.328991,36.381985],[127.328984,36.381959],[127.328981,36.381948],[127.328976,36.381927],[127.328975,36.381926],[127.328913,36.381891],[127.328909,36.381848],[127.328908,36.381846],[127.328906,36.381823],[127.328904,36.381812],[127.328901,36.381784],[127.328904,36.381771],[127.328909,36.381753],[127.328912,36.381739],[127.328905,36.381729],[127.328886,36.381699],[127.328873,36.381681],[127.328779,36.381675],[127.328688,36.381669],[127.328552,36.381659],[127.328453,36.381648],[127.328435,36.38158],[127.328426,36.381546],[127.328427,36.381338],[127.328409,36.381279],[127.328391,36.38122],[127.328382,36.381203],[127.32835,36.381142],[127.328347,36.381135],[127.328313,36.381076],[127.3283,36.381045],[127.328285,36.381013],[127.328273,36.380988],[127.328256,36.380956],[127.328236,36.38092],[127.328232,36.380911],[127.328227,36.380901],[127.328227,36.3809],[127.3282,36.380852],[127.328154,36.380771],[127.32811,36.380663],[127.328072,36.380664],[127.327752,36.380671],[127.327711,36.380672],[127.32757,36.380674],[127.327503,36.380676],[127.327464,36.380657],[127.327415,36.380582],[127.327337,36.380459],[127.327312,36.380421],[127.327267,36.380351],[127.32661,36.379326],[127.326523,36.379191],[127.326471,36.379108],[127.326162,36.378627],[127.325951,36.378298],[127.325941,36.378282],[127.325836,36.378113],[127.325795,36.378048],[127.325503,36.377572],[127.325467,36.377522],[127.325379,36.377396],[127.325374,36.377389],[127.325355,36.377369],[127.32525,36.37726],[127.325239,36.377257],[127.325214,36.377232],[127.325159,36.37718],[127.325157,36.377184],[127.325048,36.377003],[127.324966,36.376955],[127.324886,36.376908],[127.324663,36.376777],[127.324551,36.376996],[127.324505,36.376895],[127.324283,36.376807],[127.324116,36.376698],[127.322731,36.376136],[127.322579,36.376116],[127.322408,36.376093],[127.321937,36.376094],[127.321834,36.376094],[127.321652,36.376095],[127.32124,36.376096],[127.321224,36.376096],[127.321155,36.376096],[127.320791,36.376097],[127.320623,36.376098],[127.320563,36.376098],[127.320432,36.376098],[127.320286,36.376099],[127.319953,36.3761],[127.319821,36.376126],[127.31966,36.376127],[127.319643,36.376127],[127.319554,36.376127],[127.319437,36.376127],[127.319357,36.376117],[127.319234,36.376101],[127.319165,36.376102],[127.318773,36.376103],[127.318617,36.376103],[127.318518,36.37613],[127.318267,36.376131],[127.318261,36.376131],[127.318199,36.376131],[127.317892,36.376137],[127.317593,36.376142],[127.317526,36.376143],[127.31737,36.376143],[127.317164,36.376106],[127.31679,36.376107],[127.316554,36.376108],[127.316439,36.376108],[127.315971,36.37611],[127.315569,36.376111],[127.315231,36.376112],[127.315136,36.376112],[127.315068,36.376112],[127.314856,36.376113],[127.314773,36.376314],[127.314752,36.376364],[127.314748,36.376458],[127.314739,36.376683],[127.314729,36.376849],[127.314727,36.376901],[127.314723,36.377008],[127.314722,36.377012],[127.31472,36.377112],[127.314709,36.377274],[127.314709,36.377277],[127.31471,36.377309],[127.314712,36.377422],[127.314713,36.377463],[127.314713,36.377463],[127.31472,36.377741],[127.314721,36.377746],[127.314726,36.377958],[127.314737,36.378263],[127.314799,36.378524],[127.314835,36.378686],[127.314835,36.378687],[127.314847,36.378738],[127.314847,36.37874],[127.314891,36.378931],[127.314932,36.379114],[127.314934,36.37912],[127.31494,36.379149],[127.314945,36.379171],[127.314953,36.379209],[127.314958,36.379228],[127.31497,36.379286],[127.315017,36.379495],[127.315062,36.379697],[127.315092,36.379834],[127.315132,36.380009],[127.315142,36.38006],[127.315146,36.380069],[127.315173,36.380046],[127.315252,36.379983],[127.315283,36.379988],[127.315299,36.379987],[127.315395,36.379988],[127.315529,36.379976],[127.315606,36.379978],[127.315795,36.379981],[127.315814,36.379983],[127.315843,36.379971],[127.31586,36.379963],[127.315897,36.379947],[127.316008,36.379899],[127.31601,36.379901],[127.316096,36.380003],[127.31611,36.380019],[127.316224,36.38016],[127.316224,36.380205],[127.316224,36.38038],[127.316234,36.380517],[127.31635,36.38069],[127.316414,36.38079],[127.316452,36.380849],[127.316498,36.380921],[127.316501,36.38093],[127.316643,36.381366],[127.316693,36.38152],[127.316709,36.38157],[127.316797,36.381879],[127.316805,36.381905],[127.316814,36.381938],[127.316816,36.381943],[127.316883,36.382175],[127.316891,36.382203],[127.316933,36.382344],[127.316975,36.382485],[127.317023,36.382623],[127.31724,36.383324],[127.317259,36.383383],[127.317283,36.383466],[127.317451,36.383405],[127.317513,36.383383],[127.317575,36.38336],[127.317616,36.383345],[127.317585,36.383393],[127.317589,36.383408],[127.317594,36.383423],[127.317599,36.383441],[127.317604,36.383458],[127.317613,36.383484],[127.317619,36.383502],[127.317622,36.38351],[127.31763,36.383527],[127.317637,36.383544],[127.317645,36.383561],[127.317654,36.383578],[127.317662,36.383594],[127.317672,36.383611],[127.317681,36.383626],[127.317813,36.38378],[127.317833,36.383799],[127.317841,36.383806],[127.317857,36.383818],[127.317873,36.383831],[127.317889,36.383843],[127.317906,36.383855],[127.317923,36.383867],[127.317941,36.383878],[127.317968,36.383894],[127.317995,36.383909],[127.318014,36.383919],[127.318033,36.383929],[127.318139,36.383983],[127.318394,36.384111],[127.318477,36.384153],[127.318505,36.384167],[127.318534,36.384181],[127.318554,36.38419],[127.318573,36.384198],[127.318583,36.384202],[127.318593,36.384206],[127.318604,36.384209],[127.318615,36.384212],[127.318647,36.384219],[127.318668,36.384223],[127.31869,36.384227],[127.318712,36.38423],[127.318745,36.384234],[127.318767,36.384236],[127.318801,36.384236],[127.318899,36.384236],[127.318925,36.384236],[127.318973,36.384198],[127.319053,36.384199],[127.31914,36.3842],[127.319138,36.384272],[127.319136,36.384354],[127.319135,36.384381],[127.319132,36.384408],[127.319129,36.384435],[127.319126,36.384462],[127.31912,36.384498],[127.319113,36.384533],[127.319109,36.384551],[127.319102,36.384581],[127.319101,36.384587],[127.319096,36.384604],[127.319091,36.38462],[127.319126,36.384619],[127.319126,36.38462],[127.319118,36.384647],[127.319109,36.384673],[127.3191,36.384699],[127.31909,36.384725],[127.31908,36.38475],[127.319069,36.384776],[127.31906,36.384794],[127.319057,36.384801],[127.319047,36.384822],[127.319045,36.384827],[127.319032,36.384852],[127.319018,36.384876],[127.319004,36.384901],[127.318989,36.384925],[127.318987,36.384929],[127.318974,36.384949],[127.318958,36.384973],[127.318942,36.384997],[127.318924,36.38502],[127.318907,36.385043],[127.318888,36.385067],[127.31887,36.385088],[127.318851,36.385111],[127.318831,36.385132],[127.318811,36.385154],[127.31879,36.385175],[127.318769,36.385196],[127.318766,36.385199],[127.318747,36.385217],[127.318725,36.385237],[127.318702,36.385256],[127.318686,36.38527],[127.318422,36.385485],[127.318382,36.385516],[127.318336,36.385554],[127.318259,36.385617],[127.318174,36.385686],[127.318134,36.385718],[127.318095,36.38575],[127.318057,36.385779],[127.318054,36.385781],[127.318014,36.385812],[127.317973,36.385842],[127.317932,36.385873],[127.31789,36.385903],[127.317849,36.385933],[127.31784,36.385939],[127.317807,36.385963],[127.317764,36.385992],[127.317722,36.386021],[127.317679,36.38605],[127.317639,36.386077],[127.317523,36.386154],[127.317453,36.3862],[127.317399,36.38623],[127.317363,36.386251],[127.317327,36.386272],[127.317282,36.386298],[127.317236,36.386325],[127.31719,36.38635],[127.317145,36.386376],[127.317098,36.386402],[127.317052,36.386426],[127.317005,36.386451],[127.317001,36.386502],[127.317485,36.386733],[127.317537,36.386746],[127.317622,36.386767],[127.317924,36.386912],[127.317997,36.386947],[127.31804,36.386933],[127.317945,36.387091],[127.317854,36.387241],[127.317632,36.387546],[127.317592,36.387654],[127.317477,36.38781],[127.317898,36.387691],[127.318334,36.387568],[127.3182,36.387758],[127.318124,36.387831],[127.318089,36.387865],[127.318069,36.387884],[127.317927,36.388077],[127.317868,36.388157],[127.31768,36.388415],[127.317249,36.389005],[127.31712,36.389182],[127.316907,36.389474],[127.316725,36.389724],[127.316723,36.389726],[127.3167,36.389758],[127.316606,36.389886],[127.316418,36.390144],[127.316177,36.390473],[127.315965,36.390765],[127.31585,36.390922],[127.315758,36.391048],[127.315666,36.391174],[127.315606,36.391256],[127.315591,36.391277],[127.315447,36.391366],[127.315342,36.39143],[127.315325,36.391443],[127.315205,36.391597],[127.315194,36.39161],[127.315185,36.391622],[127.315175,36.391636],[127.315162,36.391651],[127.315111,36.391715],[127.315059,36.391749],[127.31506,36.39176],[127.315067,36.391895],[127.315,36.391955],[127.314828,36.39211],[127.31477,36.392163],[127.314761,36.392178],[127.314743,36.392208],[127.314595,36.392458],[127.314598,36.392471],[127.3146,36.392481],[127.314597,36.392481],[127.314593,36.39248],[127.314604,36.392624],[127.314393,36.392913],[127.314334,36.392994],[127.314275,36.393075],[127.314085,36.393335],[127.313647,36.393935],[127.313338,36.394359],[127.313321,36.394382],[127.313292,36.394421],[127.313043,36.394763],[127.312588,36.395386],[127.312571,36.395409],[127.312566,36.395417],[127.31253,36.395515],[127.312313,36.395812],[127.312244,36.395928],[127.312209,36.395988],[127.312063,36.396167],[127.311983,36.396265],[127.311972,36.396279],[127.311851,36.3964],[127.311829,36.396421],[127.311716,36.396576],[127.311517,36.396853],[127.311409,36.397004],[127.311345,36.397035],[127.311298,36.397099],[127.311265,36.397143],[127.311206,36.397142],[127.311163,36.397187],[127.311126,36.397241],[127.31109,36.397298],[127.310988,36.397468],[127.310983,36.397473],[127.310886,36.397564],[127.310701,36.397736],[127.310553,36.397924],[127.310498,36.398103],[127.310493,36.398174],[127.310483,36.398311],[127.310479,36.398331],[127.310459,36.398451],[127.310461,36.398463],[127.310465,36.398487],[127.310518,36.398683],[127.310545,36.398737],[127.310551,36.398749],[127.310612,36.398869],[127.31061,36.398882],[127.310578,36.399071],[127.310568,36.399093],[127.310549,36.399097],[127.310547,36.399113],[127.310552,36.399126],[127.310523,36.399114],[127.310511,36.399105],[127.310431,36.399046],[127.310381,36.399008],[127.310302,36.398947],[127.310245,36.398903],[127.310199,36.398868],[127.310191,36.398862],[127.310181,36.39886],[127.310132,36.398849],[127.309956,36.398796],[127.309951,36.398795],[127.309957,36.398781],[127.30987,36.3988],[127.309783,36.398819],[127.309536,36.398873],[127.309329,36.398945],[127.309209,36.398966],[127.309127,36.398981],[127.308904,36.399021],[127.308468,36.399099],[127.308177,36.399151],[127.3081,36.399164],[127.308064,36.399171],[127.307993,36.399184],[127.307845,36.39921],[127.307658,36.399243],[127.30756,36.399261],[127.307452,36.39926],[127.307305,36.39926],[127.307167,36.399259],[127.30688,36.399227],[127.306827,36.399242],[127.306798,36.39925],[127.306692,36.399171],[127.306558,36.399035],[127.306457,36.399005],[127.305953,36.398844],[127.305805,36.398836],[127.305633,36.398812],[127.305399,36.39878],[127.305125,36.398638],[127.304887,36.398514],[127.304881,36.398347],[127.304881,36.398346],[127.304817,36.398328],[127.304315,36.398186],[127.304307,36.398184],[127.304252,36.398235],[127.303742,36.398706],[127.303422,36.399283],[127.303157,36.399693],[127.303141,36.399718],[127.303104,36.399774],[127.303102,36.399778],[127.302843,36.400178],[127.301568,36.400368],[127.30155,36.400368],[127.300863,36.400347],[127.300332,36.400418],[127.300194,36.400682],[127.299548,36.400523],[127.298809,36.400341],[127.298768,36.400325],[127.298134,36.400072],[127.297881,36.399971],[127.297859,36.399712],[127.297825,36.39971],[127.296658,36.39964],[127.29625,36.399459],[127.295576,36.39916],[127.294894,36.398974],[127.294643,36.398905],[127.294498,36.399],[127.294212,36.399189],[127.293829,36.399156],[127.293639,36.399197],[127.293571,36.399298],[127.293402,36.399285],[127.293135,36.3995],[127.292627,36.39969],[127.292049,36.40005],[127.291921,36.400056],[127.291293,36.400082],[127.291294,36.400045],[127.291261,36.400032],[127.291241,36.400023],[127.290845,36.399855],[127.290824,36.399846],[127.290077,36.399525],[127.289886,36.399443],[127.289667,36.399309],[127.289576,36.399302],[127.289159,36.399272],[127.289041,36.39936],[127.28881,36.399272],[127.288627,36.399201],[127.288198,36.399165],[127.287742,36.399127],[127.287002,36.399288],[127.286642,36.399073],[127.286634,36.399068],[127.286351,36.398899],[127.286014,36.39878],[127.285682,36.398611],[127.285169,36.39867],[127.284618,36.398549],[127.283964,36.398381],[127.283187,36.398504],[127.282728,36.398614],[127.28212,36.398185],[127.282114,36.39818],[127.281649,36.397803],[127.281415,36.397685],[127.281197,36.397576],[127.280972,36.397407],[127.280658,36.397158],[127.280411,36.396967],[127.280018,36.396805],[127.279617,36.396698],[127.279472,36.396674],[127.279454,36.396671],[127.279066,36.396591],[127.278679,36.3966],[127.278663,36.396601],[127.278644,36.396601],[127.278482,36.39676],[127.278491,36.396796],[127.278556,36.397077],[127.278614,36.397288],[127.278713,36.397654],[127.278717,36.397666],[127.278753,36.397789],[127.278865,36.398195],[127.278835,36.398357],[127.278778,36.398689],[127.278995,36.399114],[127.279039,36.3992],[127.279121,36.39936],[127.279146,36.399411],[127.279244,36.399598],[127.279337,36.399764],[127.279416,36.399908],[127.279434,36.39994],[127.279468,36.400026],[127.27947,36.400031],[127.279484,36.400069],[127.279577,36.400304],[127.279591,36.400339],[127.279597,36.400437],[127.279629,36.400653],[127.279726,36.40088],[127.279892,36.40127],[127.280128,36.401828],[127.280179,36.401963],[127.280281,36.402231],[127.280445,36.402641],[127.280607,36.403047],[127.280725,36.403324],[127.280725,36.403325],[127.280685,36.403772],[127.280735,36.404045],[127.280777,36.404274],[127.280901,36.40453],[127.280908,36.404545],[127.280978,36.404689],[127.281039,36.404817],[127.281039,36.404818],[127.280946,36.404947],[127.280932,36.404966],[127.280908,36.405462],[127.280881,36.405703],[127.280879,36.405721],[127.28064,36.405997],[127.280623,36.406808],[127.281056,36.407464],[127.281187,36.407735],[127.281166,36.408064],[127.281167,36.408174],[127.281211,36.408224],[127.281532,36.408655],[127.281794,36.409006],[127.281792,36.409035],[127.28179,36.409058],[127.281787,36.409103],[127.281771,36.409342],[127.281748,36.409729],[127.281744,36.409794],[127.281744,36.409795],[127.281718,36.409827],[127.281649,36.409915],[127.281557,36.410028],[127.28138,36.410496],[127.281479,36.410665],[127.281821,36.411151],[127.282143,36.411513],[127.282255,36.411859],[127.282297,36.411989],[127.282233,36.412126],[127.282116,36.412377],[127.282185,36.413377],[127.282021,36.413912],[127.281979,36.414045],[127.281965,36.414087],[127.281958,36.414109],[127.281968,36.414141],[127.28212,36.414611],[127.282124,36.414612],[127.282238,36.414646],[127.282417,36.414699],[127.282727,36.414791],[127.283161,36.414936],[127.283365,36.415],[127.284235,36.415042],[127.284334,36.41505],[127.284596,36.415201],[127.284895,36.415236],[127.284983,36.415243],[127.285203,36.415271],[127.285725,36.415151],[127.285734,36.415149],[127.286818,36.415309],[127.287283,36.415436],[127.287441,36.415479],[127.287519,36.415499],[127.287536,36.415503],[127.288782,36.415756],[127.288882,36.415814],[127.28899,36.415878],[127.289146,36.415969],[127.289213,36.416008],[127.28929,36.416028],[127.289302,36.41603],[127.289338,36.416038],[127.289356,36.416042],[127.289585,36.416086],[127.290577,36.416081],[127.290694,36.416081],[127.290746,36.41608],[127.29076,36.41608],[127.290997,36.416132],[127.291047,36.416143],[127.291086,36.416152],[127.291142,36.418536],[127.291153,36.418534],[127.291172,36.418531],[127.291269,36.418517],[127.291299,36.418515],[127.291266,36.418626],[127.291258,36.418652],[127.291248,36.418684],[127.291483,36.41871],[127.291742,36.418738],[127.291846,36.418739],[127.291918,36.418738],[127.292243,36.418739],[127.292464,36.418703],[127.292815,36.418647],[127.293153,36.418567],[127.293155,36.418567],[127.293162,36.418568],[127.293486,36.418577],[127.293514,36.418591],[127.293668,36.41867],[127.293669,36.418671],[127.293893,36.418785],[127.293932,36.418805],[127.29438,36.419141],[127.294773,36.419455],[127.29479,36.419468],[127.294794,36.419472],[127.295312,36.41977],[127.295188,36.419943],[127.29519,36.419944],[127.295189,36.419945],[127.295198,36.420091],[127.295219,36.420462],[127.295179,36.420855],[127.294995,36.421039],[127.294584,36.42138],[127.294209,36.421437],[127.294203,36.421471],[127.294164,36.421695],[127.294219,36.421714],[127.294217,36.421749],[127.294204,36.421985],[127.294196,36.422127],[127.294192,36.422203],[127.29425,36.422224],[127.295486,36.422672],[127.295523,36.422701],[127.295614,36.422773],[127.295629,36.422757],[127.295631,36.422755],[127.295632,36.422755],[127.295634,36.422754],[127.295635,36.422753],[127.295637,36.422753],[127.295639,36.422753],[127.295641,36.422753],[127.295643,36.422754],[127.295644,36.422754],[127.295646,36.422755],[127.29574,36.422824],[127.295741,36.422825],[127.295742,36.422827],[127.295743,36.422828],[127.295743,36.42283],[127.295744,36.422831],[127.295743,36.422833],[127.295743,36.422834],[127.295742,36.422836],[127.295741,36.422837],[127.29572,36.422857],[127.295749,36.422879],[127.295758,36.422887],[127.296041,36.422993],[127.296165,36.423064],[127.296174,36.423069],[127.296418,36.423208],[127.296539,36.423175],[127.296641,36.423149],[127.296955,36.423069],[127.297303,36.423089],[127.297368,36.423093],[127.298012,36.423125],[127.298213,36.423133],[127.298219,36.423132],[127.298532,36.423058],[127.29934,36.42288],[127.299361,36.42288],[127.299364,36.42288],[127.299374,36.422863],[127.299602,36.422461],[127.299718,36.422413],[127.299863,36.422353],[127.300528,36.422034],[127.300796,36.421906],[127.300808,36.4219],[127.301014,36.421852],[127.301389,36.421843],[127.301474,36.421841],[127.301725,36.4223],[127.301837,36.422504],[127.301852,36.422533],[127.301916,36.423089],[127.301921,36.423124],[127.302443,36.423852],[127.302446,36.423857],[127.30252,36.423988],[127.302614,36.424154],[127.302826,36.424286],[127.303502,36.424676],[127.30381,36.424629],[127.303949,36.424608],[127.304134,36.42458],[127.304684,36.424711],[127.305036,36.424795],[127.30638,36.42483],[127.306878,36.424733],[127.307527,36.424779],[127.308001,36.424644],[127.308505,36.424499],[127.308587,36.424476],[127.309545,36.42456],[127.309746,36.424673],[127.309941,36.424782],[127.310165,36.424846],[127.310215,36.42486],[127.310265,36.424874],[127.310295,36.424883],[127.310602,36.424792],[127.310611,36.424789],[127.310885,36.424708],[127.310949,36.424689]]]}},{"type":"Feature","properties":{"ADM_CD":"25040670","dong":"노은3동"},"geometry":{"type":"Polygon","coordinates":[[[127.300332,36.400418],[127.300863,36.400347],[127.30155,36.400368],[127.301568,36.400368],[127.302843,36.400178],[127.303102,36.399778],[127.303104,36.399774],[127.303141,36.399718],[127.303157,36.399693],[127.303422,36.399283],[127.303742,36.398706],[127.304252,36.398235],[127.304307,36.398184],[127.304315,36.398186],[127.304817,36.398328],[127.304881,36.398346],[127.304881,36.398347],[127.304887,36.398514],[127.305125,36.398638],[127.305399,36.39878],[127.305633,36.398812],[127.305805,36.398836],[127.305953,36.398844],[127.306457,36.399005],[127.306558,36.399035],[127.306692,36.399171],[127.306798,36.39925],[127.306827,36.399242],[127.30688,36.399227],[127.307167,36.399259],[127.307305,36.39926],[127.307452,36.39926],[127.30756,36.399261],[127.307658,36.399243],[127.307845,36.39921],[127.307993,36.399184],[127.308064,36.399171],[127.3081,36.399164],[127.308177,36.399151],[127.308468,36.399099],[127.308904,36.399021],[127.309127,36.398981],[127.309209,36.398966],[127.309329,36.398945],[127.309536,36.398873],[127.309783,36.398819],[127.30987,36.3988],[127.309957,36.398781],[127.309951,36.398795],[127.309956,36.398796],[127.310132,36.398849],[127.310181,36.39886],[127.310191,36.398862],[127.310199,36.398868],[127.310245,36.398903],[127.310302,36.398947],[127.310381,36.399008],[127.310431,36.399046],[127.310511,36.399105],[127.310523,36.399114],[127.310552,36.399126],[127.310547,36.399113],[127.310549,36.399097],[127.310568,36.399093],[127.310578,36.399071],[127.31061,36.398882],[127.310612,36.398869],[127.310551,36.398749],[127.310545,36.398737],[127.310518,36.398683],[127.310465,36.398487],[127.310461,36.398463],[127.310459,36.398451],[127.310479,36.398331],[127.310483,36.398311],[127.310493,36.398174],[127.310498,36.398103],[127.310553,36.397924],[127.310701,36.397736],[127.310886,36.397564],[127.310983,36.397473],[127.310988,36.397468],[127.31109,36.397298],[127.311126,36.397241],[127.311163,36.397187],[127.311206,36.397142],[127.311265,36.397143],[127.311298,36.397099],[127.311345,36.397035],[127.311409,36.397004],[127.311517,36.396853],[127.311716,36.396576],[127.311829,36.396421],[127.311851,36.3964],[127.311972,36.396279],[127.311983,36.396265],[127.312063,36.396167],[127.312209,36.395988],[127.312244,36.395928],[127.312313,36.395812],[127.31253,36.395515],[127.312566,36.395417],[127.312571,36.395409],[127.312588,36.395386],[127.313043,36.394763],[127.313292,36.394421],[127.313321,36.394382],[127.313338,36.394359],[127.313647,36.393935],[127.314085,36.393335],[127.314275,36.393075],[127.314334,36.392994],[127.314393,36.392913],[127.314604,36.392624],[127.314593,36.39248],[127.314597,36.392481],[127.3146,36.392481],[127.314598,36.392471],[127.314595,36.392458],[127.314743,36.392208],[127.314761,36.392178],[127.31477,36.392163],[127.314828,36.39211],[127.315,36.391955],[127.315067,36.391895],[127.31506,36.39176],[127.315059,36.391749],[127.315111,36.391715],[127.315162,36.391651],[127.315175,36.391636],[127.315185,36.391622],[127.315194,36.39161],[127.315205,36.391597],[127.315325,36.391443],[127.315342,36.39143],[127.315447,36.391366],[127.315591,36.391277],[127.315606,36.391256],[127.315666,36.391174],[127.315758,36.391048],[127.31585,36.390922],[127.315965,36.390765],[127.316177,36.390473],[127.316418,36.390144],[127.316606,36.389886],[127.3167,36.389758],[127.316723,36.389726],[127.316725,36.389724],[127.316907,36.389474],[127.31712,36.389182],[127.317249,36.389005],[127.31768,36.388415],[127.317868,36.388157],[127.317927,36.388077],[127.318069,36.387884],[127.318089,36.387865],[127.318124,36.387831],[127.3182,36.387758],[127.318334,36.387568],[127.317898,36.387691],[127.317477,36.38781],[127.317592,36.387654],[127.317632,36.387546],[127.317854,36.387241],[127.317945,36.387091],[127.31804,36.386933],[127.317997,36.386947],[127.317924,36.386912],[127.317622,36.386767],[127.317537,36.386746],[127.317485,36.386733],[127.317001,36.386502],[127.317005,36.386451],[127.317052,36.386426],[127.317098,36.386402],[127.317145,36.386376],[127.31719,36.38635],[127.317236,36.386325],[127.317282,36.386298],[127.317327,36.386272],[127.317363,36.386251],[127.317399,36.38623],[127.317453,36.3862],[127.317523,36.386154],[127.317639,36.386077],[127.317679,36.38605],[127.317722,36.386021],[127.317764,36.385992],[127.317807,36.385963],[127.31784,36.385939],[127.317849,36.385933],[127.31789,36.385903],[127.317932,36.385873],[127.317973,36.385842],[127.318014,36.385812],[127.318054,36.385781],[127.318057,36.385779],[127.318095,36.38575],[127.318134,36.385718],[127.318174,36.385686],[127.318259,36.385617],[127.318336,36.385554],[127.318382,36.385516],[127.318422,36.385485],[127.318686,36.38527],[127.318702,36.385256],[127.318725,36.385237],[127.318747,36.385217],[127.318766,36.385199],[127.318769,36.385196],[127.31879,36.385175],[127.318811,36.385154],[127.318831,36.385132],[127.318851,36.385111],[127.31887,36.385088],[127.318888,36.385067],[127.318907,36.385043],[127.318924,36.38502],[127.318942,36.384997],[127.318958,36.384973],[127.318974,36.384949],[127.318987,36.384929],[127.318989,36.384925],[127.319004,36.384901],[127.319018,36.384876],[127.319032,36.384852],[127.319045,36.384827],[127.319047,36.384822],[127.319057,36.384801],[127.31906,36.384794],[127.319069,36.384776],[127.31908,36.38475],[127.31909,36.384725],[127.3191,36.384699],[127.319109,36.384673],[127.319118,36.384647],[127.319126,36.38462],[127.319126,36.384619],[127.319091,36.38462],[127.319096,36.384604],[127.319101,36.384587],[127.319102,36.384581],[127.319109,36.384551],[127.319113,36.384533],[127.31912,36.384498],[127.319126,36.384462],[127.319129,36.384435],[127.319132,36.384408],[127.319135,36.384381],[127.319136,36.384354],[127.319138,36.384272],[127.31914,36.3842],[127.319053,36.384199],[127.318973,36.384198],[127.318925,36.384236],[127.318899,36.384236],[127.318801,36.384236],[127.318767,36.384236],[127.318745,36.384234],[127.318712,36.38423],[127.31869,36.384227],[127.318668,36.384223],[127.318647,36.384219],[127.318615,36.384212],[127.318604,36.384209],[127.318593,36.384206],[127.318583,36.384202],[127.318573,36.384198],[127.318554,36.38419],[127.318534,36.384181],[127.318505,36.384167],[127.318477,36.384153],[127.318394,36.384111],[127.318139,36.383983],[127.318033,36.383929],[127.318014,36.383919],[127.317995,36.383909],[127.317968,36.383894],[127.317941,36.383878],[127.317923,36.383867],[127.317906,36.383855],[127.317889,36.383843],[127.317873,36.383831],[127.317857,36.383818],[127.317841,36.383806],[127.317833,36.383799],[127.317813,36.38378],[127.317681,36.383626],[127.317672,36.383611],[127.317662,36.383594],[127.317654,36.383578],[127.317645,36.383561],[127.317637,36.383544],[127.31763,36.383527],[127.317622,36.38351],[127.317619,36.383502],[127.317613,36.383484],[127.317604,36.383458],[127.317599,36.383441],[127.317594,36.383423],[127.317589,36.383408],[127.317585,36.383393],[127.317616,36.383345],[127.317575,36.38336],[127.317513,36.383383],[127.317451,36.383405],[127.317283,36.383466],[127.317259,36.383383],[127.31724,36.383324],[127.317023,36.382623],[127.316975,36.382485],[127.316933,36.382344],[127.316891,36.382203],[127.316883,36.382175],[127.316816,36.381943],[127.316814,36.381938],[127.316805,36.381905],[127.316797,36.381879],[127.316709,36.38157],[127.316693,36.38152],[127.316643,36.381366],[127.316501,36.38093],[127.316498,36.380921],[127.316452,36.380849],[127.316414,36.38079],[127.31635,36.38069],[127.316234,36.380517],[127.316224,36.38038],[127.316224,36.380205],[127.316224,36.38016],[127.31611,36.380019],[127.316096,36.380003],[127.31601,36.379901],[127.316008,36.379899],[127.315897,36.379947],[127.31586,36.379963],[127.315843,36.379971],[127.315814,36.379983],[127.315795,36.379981],[127.315606,36.379978],[127.315529,36.379976],[127.315395,36.379988],[127.315299,36.379987],[127.315283,36.379988],[127.315252,36.379983],[127.315173,36.380046],[127.315146,36.380069],[127.315142,36.38006],[127.315132,36.380009],[127.315092,36.379834],[127.315062,36.379697],[127.315017,36.379495],[127.31497,36.379286],[127.314958,36.379228],[127.314953,36.379209],[127.314945,36.379171],[127.31494,36.379149],[127.314934,36.37912],[127.314932,36.379114],[127.314891,36.378931],[127.314847,36.37874],[127.314847,36.378738],[127.314835,36.378687],[127.314835,36.378686],[127.314799,36.378524],[127.314737,36.378263],[127.314726,36.377958],[127.314721,36.377746],[127.31472,36.377741],[127.314713,36.377463],[127.314713,36.377463],[127.314712,36.377422],[127.31471,36.377309],[127.314709,36.377277],[127.314709,36.377274],[127.31472,36.377112],[127.314722,36.377012],[127.314723,36.377008],[127.314727,36.376901],[127.314729,36.376849],[127.314739,36.376683],[127.314748,36.376458],[127.314752,36.376364],[127.314773,36.376314],[127.314856,36.376113],[127.314914,36.375973],[127.314959,36.375863],[127.315049,36.375627],[127.315074,36.375561],[127.315073,36.375554],[127.315068,36.375522],[127.315061,36.375479],[127.315058,36.375458],[127.314882,36.375359],[127.314848,36.375359],[127.314723,36.375375],[127.314672,36.375363],[127.314662,36.375356],[127.314576,36.375302],[127.314551,36.375267],[127.314512,36.375215],[127.314474,36.375087],[127.314546,36.375012],[127.314786,36.3749],[127.314876,36.374784],[127.314885,36.374736],[127.314888,36.374721],[127.314913,36.374597],[127.314923,36.374469],[127.314948,36.374229],[127.314967,36.374035],[127.314969,36.374023],[127.314974,36.373972],[127.31498,36.373941],[127.314983,36.373891],[127.314984,36.373878],[127.314987,36.373846],[127.31501,36.373605],[127.315027,36.373376],[127.315027,36.373375],[127.31503,36.373333],[127.315042,36.373258],[127.315046,36.373162],[127.315049,36.373081],[127.315055,36.373075],[127.315048,36.373064],[127.315052,36.373046],[127.315258,36.372732],[127.315265,36.37272],[127.315312,36.372639],[127.315367,36.372536],[127.315458,36.372367],[127.315315,36.372358],[127.315172,36.372349],[127.315167,36.372349],[127.315033,36.372341],[127.314688,36.372322],[127.314403,36.372305],[127.314395,36.372312],[127.31428,36.372398],[127.313988,36.372467],[127.313809,36.372511],[127.313507,36.372508],[127.313167,36.372412],[127.312679,36.372476],[127.312674,36.372471],[127.312552,36.372327],[127.312537,36.372318],[127.31216,36.372085],[127.311785,36.372022],[127.311113,36.371634],[127.310654,36.371505],[127.310652,36.371504],[127.310506,36.371618],[127.310283,36.371909],[127.310149,36.372013],[127.30998,36.37212],[127.309891,36.372261],[127.309919,36.372446],[127.310018,36.372666],[127.310213,36.372893],[127.310186,36.373021],[127.31008,36.373192],[127.310042,36.373254],[127.30992,36.373452],[127.309643,36.373386],[127.309087,36.373157],[127.308832,36.373211],[127.30875,36.373275],[127.308665,36.373268],[127.30862,36.373265],[127.308617,36.373262],[127.30856,36.37323],[127.308436,36.37316],[127.308376,36.373126],[127.308234,36.373085],[127.308128,36.373044],[127.307477,36.372794],[127.307458,36.372862],[127.307169,36.372864],[127.306892,36.372788],[127.306887,36.372786],[127.306517,36.372776],[127.305763,36.372756],[127.305479,36.372529],[127.305458,36.372512],[127.305315,36.372397],[127.305262,36.372396],[127.304642,36.372254],[127.304178,36.37247],[127.303854,36.37258],[127.30342,36.372689],[127.303214,36.372683],[127.303292,36.373115],[127.303291,36.373425],[127.30329,36.37364],[127.303412,36.374233],[127.302909,36.374464],[127.302844,36.374494],[127.302665,36.374693],[127.302287,36.374688],[127.302088,36.374604],[127.301763,36.374935],[127.30163,36.374955],[127.301429,36.375013],[127.300907,36.375162],[127.300343,36.375803],[127.300334,36.376389],[127.30033,36.376661],[127.300328,36.376759],[127.300167,36.377094],[127.299951,36.377208],[127.299875,36.377341],[127.299596,36.37783],[127.299141,36.378628],[127.299123,36.378754],[127.299101,36.378903],[127.299651,36.379501],[127.299462,36.379704],[127.299602,36.380293],[127.299501,36.380435],[127.299397,36.38058],[127.29851,36.380208],[127.298155,36.380243],[127.297945,36.380527],[127.297772,36.380763],[127.297434,36.380961],[127.297433,36.380977],[127.297427,36.381136],[127.297409,36.381152],[127.297373,36.381184],[127.296923,36.38159],[127.296466,36.38145],[127.296214,36.381427],[127.29607,36.381326],[127.296032,36.381299],[127.295873,36.381248],[127.29568,36.381188],[127.295521,36.381138],[127.295495,36.381147],[127.295252,36.381238],[127.294954,36.381061],[127.294816,36.380979],[127.294635,36.381021],[127.293829,36.381207],[127.293249,36.381381],[127.293007,36.381742],[127.292855,36.381797],[127.292577,36.381775],[127.292443,36.381654],[127.292081,36.381572],[127.291991,36.381552],[127.291891,36.38164],[127.291817,36.381706],[127.291748,36.381691],[127.291012,36.381533],[127.290918,36.381388],[127.289725,36.381002],[127.288351,36.381412],[127.287941,36.38192],[127.287836,36.38195],[127.287469,36.382057],[127.286969,36.382305],[127.286837,36.382291],[127.28678,36.382285],[127.285385,36.382142],[127.285253,36.382208],[127.285222,36.382223],[127.285093,36.382285],[127.285056,36.382287],[127.285045,36.382287],[127.284893,36.382295],[127.284757,36.382301],[127.284712,36.382339],[127.284314,36.38267],[127.283902,36.38285],[127.283497,36.382781],[127.283049,36.382861],[127.282609,36.3825],[127.282373,36.382405],[127.282147,36.382314],[127.282063,36.382321],[127.281864,36.382338],[127.281403,36.382187],[127.281399,36.382183],[127.281295,36.382095],[127.280983,36.38201],[127.280872,36.38198],[127.279005,36.382058],[127.278793,36.382208],[127.278548,36.382381],[127.278584,36.382821],[127.278798,36.383339],[127.278979,36.38377],[127.278945,36.384434],[127.278907,36.384606],[127.278906,36.384611],[127.278828,36.384963],[127.278707,36.385204],[127.278429,36.385533],[127.278302,36.386376],[127.278057,36.386715],[127.277605,36.386928],[127.277402,36.387023],[127.278459,36.387809],[127.278786,36.388559],[127.278784,36.389451],[127.278946,36.389658],[127.279065,36.390296],[127.279033,36.39106],[127.279116,36.391144],[127.279166,36.391452],[127.279165,36.391481],[127.27899,36.391964],[127.279005,36.392077],[127.279037,36.392404],[127.279027,36.39246],[127.278991,36.392644],[127.278962,36.39279],[127.278924,36.393071],[127.278917,36.393142],[127.278887,36.393424],[127.278857,36.393531],[127.27882,36.393663],[127.278848,36.394293],[127.27886,36.394579],[127.278863,36.39464],[127.2788,36.394737],[127.278731,36.394843],[127.278654,36.39496],[127.278593,36.395397],[127.278619,36.395775],[127.278705,36.396091],[127.278793,36.396417],[127.278803,36.396455],[127.278752,36.396502],[127.278654,36.396592],[127.278644,36.396601],[127.278663,36.396601],[127.278679,36.3966],[127.279066,36.396591],[127.279454,36.396671],[127.279472,36.396674],[127.279617,36.396698],[127.280018,36.396805],[127.280411,36.396967],[127.280658,36.397158],[127.280972,36.397407],[127.281197,36.397576],[127.281415,36.397685],[127.281649,36.397803],[127.282114,36.39818],[127.28212,36.398185],[127.282728,36.398614],[127.283187,36.398504],[127.283964,36.398381],[127.284618,36.398549],[127.285169,36.39867],[127.285682,36.398611],[127.286014,36.39878],[127.286351,36.398899],[127.286634,36.399068],[127.286642,36.399073],[127.287002,36.399288],[127.287742,36.399127],[127.288198,36.399165],[127.288627,36.399201],[127.28881,36.399272],[127.289041,36.39936],[127.289159,36.399272],[127.289576,36.399302],[127.289667,36.399309],[127.289886,36.399443],[127.290077,36.399525],[127.290824,36.399846],[127.290845,36.399855],[127.291241,36.400023],[127.291261,36.400032],[127.291294,36.400045],[127.291293,36.400082],[127.291921,36.400056],[127.292049,36.40005],[127.292627,36.39969],[127.293135,36.3995],[127.293402,36.399285],[127.293571,36.399298],[127.293639,36.399197],[127.293829,36.399156],[127.294212,36.399189],[127.294498,36.399],[127.294643,36.398905],[127.294894,36.398974],[127.295576,36.39916],[127.29625,36.399459],[127.296658,36.39964],[127.297825,36.39971],[127.297859,36.399712],[127.297881,36.399971],[127.298134,36.400072],[127.298768,36.400325],[127.298809,36.400341],[127.299548,36.400523],[127.300194,36.400682],[127.300332,36.400418]]]}},{"type":"Feature","properties":{"ADM_CD":"25040680","dong":"진잠동"},"geometry":{"type":"Polygon","coordinates":[[[127.313726,36.332103],[127.313735,36.3321],[127.313743,36.332111],[127.313793,36.332079],[127.31396,36.331974],[127.313978,36.331962],[127.314086,36.331892],[127.314153,36.331847],[127.314243,36.331786],[127.314321,36.331732],[127.314398,36.33168],[127.314477,36.331608],[127.314512,36.331576],[127.314545,36.331546],[127.314562,36.331524],[127.314564,36.331521],[127.314634,36.331433],[127.314637,36.331429],[127.314723,36.331321],[127.314788,36.331269],[127.314821,36.331262],[127.314942,36.331237],[127.31501,36.331221],[127.315142,36.331189],[127.315196,36.331176],[127.315219,36.331171],[127.31545,36.331024],[127.315583,36.330941],[127.315721,36.330801],[127.315853,36.330667],[127.315915,36.330604],[127.315992,36.330543],[127.316181,36.330413],[127.316264,36.330339],[127.31632,36.33029],[127.316457,36.33017],[127.316615,36.330032],[127.316672,36.329982],[127.316703,36.32994],[127.316777,36.329838],[127.316778,36.329837],[127.316878,36.329701],[127.316958,36.329627],[127.317058,36.329534],[127.31708,36.329485],[127.317136,36.329355],[127.31715,36.329301],[127.317205,36.329099],[127.317207,36.329092],[127.317284,36.328972],[127.317343,36.32888],[127.31736,36.328853],[127.317397,36.328803],[127.317399,36.328798],[127.31742,36.32873],[127.317491,36.3285],[127.317496,36.328484],[127.317538,36.328427],[127.317539,36.328425],[127.317657,36.328265],[127.317842,36.328168],[127.31799,36.32809],[127.318086,36.328066],[127.318213,36.328034],[127.318591,36.32802],[127.318623,36.328019],[127.318687,36.328014],[127.31883,36.328002],[127.318907,36.327997],[127.318926,36.327999],[127.319125,36.328022],[127.319327,36.328054],[127.319524,36.328077],[127.319679,36.328062],[127.319699,36.32806],[127.319921,36.328041],[127.320009,36.328016],[127.320027,36.328011],[127.320029,36.328011],[127.320063,36.328002],[127.320073,36.328001],[127.320144,36.327992],[127.320264,36.327975],[127.32031,36.327977],[127.320548,36.327988],[127.320652,36.32795],[127.320653,36.32795],[127.320795,36.327891],[127.320833,36.327876],[127.320987,36.327679],[127.321085,36.327596],[127.321106,36.32757],[127.32122,36.32751],[127.321241,36.327508],[127.321494,36.327493],[127.321547,36.32751],[127.321854,36.327675],[127.321884,36.327691],[127.322072,36.327705],[127.322182,36.327629],[127.322464,36.327435],[127.322629,36.327441],[127.322729,36.327533],[127.322813,36.32761],[127.322916,36.327655],[127.323142,36.327754],[127.323146,36.327756],[127.323293,36.327722],[127.323435,36.327689],[127.32371,36.327609],[127.323771,36.327557],[127.323775,36.327554],[127.323815,36.327529],[127.324009,36.327408],[127.324084,36.327395],[127.324146,36.327385],[127.324204,36.327373],[127.324204,36.327373],[127.324262,36.327362],[127.32437,36.327345],[127.324513,36.327199],[127.324583,36.327129],[127.324701,36.327008],[127.324742,36.326966],[127.324761,36.326955],[127.32503,36.3268],[127.325044,36.326792],[127.325603,36.327343],[127.325614,36.327354],[127.325699,36.327407],[127.325702,36.327409],[127.326218,36.327736],[127.326226,36.327804],[127.32623,36.327845],[127.326233,36.327872],[127.326236,36.327893],[127.32625,36.328019],[127.326243,36.328162],[127.326241,36.328203],[127.32624,36.328229],[127.326215,36.328285],[127.326202,36.328315],[127.326172,36.328537],[127.326156,36.32883],[127.326149,36.328965],[127.326141,36.329123],[127.326138,36.329253],[127.326137,36.329283],[127.326132,36.329514],[127.326132,36.329516],[127.326259,36.329956],[127.326276,36.329994],[127.326315,36.330087],[127.326365,36.330206],[127.326448,36.330364],[127.326463,36.330392],[127.326531,36.330521],[127.326639,36.330714],[127.326766,36.330934],[127.326868,36.331114],[127.326899,36.331164],[127.32708,36.331465],[127.327144,36.331544],[127.327264,36.331696],[127.327413,36.331886],[127.327515,36.332015],[127.327704,36.332254],[127.327927,36.332304],[127.327954,36.33231],[127.327984,36.332317],[127.328006,36.332322],[127.328062,36.332334],[127.328253,36.332377],[127.328452,36.332419],[127.328676,36.332467],[127.32885,36.332504],[127.32901,36.332538],[127.329179,36.332541],[127.329305,36.332543],[127.329364,36.332544],[127.329703,36.332573],[127.329862,36.332587],[127.330028,36.332621],[127.330364,36.332692],[127.330561,36.332757],[127.330659,36.332789],[127.330855,36.332855],[127.33096,36.33289],[127.331063,36.332916],[127.331497,36.333029],[127.331571,36.333065],[127.331644,36.3331],[127.331644,36.333038],[127.331609,36.333028],[127.331572,36.333018],[127.331573,36.332972],[127.331573,36.332963],[127.331575,36.332916],[127.331577,36.332829],[127.33158,36.332729],[127.331581,36.332695],[127.331585,36.332547],[127.331585,36.332547],[127.331585,36.332539],[127.331584,36.332504],[127.331582,36.332495],[127.331581,36.332491],[127.33158,36.332487],[127.331579,36.33248],[127.331574,36.332458],[127.331573,36.332454],[127.331573,36.332452],[127.331571,36.332436],[127.331573,36.332367],[127.331594,36.332277],[127.331592,36.33223],[127.332852,36.332225],[127.335916,36.332215],[127.335917,36.332215],[127.338126,36.332207],[127.33814,36.332207],[127.33814,36.332188],[127.33814,36.331953],[127.33814,36.331799],[127.33814,36.331758],[127.338139,36.331388],[127.338139,36.331208],[127.338139,36.331185],[127.338139,36.331122],[127.338139,36.331117],[127.338137,36.330195],[127.338137,36.330136],[127.337359,36.330139],[127.337034,36.33014],[127.337028,36.33014],[127.33694,36.33014],[127.336294,36.330143],[127.336015,36.330144],[127.33601,36.330144],[127.335907,36.330144],[127.335907,36.330139],[127.3359,36.328723],[127.335898,36.328222],[127.335895,36.327528],[127.335895,36.32744],[127.335894,36.327434],[127.335961,36.327434],[127.33595,36.327364],[127.335951,36.327364],[127.335936,36.327269],[127.335935,36.327267],[127.336004,36.327232],[127.336207,36.327095],[127.336373,36.326983],[127.33698,36.326574],[127.337013,36.326322],[127.337096,36.325673],[127.337152,36.325531],[127.337281,36.325198],[127.337293,36.325169],[127.33716,36.324673],[127.337006,36.324366],[127.337002,36.324358],[127.336752,36.323859],[127.33676,36.32332],[127.336756,36.323247],[127.336753,36.323233],[127.336655,36.32278],[127.336636,36.322693],[127.336639,36.322683],[127.336689,36.322462],[127.336776,36.322078],[127.336782,36.322051],[127.336804,36.321957],[127.336857,36.321813],[127.337106,36.321139],[127.337335,36.320722],[127.337469,36.320183],[127.337568,36.319784],[127.337707,36.319225],[127.337557,36.3191],[127.337557,36.3191],[127.337546,36.31909],[127.337426,36.318983],[127.337533,36.318593],[127.337535,36.318586],[127.33756,36.318496],[127.337754,36.317805],[127.337788,36.317804],[127.338522,36.317775],[127.339341,36.317734],[127.339737,36.317714],[127.339706,36.317602],[127.339565,36.317101],[127.339539,36.317008],[127.339497,36.316712],[127.339371,36.315824],[127.339373,36.315571],[127.339882,36.314621],[127.339796,36.314464],[127.339787,36.314449],[127.339582,36.314392],[127.339369,36.314332],[127.339362,36.31433],[127.339332,36.314285],[127.339202,36.314086],[127.339109,36.313623],[127.339068,36.313392],[127.339043,36.313248],[127.338904,36.31327],[127.338136,36.313391],[127.337953,36.313419],[127.337743,36.313452],[127.337514,36.313453],[127.337482,36.313453],[127.337491,36.313291],[127.337506,36.312996],[127.337509,36.31295],[127.337509,36.312943],[127.337505,36.312938],[127.337473,36.31289],[127.337176,36.31245],[127.337167,36.312437],[127.337042,36.312252],[127.336785,36.31225],[127.336585,36.31225],[127.336471,36.312188],[127.336284,36.312087],[127.336214,36.312048],[127.33622,36.311889],[127.336229,36.31168],[127.336229,36.311679],[127.336229,36.311679],[127.336086,36.311495],[127.335923,36.311461],[127.335919,36.31146],[127.33585,36.311502],[127.335844,36.311506],[127.335842,36.311501],[127.33579,36.311346],[127.335706,36.3111],[127.335694,36.311067],[127.335648,36.310932],[127.335643,36.310917],[127.335615,36.310914],[127.335576,36.310791],[127.335573,36.310791],[127.335301,36.310781],[127.335201,36.310687],[127.335064,36.310558],[127.334922,36.310442],[127.334892,36.310434],[127.334869,36.310429],[127.33464,36.310372],[127.334474,36.310032],[127.334462,36.310028],[127.33446,36.310027],[127.334463,36.309816],[127.334468,36.309454],[127.333852,36.309446],[127.333942,36.309324],[127.333865,36.309011],[127.333853,36.30895],[127.333704,36.308993],[127.333626,36.309037],[127.333597,36.309018],[127.333564,36.309021],[127.333353,36.309045],[127.33321,36.30873],[127.333176,36.308655],[127.333126,36.308545],[127.33309,36.308499],[127.333069,36.308175],[127.333069,36.308174],[127.333073,36.308174],[127.333075,36.308174],[127.333069,36.308105],[127.333067,36.308078],[127.333055,36.307933],[127.333054,36.307917],[127.33305,36.307872],[127.333048,36.307872],[127.332873,36.307874],[127.332688,36.307876],[127.332665,36.307876],[127.332609,36.307876],[127.332607,36.307876],[127.332607,36.307874],[127.332607,36.307736],[127.332606,36.307627],[127.332606,36.307554],[127.332606,36.307462],[127.332606,36.307453],[127.332606,36.307405],[127.332605,36.307185],[127.332605,36.30691],[127.332604,36.306601],[127.332604,36.306524],[127.332604,36.306518],[127.332603,36.30628],[127.332603,36.306134],[127.332603,36.305882],[127.332602,36.305825],[127.332602,36.305746],[127.332602,36.305623],[127.332602,36.305477],[127.332601,36.305332],[127.332601,36.30519],[127.332601,36.305187],[127.332601,36.305063],[127.332601,36.30501],[127.332601,36.304974],[127.332601,36.304969],[127.332601,36.30493],[127.332525,36.3049],[127.33249,36.304885],[127.332488,36.304884],[127.332488,36.304664],[127.332488,36.30465],[127.332488,36.304627],[127.332488,36.304606],[127.332488,36.304566],[127.332488,36.304549],[127.33249,36.30452],[127.33249,36.304513],[127.332493,36.304459],[127.332495,36.304414],[127.332502,36.304248],[127.332505,36.30419],[127.332507,36.304161],[127.332507,36.304114],[127.332507,36.304066],[127.332507,36.304051],[127.332507,36.304022],[127.332508,36.303766],[127.332488,36.303704],[127.332486,36.303697],[127.332486,36.303599],[127.332485,36.303408],[127.332485,36.303072],[127.332485,36.303047],[127.332485,36.302905],[127.332484,36.30263],[127.332484,36.302426],[127.332491,36.3024],[127.332493,36.302339],[127.332494,36.302311],[127.332495,36.302292],[127.332497,36.302219],[127.332486,36.302219],[127.332483,36.302219],[127.332483,36.302213],[127.332483,36.302163],[127.332483,36.302126],[127.332483,36.302079],[127.332483,36.302064],[127.332483,36.302011],[127.332483,36.301955],[127.332483,36.301953],[127.332483,36.301818],[127.332484,36.301682],[127.332483,36.301597],[127.332065,36.301603],[127.331808,36.301607],[127.331674,36.301609],[127.331445,36.301611],[127.331252,36.301612],[127.330806,36.30158],[127.330774,36.301578],[127.330614,36.301566],[127.330612,36.301565],[127.330543,36.30155],[127.330295,36.301496],[127.329627,36.301306],[127.329401,36.301242],[127.329362,36.301226],[127.329265,36.301196],[127.329233,36.301185],[127.329027,36.301116],[127.32899,36.301103],[127.328876,36.301064],[127.328753,36.301021],[127.328494,36.30093],[127.328077,36.300771],[127.327979,36.300725],[127.32788,36.300678],[127.327693,36.300666],[127.327329,36.300492],[127.32728,36.300468],[127.327021,36.300382],[127.326912,36.300373],[127.326909,36.300373],[127.326884,36.300347],[127.326768,36.300347],[127.326753,36.300347],[127.326725,36.300329],[127.32669,36.300307],[127.326682,36.300301],[127.326617,36.300257],[127.326373,36.300212],[127.326369,36.300211],[127.326362,36.300207],[127.326275,36.300149],[127.326261,36.300158],[127.326078,36.30009],[127.32531,36.299803],[127.325061,36.299711],[127.324945,36.299667],[127.324737,36.29959],[127.32447,36.299442],[127.324243,36.299286],[127.324036,36.299123],[127.323983,36.299072],[127.32388,36.298975],[127.323856,36.298952],[127.323775,36.298875],[127.323715,36.29881],[127.323657,36.298746],[127.323637,36.298725],[127.323458,36.29853],[127.323348,36.29841],[127.323328,36.298389],[127.323326,36.298387],[127.323295,36.298354],[127.322962,36.298004],[127.322549,36.297571],[127.32253,36.29755],[127.322321,36.297318],[127.322204,36.297166],[127.322139,36.297074],[127.322129,36.297056],[127.322007,36.296843],[127.321952,36.296713],[127.321927,36.296652],[127.321926,36.296649],[127.321904,36.296594],[127.321896,36.296575],[127.321894,36.29657],[127.321875,36.296522],[127.321872,36.296514],[127.321829,36.296409],[127.321689,36.29607],[127.321576,36.295798],[127.321572,36.295787],[127.321529,36.295684],[127.321381,36.295327],[127.321172,36.294823],[127.321159,36.29479],[127.321129,36.294717],[127.320999,36.294399],[127.320964,36.294393],[127.320901,36.294381],[127.32082,36.294162],[127.320773,36.294039],[127.320768,36.294038],[127.320713,36.293896],[127.32067,36.293767],[127.320651,36.293711],[127.320639,36.293674],[127.320638,36.293671],[127.320631,36.29365],[127.320557,36.293445],[127.320552,36.293432],[127.320453,36.29319],[127.32041,36.293083],[127.320368,36.292979],[127.320328,36.292873],[127.320315,36.292807],[127.320292,36.292683],[127.320289,36.292668],[127.320288,36.292662],[127.320287,36.292656],[127.320286,36.292651],[127.320266,36.29253],[127.320259,36.292488],[127.320235,36.292406],[127.320184,36.292275],[127.320179,36.292263],[127.32015,36.29219],[127.320116,36.292088],[127.320094,36.292024],[127.320056,36.291904],[127.320021,36.291751],[127.320004,36.291653],[127.319984,36.291535],[127.319981,36.291511],[127.319973,36.291436],[127.319961,36.291318],[127.319957,36.291231],[127.319952,36.2911],[127.319962,36.290952],[127.319956,36.290899],[127.31994,36.29087],[127.319964,36.290844],[127.319968,36.290777],[127.319995,36.29057],[127.319998,36.290542],[127.32001,36.290449],[127.320052,36.290131],[127.320045,36.290129],[127.320053,36.289905],[127.320054,36.289853],[127.320059,36.289686],[127.320058,36.289423],[127.320053,36.289247],[127.320046,36.289124],[127.320042,36.289066],[127.32004,36.289028],[127.320021,36.288809],[127.319996,36.28859],[127.319969,36.288408],[127.319968,36.288408],[127.319966,36.288389],[127.319935,36.288266],[127.319861,36.287999],[127.319843,36.287972],[127.319572,36.287571],[127.319559,36.287551],[127.319281,36.287141],[127.31924,36.287079],[127.319161,36.286962],[127.319142,36.286942],[127.318994,36.286779],[127.318808,36.286656],[127.318242,36.286283],[127.317855,36.286075],[127.317762,36.286025],[127.317693,36.285991],[127.317492,36.285922],[127.317289,36.285849],[127.317149,36.285823],[127.317065,36.285814],[127.317016,36.285818],[127.31701,36.285819],[127.316846,36.285783],[127.316685,36.285727],[127.316594,36.285711],[127.316544,36.285703],[127.316543,36.285702],[127.31654,36.285702],[127.316425,36.285703],[127.31639,36.285703],[127.316323,36.285694],[127.316264,36.285686],[127.316175,36.285679],[127.316035,36.285681],[127.31601,36.285689],[127.315871,36.285731],[127.315619,36.285752],[127.315513,36.285742],[127.315481,36.285739],[127.315401,36.285731],[127.315224,36.285732],[127.314392,36.285737],[127.314401,36.285596],[127.314404,36.285546],[127.31442,36.285275],[127.314051,36.284264],[127.314049,36.284259],[127.313718,36.283165],[127.313581,36.282516],[127.312421,36.28249],[127.3124,36.282489],[127.312191,36.282507],[127.311301,36.28251],[127.311159,36.282229],[127.311047,36.282006],[127.310919,36.28104],[127.310671,36.280543],[127.310749,36.279792],[127.310429,36.27913],[127.310272,36.278806],[127.310474,36.278234],[127.310502,36.278154],[127.310278,36.27777],[127.310159,36.27773],[127.309873,36.277633],[127.309723,36.277375],[127.309633,36.277372],[127.309534,36.27737],[127.309528,36.277369],[127.309386,36.277347],[127.309015,36.277289],[127.308997,36.277286],[127.30856,36.277164],[127.308647,36.276797],[127.308666,36.276403],[127.308685,36.276358],[127.308707,36.276302],[127.308728,36.27625],[127.308784,36.276113],[127.308849,36.275952],[127.308857,36.275932],[127.308858,36.27593],[127.308912,36.275868],[127.309106,36.275554],[127.309258,36.27543],[127.309317,36.275382],[127.3099,36.275262],[127.309901,36.275231],[127.309911,36.274861],[127.309876,36.273744],[127.309918,36.273531],[127.310034,36.272971],[127.310514,36.272443],[127.310281,36.272385],[127.308912,36.272047],[127.308516,36.272119],[127.308375,36.272144],[127.308256,36.272165],[127.30819,36.272216],[127.307873,36.272457],[127.307851,36.272455],[127.30738,36.2724],[127.307372,36.272399],[127.306944,36.272349],[127.306705,36.272321],[127.306511,36.272162],[127.305521,36.27178],[127.305081,36.271525],[127.305062,36.271514],[127.30504,36.271507],[127.304507,36.27134],[127.303992,36.271133],[127.302947,36.270713],[127.302867,36.270693],[127.30253,36.270603],[127.302001,36.270544],[127.301465,36.270504],[127.301211,36.270351],[127.300817,36.27033],[127.300755,36.270327],[127.300749,36.270322],[127.300476,36.270077],[127.300445,36.270049],[127.300425,36.270042],[127.299411,36.269573],[127.298877,36.269375],[127.297883,36.268628],[127.297763,36.268396],[127.297761,36.268391],[127.297616,36.268268],[127.297615,36.268268],[127.297317,36.268014],[127.297305,36.267997],[127.296941,36.267507],[127.296758,36.267268],[127.296721,36.267276],[127.295836,36.267455],[127.295736,36.267475],[127.295711,36.267449],[127.295708,36.267446],[127.295661,36.267398],[127.294003,36.265708],[127.293503,36.26504],[127.293408,36.264639],[127.293371,36.26448],[127.29333,36.264293],[127.293301,36.264163],[127.292881,36.264178],[127.292868,36.26418],[127.292843,36.264183],[127.292512,36.264229],[127.292395,36.26428],[127.292372,36.264278],[127.292261,36.264272],[127.292261,36.264275],[127.291938,36.264235],[127.291935,36.264242],[127.291755,36.264678],[127.291751,36.264688],[127.291589,36.264887],[127.291527,36.264964],[127.291338,36.265161],[127.291222,36.265296],[127.291155,36.265377],[127.29115,36.265383],[127.291126,36.265413],[127.290978,36.265509],[127.290739,36.265666],[127.290695,36.265687],[127.290623,36.26572],[127.290582,36.265739],[127.290573,36.265743],[127.290555,36.265751],[127.290461,36.265795],[127.290408,36.265814],[127.290299,36.265854],[127.290208,36.265886],[127.290136,36.265912],[127.29011,36.26591],[127.289788,36.26589],[127.289337,36.265814],[127.289212,36.265793],[127.288288,36.2656],[127.287764,36.265487],[127.287652,36.265441],[127.28747,36.265367],[127.287446,36.265355],[127.287424,36.265345],[127.287423,36.265344],[127.287077,36.265172],[127.286851,36.265084],[127.286667,36.265012],[127.286541,36.264963],[127.286507,36.26495],[127.286325,36.264912],[127.286246,36.264895],[127.286244,36.264895],[127.286,36.264843],[127.285863,36.264815],[127.285427,36.26479],[127.285409,36.264789],[127.285078,36.264781],[127.284781,36.264774],[127.284737,36.264774],[127.284659,36.264774],[127.284569,36.264774],[127.284568,36.264774],[127.284128,36.26477],[127.28405,36.264769],[127.283458,36.26479],[127.282986,36.264823],[127.282561,36.264865],[127.282551,36.264867],[127.282186,36.264915],[127.282092,36.264928],[127.281245,36.265185],[127.280962,36.26536],[127.280955,36.265364],[127.280509,36.265543],[127.280401,36.265579],[127.280372,36.265589],[127.280053,36.265696],[127.279855,36.26579],[127.279645,36.265891],[127.279445,36.266083],[127.279377,36.266195],[127.279307,36.266308],[127.27926,36.266385],[127.279256,36.26639],[127.27916,36.26651],[127.279011,36.266696],[127.27901,36.266697],[127.27865,36.267065],[127.278645,36.267069],[127.278116,36.267405],[127.27802,36.267428],[127.276782,36.267715],[127.27634,36.267812],[127.276111,36.267862],[127.275606,36.268128],[127.275064,36.268462],[127.274506,36.268806],[127.274332,36.268873],[127.274011,36.268998],[127.273803,36.269119],[127.273456,36.269322],[127.273344,36.269376],[127.272958,36.26956],[127.272848,36.269612],[127.272615,36.269723],[127.272586,36.269738],[127.272533,36.269763],[127.272491,36.269783],[127.272155,36.269937],[127.271898,36.270059],[127.271755,36.270136],[127.271419,36.270311],[127.271065,36.270495],[127.271042,36.270508],[127.270921,36.270577],[127.270523,36.270808],[127.270398,36.270884],[127.269805,36.271131],[127.26964,36.27123],[127.269372,36.271389],[127.269358,36.271398],[127.268997,36.271665],[127.268976,36.27168],[127.268867,36.271776],[127.268743,36.271885],[127.268712,36.271905],[127.26829,36.272176],[127.267968,36.272382],[127.267902,36.272425],[127.267767,36.272536],[127.267735,36.272561],[127.267642,36.272637],[127.267418,36.272818],[127.26741,36.272824],[127.267132,36.273104],[127.266812,36.273402],[127.266782,36.273421],[127.266448,36.273629],[127.266308,36.273727],[127.266168,36.273825],[127.265785,36.274085],[127.265352,36.274361],[127.264844,36.274589],[127.264521,36.274688],[127.264511,36.274691],[127.264209,36.27479],[127.263718,36.274934],[127.263317,36.275102],[127.263194,36.275153],[127.262672,36.275283],[127.262617,36.275298],[127.262347,36.27538],[127.261743,36.275487],[127.261158,36.275564],[127.260889,36.275614],[127.260031,36.275773],[127.259974,36.275785],[127.259967,36.275786],[127.259427,36.275901],[127.259167,36.275956],[127.259101,36.27597],[127.258772,36.276051],[127.258318,36.276374],[127.258166,36.276476],[127.257866,36.276678],[127.257511,36.276996],[127.257316,36.277201],[127.25716,36.277365],[127.257131,36.277395],[127.256864,36.277676],[127.256793,36.27775],[127.256783,36.27776],[127.256647,36.277881],[127.256619,36.277908],[127.25656,36.277972],[127.256555,36.277977],[127.256442,36.2781],[127.25639,36.278156],[127.256368,36.278179],[127.255928,36.278643],[127.255729,36.278876],[127.25554,36.279097],[127.255539,36.279098],[127.254858,36.279986],[127.254818,36.28004],[127.254591,36.280204],[127.254536,36.280244],[127.25451,36.280263],[127.25422,36.280475],[127.254219,36.280479],[127.254219,36.280483],[127.254215,36.280515],[127.254154,36.281057],[127.254153,36.281058],[127.254059,36.281269],[127.254025,36.28134],[127.253926,36.281551],[127.253916,36.281593],[127.253881,36.281756],[127.253874,36.281788],[127.253865,36.281827],[127.253828,36.282],[127.253823,36.282023],[127.25382,36.282038],[127.253805,36.282108],[127.253638,36.282363],[127.253346,36.282646],[127.253307,36.282684],[127.25322,36.28277],[127.252696,36.283093],[127.252432,36.283258],[127.252394,36.283281],[127.252385,36.283287],[127.252368,36.283299],[127.252355,36.283307],[127.252348,36.283311],[127.252052,36.2835],[127.25194,36.28357],[127.251456,36.283871],[127.251404,36.283903],[127.251262,36.28399],[127.251227,36.284084],[127.25118,36.284208],[127.25104,36.284611],[127.250983,36.284773],[127.250971,36.284807],[127.25096,36.284839],[127.250805,36.285273],[127.250766,36.285378],[127.250721,36.285501],[127.250718,36.285507],[127.250686,36.285561],[127.250556,36.285723],[127.250554,36.285726],[127.250157,36.286217],[127.250152,36.28622],[127.250139,36.286228],[127.250097,36.286254],[127.249885,36.286381],[127.249843,36.28641],[127.249826,36.286421],[127.249735,36.286477],[127.249519,36.286604],[127.249492,36.286619],[127.249488,36.286622],[127.249406,36.286667],[127.249405,36.286668],[127.249348,36.286702],[127.249133,36.28683],[127.249027,36.286893],[127.248912,36.286962],[127.248898,36.28697],[127.248896,36.286972],[127.248874,36.286995],[127.248859,36.287013],[127.248821,36.287054],[127.248783,36.287096],[127.248762,36.287119],[127.248691,36.287233],[127.248641,36.287308],[127.24863,36.287326],[127.248545,36.28751],[127.248544,36.28751],[127.248508,36.287609],[127.248504,36.287639],[127.248492,36.287737],[127.248489,36.287756],[127.248458,36.287955],[127.248453,36.287987],[127.248451,36.287996],[127.248391,36.288281],[127.248381,36.288343],[127.248372,36.288394],[127.248348,36.288534],[127.248321,36.288687],[127.24828,36.288906],[127.248258,36.288957],[127.248235,36.288995],[127.248162,36.289093],[127.248063,36.289228],[127.248025,36.289279],[127.247722,36.289693],[127.247149,36.290481],[127.247145,36.29049],[127.246979,36.290646],[127.246898,36.290721],[127.246898,36.290722],[127.246856,36.290749],[127.246853,36.290751],[127.24685,36.290753],[127.246847,36.290756],[127.246732,36.290877],[127.246653,36.29096],[127.24692,36.291094],[127.247466,36.291354],[127.247666,36.291449],[127.247666,36.291451],[127.247667,36.291451],[127.247784,36.292158],[127.247939,36.292788],[127.247985,36.292976],[127.248116,36.292966],[127.248564,36.292931],[127.248657,36.292926],[127.249193,36.292897],[127.24949,36.293101],[127.249674,36.293228],[127.249947,36.293642],[127.250108,36.293879],[127.250156,36.293952],[127.25023,36.294296],[127.250231,36.294298],[127.250231,36.294298],[127.250705,36.294974],[127.250784,36.295087],[127.251036,36.295304],[127.251037,36.295306],[127.251162,36.295484],[127.251163,36.295486],[127.251168,36.29554],[127.25118,36.29568],[127.251393,36.295724],[127.251723,36.295793],[127.251727,36.295794],[127.2518,36.29583],[127.252919,36.296388],[127.253111,36.296469],[127.253987,36.296839],[127.254059,36.296869],[127.254335,36.296674],[127.254554,36.296427],[127.254591,36.296343],[127.254621,36.296278],[127.254657,36.296199],[127.257507,36.295613],[127.258097,36.295592],[127.258907,36.295567],[127.25942,36.295613],[127.259766,36.295646],[127.259849,36.295654],[127.259375,36.296197],[127.259341,36.296529],[127.259278,36.297136],[127.259399,36.297518],[127.259441,36.297677],[127.25969,36.298614],[127.259779,36.298947],[127.259814,36.299079],[127.25998,36.300217],[127.259959,36.300451],[127.25995,36.300562],[127.26,36.300652],[127.260251,36.301099],[127.260324,36.301229],[127.260461,36.301478],[127.260664,36.301852],[127.260493,36.302025],[127.260388,36.302133],[127.260011,36.302515],[127.259983,36.302543],[127.259961,36.302568],[127.259509,36.303093],[127.259244,36.303193],[127.258421,36.303505],[127.258401,36.304131],[127.258465,36.304545],[127.258507,36.304801],[127.25851,36.304817],[127.258521,36.304889],[127.258529,36.305472],[127.25851,36.305644],[127.258379,36.306786],[127.25835,36.307539],[127.258349,36.307561],[127.258375,36.308177],[127.258301,36.308274],[127.258254,36.308336],[127.258254,36.308337],[127.258297,36.308553],[127.258326,36.30858],[127.258472,36.308717],[127.258642,36.309209],[127.25864,36.309211],[127.258378,36.309512],[127.258012,36.309933],[127.258049,36.310074],[127.258089,36.310211],[127.258209,36.310623],[127.258386,36.311229],[127.258439,36.311279],[127.258698,36.311542],[127.258697,36.311545],[127.258582,36.311899],[127.258395,36.312311],[127.258395,36.312313],[127.258416,36.312586],[127.25843,36.312748],[127.25859,36.313039],[127.25859,36.31304],[127.258627,36.313452],[127.258304,36.313686],[127.258303,36.313692],[127.258235,36.313956],[127.258139,36.314329],[127.258202,36.31479],[127.258205,36.314809],[127.258265,36.315039],[127.258464,36.3158],[127.258354,36.316382],[127.258374,36.31677],[127.258419,36.317639],[127.258682,36.318057],[127.259132,36.318768],[127.259457,36.319281],[127.259462,36.319289],[127.259682,36.319356],[127.260105,36.319484],[127.260131,36.319543],[127.260431,36.320223],[127.260422,36.320502],[127.2606,36.321491],[127.26078,36.321695],[127.26063,36.322645],[127.260654,36.322709],[127.260764,36.323046],[127.260791,36.323151],[127.260693,36.323816],[127.260514,36.324484],[127.260503,36.324524],[127.260093,36.325037],[127.259884,36.325423],[127.259757,36.325657],[127.25982,36.325751],[127.26007,36.326123],[127.260073,36.326128],[127.259918,36.326676],[127.259894,36.32676],[127.259771,36.326911],[127.259767,36.32721],[127.259766,36.327248],[127.259871,36.327238],[127.260466,36.327179],[127.26073,36.327153],[127.26088,36.327138],[127.260963,36.327149],[127.261577,36.327236],[127.261825,36.327271],[127.261844,36.327273],[127.261852,36.327273],[127.261854,36.327273],[127.261919,36.327272],[127.263048,36.327254],[127.263199,36.327315],[127.263804,36.327559],[127.264336,36.327862],[127.264446,36.327925],[127.264633,36.328031],[127.264657,36.328045],[127.264717,36.328041],[127.264975,36.328023],[127.265085,36.328073],[127.266046,36.328504],[127.266112,36.328533],[127.266102,36.328577],[127.266068,36.328718],[127.265987,36.32906],[127.26618,36.329618],[127.267067,36.330449],[127.267695,36.331288],[127.267951,36.331362],[127.268044,36.331389],[127.26812,36.331411],[127.268235,36.331448],[127.268764,36.331626],[127.269236,36.331298],[127.270493,36.330986],[127.270981,36.331314],[127.271758,36.331221],[127.272404,36.331233],[127.272736,36.331048],[127.273436,36.331029],[127.27514,36.331259],[127.275206,36.331273],[127.276249,36.331503],[127.276349,36.331525],[127.276986,36.331903],[127.277183,36.332024],[127.277658,36.331256],[127.278124,36.330701],[127.279124,36.32975],[127.279962,36.329618],[127.280716,36.329449],[127.281013,36.32935],[127.281014,36.32935],[127.281492,36.32919],[127.281877,36.328929],[127.282002,36.329948],[127.282726,36.330646],[127.283138,36.330773],[127.28396,36.331004],[127.284549,36.330725],[127.284806,36.330603],[127.285271,36.330727],[127.285663,36.330827],[127.286703,36.33109],[127.287068,36.331294],[127.287664,36.331621],[127.288019,36.331846],[127.288504,36.332161],[127.289618,36.332644],[127.290608,36.33263],[127.290646,36.332222],[127.29087,36.3319],[127.291313,36.331595],[127.291706,36.331295],[127.292241,36.330891],[127.29263,36.330019],[127.292722,36.329759],[127.293323,36.328601],[127.293343,36.328562],[127.293785,36.328006],[127.29463,36.326964],[127.294823,36.326556],[127.294936,36.326319],[127.29486,36.325603],[127.295902,36.324375],[127.296018,36.324575],[127.296391,36.325213],[127.297063,36.325248],[127.297074,36.325221],[127.297127,36.325097],[127.297146,36.325052],[127.297956,36.324334],[127.298054,36.32439],[127.298827,36.324827],[127.298831,36.324828],[127.298848,36.32482],[127.298859,36.324814],[127.300061,36.324229],[127.30106,36.323621],[127.301454,36.323401],[127.301522,36.323357],[127.30153,36.323352],[127.301534,36.323232],[127.301522,36.323194],[127.301506,36.323139],[127.301497,36.323111],[127.301496,36.323104],[127.301492,36.323033],[127.301523,36.323017],[127.302,36.322765],[127.302343,36.322732],[127.302851,36.322816],[127.30296,36.322737],[127.302966,36.322747],[127.303049,36.322767],[127.303197,36.322807],[127.303421,36.322825],[127.303834,36.322874],[127.304339,36.322974],[127.30456,36.322742],[127.304785,36.322749],[127.304954,36.322754],[127.305119,36.32276],[127.305973,36.322787],[127.306357,36.322731],[127.306869,36.322417],[127.307072,36.322436],[127.307225,36.322451],[127.307282,36.322529],[127.307458,36.32253],[127.307514,36.32253],[127.307575,36.322507],[127.307872,36.322368],[127.307905,36.322346],[127.307997,36.322284],[127.308273,36.322099],[127.30838,36.322027],[127.308395,36.322017],[127.308434,36.321993],[127.308501,36.321972],[127.308702,36.321907],[127.308715,36.321903],[127.308913,36.321933],[127.309042,36.321947],[127.309071,36.321951],[127.309119,36.321956],[127.309954,36.322043],[127.310159,36.322849],[127.310231,36.322977],[127.310405,36.323233],[127.310569,36.323428],[127.311109,36.323609],[127.311313,36.323975],[127.311309,36.323974],[127.311243,36.323969],[127.311159,36.323963],[127.311169,36.323998],[127.311188,36.324003],[127.311534,36.324077],[127.311551,36.324093],[127.311556,36.324097],[127.311718,36.324091],[127.311781,36.324083],[127.311579,36.325626],[127.311573,36.325674],[127.311571,36.325684],[127.311568,36.325707],[127.311535,36.326003],[127.311513,36.326163],[127.31149,36.326391],[127.311474,36.326539],[127.311493,36.326657],[127.311506,36.326742],[127.31155,36.326873],[127.311584,36.326941],[127.311622,36.327017],[127.311698,36.327168],[127.311749,36.32727],[127.311773,36.327366],[127.311802,36.327592],[127.311727,36.327822],[127.311703,36.327951],[127.311669,36.327993],[127.311699,36.328505],[127.311702,36.328539],[127.311719,36.328696],[127.311796,36.328712],[127.311805,36.328765],[127.311836,36.328992],[127.311835,36.329015],[127.311834,36.329047],[127.311829,36.329142],[127.311824,36.329236],[127.311805,36.329413],[127.3118,36.329443],[127.311799,36.329451],[127.311792,36.329503],[127.311758,36.329496],[127.311773,36.329511],[127.311791,36.329538],[127.311774,36.329575],[127.311752,36.329638],[127.311748,36.329684],[127.31174,36.329768],[127.311735,36.329822],[127.31174,36.329858],[127.311733,36.329959],[127.311728,36.33003],[127.311723,36.330136],[127.311712,36.330539],[127.31171,36.330614],[127.311724,36.330779],[127.311723,36.330834],[127.311734,36.331007],[127.311754,36.331074],[127.311759,36.331094],[127.311764,36.331118],[127.311774,36.331157],[127.311803,36.331276],[127.311835,36.331392],[127.311845,36.331423],[127.311897,36.331633],[127.311907,36.331688],[127.311918,36.331727],[127.311981,36.331957],[127.311997,36.332023],[127.312044,36.332219],[127.312082,36.332375],[127.312098,36.332437],[127.31213,36.33257],[127.312195,36.33288],[127.31221,36.33295],[127.312211,36.332954],[127.312227,36.333025],[127.312287,36.333288],[127.31229,36.332957],[127.312306,36.332883],[127.31238,36.332735],[127.312519,36.332642],[127.312658,36.332592],[127.312849,36.332534],[127.312983,36.332489],[127.313003,36.33247],[127.313195,36.332294],[127.313272,36.33225],[127.313305,36.332231],[127.3135,36.332186],[127.313711,36.332137],[127.313735,36.33212],[127.313726,36.332103]]]}},{"type":"Feature","properties":{"ADM_CD":"25040690","dong":"학하동"},"geometry":{"type":"Polygon","coordinates":[[[127.303577,36.361565],[127.303623,36.361538],[127.303672,36.361508],[127.303683,36.36149],[127.303859,36.361204],[127.304028,36.360937],[127.30404,36.360919],[127.304153,36.360739],[127.304153,36.360739],[127.304163,36.360731],[127.3043,36.36062],[127.304312,36.360611],[127.304324,36.360601],[127.304334,36.360592],[127.304389,36.360559],[127.304478,36.360506],[127.304532,36.360473],[127.304534,36.360475],[127.304628,36.360545],[127.304721,36.360614],[127.304771,36.360554],[127.30483,36.360455],[127.304964,36.360229],[127.305141,36.360019],[127.305303,36.359827],[127.305325,36.359801],[127.305462,36.359647],[127.3055,36.359607],[127.3055,36.359606],[127.305541,36.359564],[127.305584,36.359521],[127.305628,36.35948],[127.305672,36.35944],[127.305719,36.359401],[127.305766,36.359362],[127.3058,36.359335],[127.305815,36.359324],[127.305865,36.359287],[127.305913,36.359254],[127.305965,36.359219],[127.306018,36.359185],[127.306071,36.359152],[127.306126,36.35912],[127.30614,36.359112],[127.306182,36.359089],[127.306238,36.359059],[127.306296,36.35903],[127.306354,36.359003],[127.306413,36.358977],[127.306475,36.35895],[127.306536,36.358926],[127.306596,36.358903],[127.306597,36.358903],[127.306642,36.358887],[127.306659,36.358881],[127.306722,36.35886],[127.306774,36.358844],[127.307019,36.358772],[127.307055,36.358761],[127.307341,36.358676],[127.307369,36.358668],[127.307371,36.358668],[127.307475,36.358638],[127.307673,36.358581],[127.3077,36.358572],[127.307798,36.358542],[127.307908,36.358508],[127.307931,36.358502],[127.308132,36.358441],[127.308181,36.358426],[127.308285,36.358395],[127.30839,36.358363],[127.308495,36.358332],[127.308511,36.358327],[127.3086,36.358301],[127.308705,36.358271],[127.30881,36.358241],[127.308915,36.358211],[127.308916,36.358211],[127.309022,36.358183],[127.309128,36.358154],[127.309312,36.358106],[127.309335,36.3581],[127.309386,36.358087],[127.309443,36.358073],[127.309468,36.358067],[127.309711,36.358003],[127.309858,36.357964],[127.309965,36.357937],[127.310019,36.357924],[127.310072,36.357911],[127.3101,36.357905],[127.310127,36.357899],[127.310181,36.357888],[127.310236,36.357878],[127.310291,36.357869],[127.310346,36.35786],[127.310401,36.357852],[127.31056,36.35783],[127.310563,36.357754],[127.310565,36.357653],[127.310568,36.357504],[127.310568,36.357491],[127.310568,36.357472],[127.310568,36.357449],[127.310568,36.357448],[127.310554,36.357418],[127.310437,36.35717],[127.310439,36.357114],[127.31044,36.357105],[127.310441,36.357075],[127.310443,36.357033],[127.310444,36.357014],[127.310453,36.356798],[127.310455,36.35676],[127.310465,36.356547],[127.310466,36.356527],[127.310467,36.356513],[127.310469,36.356475],[127.310472,36.356416],[127.310474,36.356385],[127.310475,36.356372],[127.310478,36.356332],[127.310482,36.356281],[127.310484,36.35624],[127.310486,36.356187],[127.310496,36.35592],[127.310502,36.355765],[127.310499,36.355765],[127.310466,36.355762],[127.310413,36.355761],[127.310326,36.355758],[127.310283,36.35575],[127.310198,36.355735],[127.310124,36.355722],[127.310053,36.35571],[127.310052,36.355709],[127.310003,36.355675],[127.309986,36.355663],[127.309939,36.355623],[127.309893,36.355585],[127.309825,36.355518],[127.309794,36.355496],[127.309743,36.355468],[127.309712,36.355457],[127.309672,36.355449],[127.30961,36.355455],[127.30953,36.355478],[127.309506,36.355488],[127.309471,36.355512],[127.309444,36.355525],[127.309408,36.355528],[127.309363,36.35553],[127.309307,36.355531],[127.309446,36.355283],[127.309656,36.355138],[127.309569,36.354952],[127.309429,36.354651],[127.309249,36.354462],[127.309326,36.354299],[127.309449,36.354036],[127.309508,36.353911],[127.309511,36.353905],[127.309532,36.35386],[127.309292,36.353404],[127.309015,36.352879],[127.30901,36.352869],[127.309442,36.352293],[127.30963,36.352042],[127.310507,36.351952],[127.310546,36.351948],[127.3106,36.351668],[127.310615,36.35159],[127.310948,36.351397],[127.311053,36.351337],[127.311148,36.351064],[127.311657,36.350591],[127.311678,36.350571],[127.311768,36.350612],[127.312145,36.350784],[127.312241,36.350686],[127.312728,36.350196],[127.312865,36.350075],[127.313614,36.349974],[127.314648,36.349851],[127.314672,36.349848],[127.31536,36.349527],[127.315396,36.34951],[127.315474,36.349474],[127.315483,36.348965],[127.315757,36.348438],[127.316025,36.348156],[127.316041,36.348156],[127.316655,36.348169],[127.317263,36.348193],[127.317505,36.348172],[127.317911,36.3481],[127.318196,36.348002],[127.318317,36.347838],[127.318541,36.347534],[127.318881,36.347039],[127.319587,36.346928],[127.319618,36.346634],[127.319641,36.346467],[127.320686,36.346482],[127.321223,36.346461],[127.321437,36.34632],[127.321517,36.346267],[127.321653,36.345838],[127.321741,36.345627],[127.321894,36.345547],[127.321986,36.345499],[127.322114,36.345579],[127.322416,36.345765],[127.322454,36.345783],[127.322541,36.34576],[127.322736,36.345678],[127.322756,36.345467],[127.322765,36.345258],[127.322842,36.345244],[127.322903,36.345232],[127.322917,36.34523],[127.322865,36.345178],[127.322837,36.345149],[127.32277,36.344994],[127.322659,36.344845],[127.322644,36.344813],[127.32258,36.344679],[127.322482,36.344599],[127.322439,36.344557],[127.322333,36.344376],[127.322332,36.344242],[127.322317,36.344231],[127.322267,36.344205],[127.322224,36.344175],[127.322111,36.344053],[127.322036,36.343989],[127.321949,36.343913],[127.321902,36.343806],[127.321899,36.343805],[127.321731,36.343752],[127.321563,36.343699],[127.321485,36.343672],[127.321304,36.343608],[127.321296,36.343601],[127.321294,36.343562],[127.321266,36.34353],[127.321197,36.343452],[127.321137,36.343424],[127.321092,36.343402],[127.320969,36.343345],[127.320876,36.343284],[127.320834,36.343256],[127.320826,36.343245],[127.320937,36.343185],[127.320939,36.343188],[127.320964,36.343172],[127.320996,36.343078],[127.320894,36.342951],[127.320829,36.342873],[127.320806,36.342831],[127.320725,36.342744],[127.320719,36.342737],[127.320679,36.342694],[127.320658,36.342642],[127.320607,36.342513],[127.320526,36.342441],[127.320453,36.342375],[127.320381,36.342193],[127.320334,36.342119],[127.320284,36.342067],[127.320304,36.342051],[127.320283,36.342027],[127.320262,36.342003],[127.320226,36.341979],[127.32019,36.341954],[127.32019,36.341909],[127.320189,36.341904],[127.320178,36.341856],[127.320173,36.341832],[127.320153,36.341764],[127.320061,36.341689],[127.320052,36.341681],[127.320043,36.341674],[127.320002,36.341642],[127.319905,36.341566],[127.319782,36.341475],[127.319705,36.341421],[127.319677,36.341405],[127.319674,36.34134],[127.31967,36.341275],[127.319637,36.341217],[127.319635,36.341213],[127.3196,36.341152],[127.319595,36.341157],[127.319577,36.341137],[127.319556,36.341114],[127.319562,36.341108],[127.319499,36.340996],[127.319435,36.340884],[127.319432,36.340878],[127.319429,36.340872],[127.319326,36.340691],[127.319298,36.34065],[127.319273,36.340615],[127.31912,36.340394],[127.318914,36.340097],[127.318808,36.339935],[127.3187,36.33977],[127.318649,36.339716],[127.318647,36.339713],[127.318572,36.339632],[127.31853,36.339574],[127.318493,36.339636],[127.318485,36.339675],[127.318456,36.339629],[127.318428,36.339583],[127.318437,36.339512],[127.31846,36.339484],[127.318457,36.339479],[127.318378,36.339329],[127.318314,36.33921],[127.318235,36.339061],[127.318223,36.339063],[127.318183,36.338977],[127.318005,36.338647],[127.317914,36.338484],[127.317838,36.338368],[127.317813,36.338329],[127.317798,36.338313],[127.317755,36.338266],[127.317674,36.3383],[127.317641,36.338255],[127.318043,36.338064],[127.318061,36.338055],[127.318081,36.338046],[127.318248,36.337967],[127.318441,36.337875],[127.318459,36.337867],[127.318838,36.337686],[127.318996,36.337631],[127.319227,36.337569],[127.319649,36.337521],[127.320079,36.337473],[127.320238,36.33743],[127.320348,36.337402],[127.320635,36.337326],[127.321015,36.337229],[127.321087,36.33718],[127.321398,36.336916],[127.321424,36.336894],[127.321852,36.336628],[127.322579,36.336332],[127.323097,36.336186],[127.323197,36.336158],[127.323373,36.336108],[127.323508,36.336071],[127.323809,36.335983],[127.324011,36.335908],[127.324043,36.33584],[127.324794,36.33521],[127.324886,36.335132],[127.325195,36.334873],[127.325279,36.334803],[127.325413,36.334692],[127.32568,36.334472],[127.325669,36.334449],[127.325605,36.334306],[127.325746,36.334294],[127.325795,36.334301],[127.325873,36.334266],[127.325949,36.334246],[127.326073,36.334143],[127.326079,36.334112],[127.32609,36.334066],[127.326117,36.334044],[127.32625,36.333951],[127.326279,36.333931],[127.326354,36.333889],[127.326489,36.333815],[127.326508,36.333769],[127.326554,36.333657],[127.326591,36.33356],[127.326642,36.333448],[127.326683,36.333349],[127.326716,36.33327],[127.327318,36.332811],[127.327669,36.332518],[127.327705,36.332488],[127.327705,36.332473],[127.327705,36.332466],[127.327704,36.332254],[127.327515,36.332015],[127.327413,36.331886],[127.327264,36.331696],[127.327144,36.331544],[127.32708,36.331465],[127.326899,36.331164],[127.326868,36.331114],[127.326766,36.330934],[127.326639,36.330714],[127.326531,36.330521],[127.326463,36.330392],[127.326448,36.330364],[127.326365,36.330206],[127.326315,36.330087],[127.326276,36.329994],[127.326259,36.329956],[127.326132,36.329516],[127.326132,36.329514],[127.326137,36.329283],[127.326138,36.329253],[127.326141,36.329123],[127.326149,36.328965],[127.326156,36.32883],[127.326172,36.328537],[127.326202,36.328315],[127.326215,36.328285],[127.32624,36.328229],[127.326241,36.328203],[127.326243,36.328162],[127.32625,36.328019],[127.326236,36.327893],[127.326233,36.327872],[127.32623,36.327845],[127.326226,36.327804],[127.326218,36.327736],[127.325702,36.327409],[127.325699,36.327407],[127.325614,36.327354],[127.325603,36.327343],[127.325044,36.326792],[127.32503,36.3268],[127.324761,36.326955],[127.324742,36.326966],[127.324701,36.327008],[127.324583,36.327129],[127.324513,36.327199],[127.32437,36.327345],[127.324262,36.327362],[127.324204,36.327373],[127.324204,36.327373],[127.324146,36.327385],[127.324084,36.327395],[127.324009,36.327408],[127.323815,36.327529],[127.323775,36.327554],[127.323771,36.327557],[127.32371,36.327609],[127.323435,36.327689],[127.323293,36.327722],[127.323146,36.327756],[127.323142,36.327754],[127.322916,36.327655],[127.322813,36.32761],[127.322729,36.327533],[127.322629,36.327441],[127.322464,36.327435],[127.322182,36.327629],[127.322072,36.327705],[127.321884,36.327691],[127.321854,36.327675],[127.321547,36.32751],[127.321494,36.327493],[127.321241,36.327508],[127.32122,36.32751],[127.321106,36.32757],[127.321085,36.327596],[127.320987,36.327679],[127.320833,36.327876],[127.320795,36.327891],[127.320653,36.32795],[127.320652,36.32795],[127.320548,36.327988],[127.32031,36.327977],[127.320264,36.327975],[127.320144,36.327992],[127.320073,36.328001],[127.320063,36.328002],[127.320029,36.328011],[127.320027,36.328011],[127.320009,36.328016],[127.319921,36.328041],[127.319699,36.32806],[127.319679,36.328062],[127.319524,36.328077],[127.319327,36.328054],[127.319125,36.328022],[127.318926,36.327999],[127.318907,36.327997],[127.31883,36.328002],[127.318687,36.328014],[127.318623,36.328019],[127.318591,36.32802],[127.318213,36.328034],[127.318086,36.328066],[127.31799,36.32809],[127.317842,36.328168],[127.317657,36.328265],[127.317539,36.328425],[127.317538,36.328427],[127.317496,36.328484],[127.317491,36.3285],[127.31742,36.32873],[127.317399,36.328798],[127.317397,36.328803],[127.31736,36.328853],[127.317343,36.32888],[127.317284,36.328972],[127.317207,36.329092],[127.317205,36.329099],[127.31715,36.329301],[127.317136,36.329355],[127.31708,36.329485],[127.317058,36.329534],[127.316958,36.329627],[127.316878,36.329701],[127.316778,36.329837],[127.316777,36.329838],[127.316703,36.32994],[127.316672,36.329982],[127.316615,36.330032],[127.316457,36.33017],[127.31632,36.33029],[127.316264,36.330339],[127.316181,36.330413],[127.315992,36.330543],[127.315915,36.330604],[127.315853,36.330667],[127.315721,36.330801],[127.315583,36.330941],[127.31545,36.331024],[127.315219,36.331171],[127.315196,36.331176],[127.315142,36.331189],[127.31501,36.331221],[127.314942,36.331237],[127.314821,36.331262],[127.314788,36.331269],[127.314723,36.331321],[127.314637,36.331429],[127.314634,36.331433],[127.314564,36.331521],[127.314562,36.331524],[127.314545,36.331546],[127.314512,36.331576],[127.314477,36.331608],[127.314398,36.33168],[127.314321,36.331732],[127.314243,36.331786],[127.314153,36.331847],[127.314086,36.331892],[127.313978,36.331962],[127.31396,36.331974],[127.313793,36.332079],[127.313743,36.332111],[127.313735,36.3321],[127.313726,36.332103],[127.313735,36.33212],[127.313711,36.332137],[127.3135,36.332186],[127.313305,36.332231],[127.313272,36.33225],[127.313195,36.332294],[127.313003,36.33247],[127.312983,36.332489],[127.312849,36.332534],[127.312658,36.332592],[127.312519,36.332642],[127.31238,36.332735],[127.312306,36.332883],[127.31229,36.332957],[127.312287,36.333288],[127.312227,36.333025],[127.312211,36.332954],[127.31221,36.33295],[127.312195,36.33288],[127.31213,36.33257],[127.312098,36.332437],[127.312082,36.332375],[127.312044,36.332219],[127.311997,36.332023],[127.311981,36.331957],[127.311918,36.331727],[127.311907,36.331688],[127.311897,36.331633],[127.311845,36.331423],[127.311835,36.331392],[127.311803,36.331276],[127.311774,36.331157],[127.311764,36.331118],[127.311759,36.331094],[127.311754,36.331074],[127.311734,36.331007],[127.311723,36.330834],[127.311724,36.330779],[127.31171,36.330614],[127.311712,36.330539],[127.311723,36.330136],[127.311728,36.33003],[127.311733,36.329959],[127.31174,36.329858],[127.311735,36.329822],[127.31174,36.329768],[127.311748,36.329684],[127.311752,36.329638],[127.311774,36.329575],[127.311791,36.329538],[127.311773,36.329511],[127.311758,36.329496],[127.311792,36.329503],[127.311799,36.329451],[127.3118,36.329443],[127.311805,36.329413],[127.311824,36.329236],[127.311829,36.329142],[127.311834,36.329047],[127.311835,36.329015],[127.311836,36.328992],[127.311805,36.328765],[127.311796,36.328712],[127.311719,36.328696],[127.311702,36.328539],[127.311699,36.328505],[127.311669,36.327993],[127.311703,36.327951],[127.311727,36.327822],[127.311802,36.327592],[127.311773,36.327366],[127.311749,36.32727],[127.311698,36.327168],[127.311622,36.327017],[127.311584,36.326941],[127.31155,36.326873],[127.311506,36.326742],[127.311493,36.326657],[127.311474,36.326539],[127.31149,36.326391],[127.311513,36.326163],[127.311535,36.326003],[127.311568,36.325707],[127.311571,36.325684],[127.311573,36.325674],[127.311579,36.325626],[127.311781,36.324083],[127.311718,36.324091],[127.311556,36.324097],[127.311551,36.324093],[127.311534,36.324077],[127.311188,36.324003],[127.311169,36.323998],[127.311159,36.323963],[127.311243,36.323969],[127.311309,36.323974],[127.311313,36.323975],[127.311109,36.323609],[127.310569,36.323428],[127.310405,36.323233],[127.310231,36.322977],[127.310159,36.322849],[127.309954,36.322043],[127.309119,36.321956],[127.309071,36.321951],[127.309042,36.321947],[127.308913,36.321933],[127.308715,36.321903],[127.308702,36.321907],[127.308501,36.321972],[127.308434,36.321993],[127.308395,36.322017],[127.30838,36.322027],[127.308273,36.322099],[127.307997,36.322284],[127.307905,36.322346],[127.307872,36.322368],[127.307575,36.322507],[127.307514,36.32253],[127.307458,36.32253],[127.307282,36.322529],[127.307225,36.322451],[127.307072,36.322436],[127.306869,36.322417],[127.306357,36.322731],[127.305973,36.322787],[127.305119,36.32276],[127.304954,36.322754],[127.304785,36.322749],[127.30456,36.322742],[127.304339,36.322974],[127.303834,36.322874],[127.303421,36.322825],[127.303197,36.322807],[127.303049,36.322767],[127.302966,36.322747],[127.30296,36.322737],[127.302851,36.322816],[127.302343,36.322732],[127.302,36.322765],[127.301523,36.323017],[127.301492,36.323033],[127.301496,36.323104],[127.301497,36.323111],[127.301506,36.323139],[127.301522,36.323194],[127.301534,36.323232],[127.30153,36.323352],[127.301522,36.323357],[127.301454,36.323401],[127.30106,36.323621],[127.300061,36.324229],[127.298859,36.324814],[127.298848,36.32482],[127.298831,36.324828],[127.298827,36.324827],[127.298054,36.32439],[127.297956,36.324334],[127.297146,36.325052],[127.297127,36.325097],[127.297074,36.325221],[127.297063,36.325248],[127.296391,36.325213],[127.296018,36.324575],[127.295902,36.324375],[127.29486,36.325603],[127.294936,36.326319],[127.294823,36.326556],[127.29463,36.326964],[127.293785,36.328006],[127.293343,36.328562],[127.293323,36.328601],[127.292722,36.329759],[127.29263,36.330019],[127.292241,36.330891],[127.291706,36.331295],[127.291313,36.331595],[127.29087,36.3319],[127.290646,36.332222],[127.290608,36.33263],[127.289618,36.332644],[127.288504,36.332161],[127.288019,36.331846],[127.287664,36.331621],[127.287068,36.331294],[127.286703,36.33109],[127.285663,36.330827],[127.285271,36.330727],[127.284806,36.330603],[127.284549,36.330725],[127.28396,36.331004],[127.283138,36.330773],[127.282726,36.330646],[127.282002,36.329948],[127.281877,36.328929],[127.281492,36.32919],[127.281014,36.32935],[127.281013,36.32935],[127.280716,36.329449],[127.279962,36.329618],[127.279124,36.32975],[127.278124,36.330701],[127.277658,36.331256],[127.277183,36.332024],[127.276986,36.331903],[127.276349,36.331525],[127.276249,36.331503],[127.275206,36.331273],[127.27514,36.331259],[127.273436,36.331029],[127.272736,36.331048],[127.272404,36.331233],[127.271758,36.331221],[127.270981,36.331314],[127.270493,36.330986],[127.269236,36.331298],[127.268764,36.331626],[127.268235,36.331448],[127.26812,36.331411],[127.267999,36.331783],[127.267851,36.332236],[127.267847,36.332248],[127.266622,36.333451],[127.26667,36.334642],[127.266392,36.335193],[127.265594,36.335817],[127.265578,36.336481],[127.265425,36.337229],[127.265569,36.337614],[127.265731,36.338042],[127.266415,36.338669],[127.267422,36.339405],[127.267972,36.339961],[127.268646,36.341002],[127.270314,36.341429],[127.271203,36.341905],[127.271237,36.341924],[127.271279,36.341946],[127.271291,36.341957],[127.272428,36.342958],[127.273073,36.344175],[127.273096,36.344218],[127.273126,36.344275],[127.273362,36.344238],[127.273851,36.344163],[127.275699,36.343877],[127.275731,36.343887],[127.276797,36.344239],[127.27852,36.344495],[127.278817,36.344657],[127.279118,36.344822],[127.278569,36.345297],[127.278311,36.345622],[127.278083,36.345899],[127.278068,36.345917],[127.277989,36.346123],[127.277808,36.346597],[127.277476,36.347125],[127.277532,36.34754],[127.277586,36.34793],[127.277654,36.348425],[127.277731,36.348544],[127.277899,36.348806],[127.277911,36.348823],[127.277886,36.349008],[127.277908,36.349012],[127.278665,36.34914],[127.278939,36.349442],[127.279159,36.349553],[127.279549,36.349752],[127.279883,36.349834],[127.279946,36.34985],[127.280382,36.350937],[127.280406,36.350996],[127.280485,36.351037],[127.280845,36.351221],[127.280821,36.351628],[127.280818,36.35167],[127.280886,36.35174],[127.281443,36.352304],[127.281872,36.352531],[127.281935,36.352564],[127.282109,36.352656],[127.282123,36.352823],[127.282134,36.352961],[127.28214,36.353039],[127.282145,36.353102],[127.282265,36.353175],[127.282574,36.353367],[127.282613,36.353445],[127.282677,36.353574],[127.282726,36.353672],[127.283079,36.353917],[127.283308,36.353989],[127.283341,36.354],[127.283354,36.354004],[127.283372,36.35401],[127.283843,36.353867],[127.284014,36.353862],[127.284251,36.353909],[127.28463,36.353985],[127.284653,36.35399],[127.284686,36.353996],[127.284893,36.354504],[127.284945,36.354633],[127.28538,36.354941],[127.286003,36.355177],[127.286329,36.3553],[127.286474,36.355356],[127.286523,36.355425],[127.286638,36.355586],[127.286798,36.355668],[127.286804,36.355672],[127.286859,36.355678],[127.287213,36.355723],[127.287332,36.355773],[127.287495,36.355843],[127.28834,36.3555],[127.28951,36.355731],[127.289782,36.355855],[127.290299,36.355984],[127.290552,36.356157],[127.290891,36.356281],[127.291051,36.356347],[127.291223,36.356418],[127.291432,36.356503],[127.292012,36.356744],[127.292039,36.35674],[127.292081,36.356738],[127.292263,36.356725],[127.292322,36.356721],[127.29255,36.356706],[127.292714,36.356692],[127.29285,36.356723],[127.293331,36.356831],[127.293548,36.356889],[127.29391,36.357095],[127.294192,36.35714],[127.294344,36.357164],[127.294383,36.357197],[127.294531,36.357323],[127.294522,36.35733],[127.294568,36.357338],[127.294572,36.357327],[127.294614,36.357334],[127.29463,36.357322],[127.29468,36.357329],[127.29475,36.35734],[127.294758,36.357341],[127.294924,36.357578],[127.295043,36.357749],[127.295081,36.357761],[127.295111,36.357772],[127.295275,36.357837],[127.295342,36.357864],[127.295629,36.357977],[127.295754,36.358027],[127.295772,36.358033],[127.295883,36.358075],[127.296047,36.358157],[127.296594,36.358388],[127.296827,36.358747],[127.296833,36.358751],[127.296936,36.35887],[127.297043,36.359017],[127.297174,36.359191],[127.297232,36.359285],[127.297262,36.35933],[127.297273,36.359346],[127.297479,36.359515],[127.297517,36.359547],[127.297602,36.359618],[127.29782,36.359803],[127.298088,36.360031],[127.298095,36.360037],[127.298105,36.360044],[127.298144,36.360072],[127.298314,36.360194],[127.298382,36.360276],[127.298495,36.360386],[127.298526,36.360415],[127.298597,36.360406],[127.298617,36.360442],[127.298629,36.360464],[127.298643,36.360489],[127.298609,36.360485],[127.298654,36.360556],[127.298659,36.360564],[127.298713,36.36065],[127.298835,36.360844],[127.299367,36.361115],[127.299592,36.361228],[127.300087,36.361425],[127.300458,36.361525],[127.300582,36.361559],[127.30062,36.361569],[127.300851,36.361562],[127.30096,36.361561],[127.301106,36.361557],[127.301114,36.361559],[127.301127,36.36156],[127.301161,36.361562],[127.301526,36.36159],[127.301655,36.3616],[127.301656,36.3616],[127.301683,36.361602],[127.302102,36.361637],[127.302233,36.361652],[127.302536,36.361685],[127.30265,36.361694],[127.302684,36.361697],[127.303158,36.361735],[127.303334,36.36171],[127.303408,36.361666],[127.303577,36.361565]]]}},{"type":"Feature","properties":{"ADM_CD":"25040700","dong":"상대동"},"geometry":{"type":"Polygon","coordinates":[[[127.340311,36.348533],[127.34031,36.348308],[127.34031,36.348226],[127.34031,36.34803],[127.34031,36.347991],[127.34031,36.347984],[127.34031,36.347897],[127.340309,36.347835],[127.340309,36.347492],[127.340309,36.347463],[127.340309,36.347445],[127.340309,36.347382],[127.340309,36.347349],[127.340308,36.347166],[127.340308,36.34716],[127.340308,36.347032],[127.340308,36.347008],[127.340307,36.346318],[127.340306,36.346064],[127.340306,36.346021],[127.340306,36.346018],[127.340306,36.345989],[127.340305,36.345869],[127.340305,36.345859],[127.340304,36.345848],[127.340303,36.345829],[127.340297,36.345679],[127.340285,36.345499],[127.340275,36.345402],[127.340272,36.345375],[127.340272,36.345371],[127.340267,36.345319],[127.340243,36.34514],[127.340234,36.345087],[127.34023,36.345064],[127.340213,36.344961],[127.340194,36.344863],[127.340179,36.344783],[127.340138,36.344606],[127.340093,36.344429],[127.340065,36.344337],[127.340041,36.344254],[127.340016,36.344176],[127.340016,36.344175],[127.340004,36.344138],[127.339985,36.34408],[127.339948,36.343978],[127.339923,36.343907],[127.339855,36.343735],[127.339783,36.343564],[127.339747,36.343487],[127.339705,36.343396],[127.339647,36.343279],[127.339636,36.343257],[127.339627,36.343238],[127.339622,36.343228],[127.339597,36.343181],[127.339534,36.343063],[127.33953,36.343056],[127.339447,36.342911],[127.33944,36.342899],[127.33959,36.342855],[127.339649,36.342837],[127.339674,36.342829],[127.339833,36.342782],[127.339903,36.342761],[127.340136,36.342691],[127.340217,36.342667],[127.340474,36.342591],[127.340531,36.342574],[127.340614,36.342549],[127.34085,36.342478],[127.340946,36.34245],[127.340951,36.342448],[127.341135,36.342393],[127.34116,36.342386],[127.341453,36.342298],[127.341532,36.342275],[127.341585,36.342259],[127.341474,36.342148],[127.341412,36.342093],[127.3414,36.342082],[127.341393,36.342077],[127.34123,36.341954],[127.341053,36.341845],[127.340969,36.341804],[127.340952,36.341796],[127.34087,36.341755],[127.340863,36.341751],[127.340861,36.341751],[127.340278,36.341494],[127.340148,36.341436],[127.340115,36.341422],[127.339996,36.341369],[127.339899,36.341323],[127.339835,36.341293],[127.339801,36.341274],[127.339758,36.34125],[127.339655,36.341192],[127.339574,36.341139],[127.339489,36.341083],[127.339482,36.341078],[127.339321,36.340953],[127.339174,36.340818],[127.339148,36.340793],[127.338951,36.340598],[127.338937,36.340585],[127.338801,36.34045],[127.338726,36.340377],[127.338559,36.340211],[127.338398,36.340052],[127.338282,36.339937],[127.338212,36.339868],[127.338077,36.339735],[127.338043,36.339702],[127.337923,36.339583],[127.337896,36.339556],[127.33787,36.339531],[127.337808,36.339469],[127.33775,36.339412],[127.337739,36.339401],[127.337631,36.339294],[127.33759,36.339253],[127.337588,36.339251],[127.337572,36.339236],[127.337476,36.339136],[127.337469,36.339129],[127.337455,36.339115],[127.337435,36.339094],[127.337305,36.338948],[127.337181,36.338798],[127.337156,36.338764],[127.33715,36.338757],[127.337065,36.338644],[127.337061,36.338639],[127.33702,36.33858],[127.337004,36.338557],[127.336956,36.338487],[127.336909,36.338417],[127.336908,36.338416],[127.336811,36.338267],[127.336805,36.338258],[127.336803,36.338255],[127.336703,36.338097],[127.336696,36.338086],[127.336675,36.338053],[127.336612,36.337951],[127.336609,36.337947],[127.336603,36.337936],[127.336516,36.337792],[127.336505,36.337774],[127.336504,36.337771],[127.336434,36.337651],[127.33641,36.337611],[127.336369,36.337537],[127.336333,36.337474],[127.336328,36.337464],[127.336327,36.337463],[127.336318,36.337447],[127.336228,36.337282],[127.33614,36.337116],[127.336064,36.336969],[127.335993,36.336829],[127.335933,36.33671],[127.33591,36.336664],[127.335807,36.336461],[127.335771,36.336391],[127.335722,36.336293],[127.335669,36.336187],[127.335591,36.336021],[127.33559,36.336019],[127.335567,36.335969],[127.335514,36.335849],[127.335443,36.335678],[127.335411,36.335595],[127.335377,36.335506],[127.33535,36.33543],[127.335315,36.335333],[127.335314,36.335332],[127.3353,36.335291],[127.335283,36.335248],[127.33525,36.335165],[127.335246,36.335158],[127.335187,36.33504],[127.335128,36.33495],[127.335083,36.334881],[127.335072,36.334867],[127.335044,36.334834],[127.334972,36.334746],[127.334959,36.334731],[127.334816,36.334593],[127.334656,36.334468],[127.33448,36.334357],[127.334378,36.334306],[127.334291,36.334263],[127.334156,36.33421],[127.334135,36.334201],[127.334115,36.334193],[127.332965,36.333793],[127.332533,36.333642],[127.332495,36.333629],[127.332212,36.33353],[127.331963,36.333444],[127.331906,36.333425],[127.331646,36.333341],[127.331645,36.333187],[127.331644,36.333155],[127.331644,36.3331],[127.331571,36.333065],[127.331497,36.333029],[127.331063,36.332916],[127.33096,36.33289],[127.330855,36.332855],[127.330659,36.332789],[127.330561,36.332757],[127.330364,36.332692],[127.330028,36.332621],[127.329862,36.332587],[127.329703,36.332573],[127.329364,36.332544],[127.329305,36.332543],[127.329179,36.332541],[127.32901,36.332538],[127.32885,36.332504],[127.328676,36.332467],[127.328452,36.332419],[127.328253,36.332377],[127.328062,36.332334],[127.328006,36.332322],[127.327984,36.332317],[127.327954,36.33231],[127.327927,36.332304],[127.327704,36.332254],[127.327705,36.332466],[127.327705,36.332473],[127.327705,36.332488],[127.327669,36.332518],[127.327318,36.332811],[127.326716,36.33327],[127.326683,36.333349],[127.326642,36.333448],[127.326591,36.33356],[127.326554,36.333657],[127.326508,36.333769],[127.326489,36.333815],[127.326354,36.333889],[127.326279,36.333931],[127.32625,36.333951],[127.326117,36.334044],[127.32609,36.334066],[127.326079,36.334112],[127.326073,36.334143],[127.325949,36.334246],[127.325873,36.334266],[127.325795,36.334301],[127.325746,36.334294],[127.325605,36.334306],[127.325669,36.334449],[127.32568,36.334472],[127.325413,36.334692],[127.325279,36.334803],[127.325195,36.334873],[127.324886,36.335132],[127.324794,36.33521],[127.324043,36.33584],[127.324011,36.335908],[127.323809,36.335983],[127.323508,36.336071],[127.323373,36.336108],[127.323197,36.336158],[127.323097,36.336186],[127.322579,36.336332],[127.321852,36.336628],[127.321424,36.336894],[127.321398,36.336916],[127.321087,36.33718],[127.321015,36.337229],[127.320635,36.337326],[127.320348,36.337402],[127.320238,36.33743],[127.320079,36.337473],[127.319649,36.337521],[127.319227,36.337569],[127.318996,36.337631],[127.318838,36.337686],[127.318459,36.337867],[127.318441,36.337875],[127.318248,36.337967],[127.318081,36.338046],[127.318061,36.338055],[127.318043,36.338064],[127.317641,36.338255],[127.317674,36.3383],[127.317755,36.338266],[127.317798,36.338313],[127.317813,36.338329],[127.317838,36.338368],[127.317914,36.338484],[127.318005,36.338647],[127.318183,36.338977],[127.318223,36.339063],[127.318235,36.339061],[127.318314,36.33921],[127.318378,36.339329],[127.318457,36.339479],[127.31846,36.339484],[127.318437,36.339512],[127.318428,36.339583],[127.318456,36.339629],[127.318485,36.339675],[127.318493,36.339636],[127.31853,36.339574],[127.318572,36.339632],[127.318647,36.339713],[127.318649,36.339716],[127.3187,36.33977],[127.318808,36.339935],[127.318914,36.340097],[127.31912,36.340394],[127.319273,36.340615],[127.319298,36.34065],[127.319326,36.340691],[127.319429,36.340872],[127.319432,36.340878],[127.319435,36.340884],[127.319499,36.340996],[127.319562,36.341108],[127.319556,36.341114],[127.319577,36.341137],[127.319595,36.341157],[127.3196,36.341152],[127.319635,36.341213],[127.319637,36.341217],[127.31967,36.341275],[127.319674,36.34134],[127.319677,36.341405],[127.319705,36.341421],[127.319782,36.341475],[127.319905,36.341566],[127.320002,36.341642],[127.320043,36.341674],[127.320052,36.341681],[127.320061,36.341689],[127.320153,36.341764],[127.320173,36.341832],[127.320178,36.341856],[127.320189,36.341904],[127.32019,36.341909],[127.32019,36.341954],[127.320226,36.341979],[127.320262,36.342003],[127.320283,36.342027],[127.320304,36.342051],[127.320284,36.342067],[127.320334,36.342119],[127.320381,36.342193],[127.320453,36.342375],[127.320526,36.342441],[127.320607,36.342513],[127.320658,36.342642],[127.320679,36.342694],[127.320719,36.342737],[127.320725,36.342744],[127.320806,36.342831],[127.320829,36.342873],[127.320894,36.342951],[127.320996,36.343078],[127.320964,36.343172],[127.320939,36.343188],[127.320937,36.343185],[127.320826,36.343245],[127.320834,36.343256],[127.320876,36.343284],[127.320969,36.343345],[127.321092,36.343402],[127.321137,36.343424],[127.321197,36.343452],[127.321266,36.34353],[127.321294,36.343562],[127.321296,36.343601],[127.321304,36.343608],[127.321485,36.343672],[127.321563,36.343699],[127.321731,36.343752],[127.321899,36.343805],[127.321902,36.343806],[127.321949,36.343913],[127.322036,36.343989],[127.322111,36.344053],[127.322224,36.344175],[127.322267,36.344205],[127.322317,36.344231],[127.322332,36.344242],[127.322333,36.344376],[127.322439,36.344557],[127.322482,36.344599],[127.32258,36.344679],[127.322644,36.344813],[127.322659,36.344845],[127.32277,36.344994],[127.322837,36.345149],[127.322865,36.345178],[127.322917,36.34523],[127.322974,36.345219],[127.323135,36.345175],[127.323241,36.345192],[127.323536,36.34524],[127.323598,36.34525],[127.323809,36.345285],[127.324061,36.345131],[127.32415,36.345277],[127.324243,36.345472],[127.324265,36.345552],[127.324267,36.345561],[127.324293,36.34559],[127.324313,36.345677],[127.324322,36.345699],[127.324371,36.345819],[127.324377,36.345835],[127.324384,36.345848],[127.324364,36.345876],[127.324337,36.345903],[127.324358,36.345931],[127.324393,36.345977],[127.324489,36.346104],[127.324493,36.346101],[127.324557,36.346186],[127.32455,36.346187],[127.324624,36.346275],[127.324708,36.346382],[127.32471,36.346381],[127.324824,36.346529],[127.324852,36.346538],[127.324873,36.346537],[127.324894,36.34652],[127.324904,36.346503],[127.324906,36.346493],[127.324926,36.346553],[127.324964,36.346609],[127.325036,36.346716],[127.325149,36.346883],[127.325161,36.346913],[127.325244,36.34713],[127.325255,36.347158],[127.325279,36.347222],[127.325412,36.347481],[127.325447,36.34755],[127.325459,36.347574],[127.325517,36.34766],[127.325621,36.347803],[127.325629,36.347814],[127.32574,36.347988],[127.325988,36.34837],[127.326002,36.348392],[127.326078,36.34851],[127.326099,36.348508],[127.326192,36.348498],[127.326193,36.348499],[127.326202,36.348498],[127.326249,36.34849],[127.326351,36.348472],[127.326358,36.348471],[127.326376,36.348468],[127.326449,36.348567],[127.32659,36.348758],[127.32659,36.348758],[127.326673,36.348871],[127.326688,36.348851],[127.326756,36.348758],[127.326876,36.348758],[127.327033,36.348758],[127.327093,36.348758],[127.32731,36.348758],[127.327419,36.348758],[127.32747,36.348758],[127.327522,36.348758],[127.32793,36.348758],[127.328322,36.348758],[127.3284,36.348758],[127.328469,36.348758],[127.328482,36.348758],[127.328578,36.348758],[127.328601,36.348758],[127.32972,36.348758],[127.329806,36.348758],[127.329899,36.348758],[127.33051,36.348758],[127.330563,36.348758],[127.330618,36.348758],[127.330723,36.348758],[127.330837,36.348758],[127.330846,36.348758],[127.330862,36.348758],[127.330957,36.348758],[127.330958,36.348758],[127.331003,36.348758],[127.331102,36.348758],[127.331382,36.348758],[127.331503,36.348758],[127.331527,36.348758],[127.331563,36.348758],[127.33165,36.348758],[127.331708,36.348758],[127.331877,36.348758],[127.332157,36.348758],[127.332393,36.348758],[127.332452,36.348758],[127.332453,36.348758],[127.332511,36.348758],[127.332659,36.348758],[127.332808,36.348758],[127.33285,36.348758],[127.332977,36.348758],[127.333171,36.348758],[127.333307,36.348758],[127.333442,36.348758],[127.333484,36.348758],[127.333532,36.348758],[127.333879,36.348758],[127.333921,36.348758],[127.334028,36.348758],[127.334157,36.348758],[127.334334,36.348758],[127.334377,36.348758],[127.334423,36.348758],[127.334436,36.348758],[127.334659,36.348758],[127.334738,36.348758],[127.334776,36.348758],[127.335002,36.348758],[127.335053,36.348758],[127.335342,36.348759],[127.335422,36.348759],[127.335599,36.348759],[127.33572,36.348759],[127.335851,36.348759],[127.335856,36.348759],[127.335906,36.348759],[127.335944,36.348759],[127.335944,36.348759],[127.336563,36.348759],[127.336731,36.348758],[127.336885,36.348758],[127.337121,36.348758],[127.33723,36.348759],[127.337978,36.348759],[127.338844,36.348758],[127.33898,36.348758],[127.339004,36.348758],[127.339028,36.348759],[127.339029,36.348759],[127.339063,36.348713],[127.339117,36.348639],[127.339148,36.348597],[127.339194,36.348534],[127.339246,36.348534],[127.339286,36.348534],[127.33992,36.348533],[127.34002,36.348533],[127.34002,36.348533],[127.340066,36.348533],[127.340083,36.348533],[127.340131,36.348533],[127.340301,36.348533],[127.340311,36.348533]]]}},{"type":"Feature","properties":{"ADM_CD":"25040710","dong":"원신흥동"},"geometry":{"type":"Polygon","coordinates":[[[127.34233,36.353166],[127.342381,36.353152],[127.342383,36.353152],[127.342443,36.353164],[127.342563,36.353131],[127.342603,36.35312],[127.342659,36.353105],[127.342717,36.353089],[127.342775,36.353074],[127.342799,36.353067],[127.34298,36.353018],[127.343188,36.352962],[127.343307,36.352929],[127.343407,36.352902],[127.343439,36.352894],[127.343544,36.352865],[127.343602,36.35285],[127.343717,36.35279],[127.343737,36.352785],[127.343816,36.352763],[127.343891,36.352743],[127.344016,36.352709],[127.344025,36.352706],[127.344066,36.352695],[127.344115,36.352689],[127.344249,36.352672],[127.344267,36.35267],[127.344495,36.352608],[127.34467,36.35256],[127.344818,36.35252],[127.344996,36.352472],[127.345093,36.352446],[127.345178,36.352423],[127.345209,36.352414],[127.345281,36.352395],[127.345398,36.352363],[127.345517,36.352331],[127.345586,36.352312],[127.345653,36.352294],[127.345688,36.352285],[127.345752,36.352267],[127.345816,36.35225],[127.345871,36.352235],[127.345934,36.352218],[127.346098,36.352174],[127.346153,36.352159],[127.34627,36.3521],[127.34635,36.352078],[127.346388,36.352068],[127.346424,36.352058],[127.346555,36.352023],[127.346625,36.352004],[127.346661,36.351994],[127.346848,36.351943],[127.34693,36.351921],[127.347061,36.351886],[127.347225,36.351864],[127.347257,36.35186],[127.347275,36.351855],[127.347575,36.351774],[127.347703,36.351739],[127.347753,36.351726],[127.347892,36.351689],[127.348125,36.351609],[127.348147,36.351602],[127.348171,36.351594],[127.34835,36.351533],[127.34843,36.351506],[127.348572,36.351468],[127.348689,36.351436],[127.348689,36.351436],[127.348651,36.351342],[127.348553,36.351094],[127.348533,36.351044],[127.348517,36.351001],[127.348497,36.350951],[127.348446,36.350824],[127.348425,36.350771],[127.348415,36.350739],[127.348411,36.35074],[127.34839,36.350746],[127.348389,36.350742],[127.348352,36.350554],[127.348336,36.350372],[127.348331,36.35035],[127.34832,36.350298],[127.348317,36.350253],[127.348314,36.350193],[127.348314,36.350171],[127.348308,36.350121],[127.348301,36.350063],[127.348294,36.349968],[127.348294,36.349963],[127.348287,36.349746],[127.348293,36.349688],[127.348457,36.349697],[127.349096,36.349732],[127.349129,36.349461],[127.349164,36.349179],[127.349296,36.348721],[127.349359,36.348501],[127.349397,36.348369],[127.349399,36.348362],[127.349442,36.34826],[127.349587,36.347914],[127.349707,36.347678],[127.349736,36.347625],[127.349981,36.347178],[127.350019,36.347107],[127.350097,36.34696],[127.350139,36.346879],[127.350145,36.346873],[127.350216,36.346787],[127.350371,36.346598],[127.350603,36.346317],[127.350657,36.346231],[127.350708,36.346151],[127.350765,36.346061],[127.350939,36.345788],[127.351003,36.345581],[127.351054,36.345415],[127.351116,36.345211],[127.35129,36.344895],[127.351376,36.344739],[127.351692,36.344303],[127.3518,36.343911],[127.351864,36.343523],[127.351867,36.343504],[127.351884,36.343403],[127.351981,36.342766],[127.352036,36.342328],[127.352122,36.341887],[127.352212,36.341473],[127.352269,36.341216],[127.352333,36.340956],[127.352396,36.340697],[127.352445,36.340571],[127.352569,36.340212],[127.352618,36.340074],[127.352718,36.339812],[127.35295,36.339204],[127.353381,36.338277],[127.353449,36.338131],[127.353692,36.337278],[127.353704,36.337239],[127.353736,36.337088],[127.353766,36.336999],[127.353828,36.3368],[127.353934,36.336445],[127.354132,36.33598],[127.354362,36.335557],[127.354426,36.335439],[127.354574,36.334993],[127.3545,36.334472],[127.354446,36.334217],[127.354438,36.334179],[127.354366,36.333866],[127.354267,36.333653],[127.35418,36.333482],[127.354147,36.33307],[127.354141,36.333057],[127.354139,36.333053],[127.35384,36.332592],[127.353823,36.332506],[127.353818,36.332479],[127.353806,36.33242],[127.353794,36.332358],[127.353782,36.332296],[127.353779,36.332283],[127.353778,36.332275],[127.353754,36.332159],[127.353753,36.332154],[127.353724,36.332154],[127.353641,36.332153],[127.353497,36.332152],[127.353481,36.332152],[127.353257,36.332156],[127.353079,36.332156],[127.35297,36.332157],[127.352938,36.332157],[127.352749,36.332158],[127.352749,36.332158],[127.352719,36.332158],[127.35242,36.332159],[127.352244,36.332159],[127.352083,36.33216],[127.351869,36.332161],[127.351747,36.332161],[127.351419,36.332162],[127.351085,36.332163],[127.351003,36.332163],[127.350755,36.332164],[127.350427,36.332165],[127.350348,36.332166],[127.350138,36.332166],[127.3501,36.332167],[127.350099,36.332167],[127.350023,36.332167],[127.350022,36.332167],[127.349686,36.332168],[127.349352,36.332169],[127.349166,36.33217],[127.349022,36.33217],[127.348897,36.332171],[127.348794,36.332171],[127.348687,36.332171],[127.348528,36.332172],[127.34802,36.332174],[127.346477,36.332179],[127.346278,36.33218],[127.346103,36.33218],[127.344653,36.332185],[127.344611,36.332185],[127.344514,36.332185],[127.34399,36.332187],[127.343858,36.332187],[127.343769,36.332187],[127.343561,36.332189],[127.343277,36.33219],[127.342791,36.332191],[127.342565,36.332192],[127.341901,36.332194],[127.34184,36.332194],[127.340862,36.332198],[127.33963,36.332202],[127.33814,36.332207],[127.338126,36.332207],[127.335917,36.332215],[127.335916,36.332215],[127.332852,36.332225],[127.331592,36.33223],[127.331594,36.332277],[127.331573,36.332367],[127.331571,36.332436],[127.331573,36.332452],[127.331573,36.332454],[127.331574,36.332458],[127.331579,36.33248],[127.33158,36.332487],[127.331581,36.332491],[127.331582,36.332495],[127.331584,36.332504],[127.331585,36.332539],[127.331585,36.332547],[127.331585,36.332547],[127.331581,36.332695],[127.33158,36.332729],[127.331577,36.332829],[127.331575,36.332916],[127.331573,36.332963],[127.331573,36.332972],[127.331572,36.333018],[127.331609,36.333028],[127.331644,36.333038],[127.331644,36.3331],[127.331644,36.333155],[127.331645,36.333187],[127.331646,36.333341],[127.331906,36.333425],[127.331963,36.333444],[127.332212,36.33353],[127.332495,36.333629],[127.332533,36.333642],[127.332965,36.333793],[127.334115,36.334193],[127.334135,36.334201],[127.334156,36.33421],[127.334291,36.334263],[127.334378,36.334306],[127.33448,36.334357],[127.334656,36.334468],[127.334816,36.334593],[127.334959,36.334731],[127.334972,36.334746],[127.335044,36.334834],[127.335072,36.334867],[127.335083,36.334881],[127.335128,36.33495],[127.335187,36.33504],[127.335246,36.335158],[127.33525,36.335165],[127.335283,36.335248],[127.3353,36.335291],[127.335314,36.335332],[127.335315,36.335333],[127.33535,36.33543],[127.335377,36.335506],[127.335411,36.335595],[127.335443,36.335678],[127.335514,36.335849],[127.335567,36.335969],[127.33559,36.336019],[127.335591,36.336021],[127.335669,36.336187],[127.335722,36.336293],[127.335771,36.336391],[127.335807,36.336461],[127.33591,36.336664],[127.335933,36.33671],[127.335993,36.336829],[127.336064,36.336969],[127.33614,36.337116],[127.336228,36.337282],[127.336318,36.337447],[127.336327,36.337463],[127.336328,36.337464],[127.336333,36.337474],[127.336369,36.337537],[127.33641,36.337611],[127.336434,36.337651],[127.336504,36.337771],[127.336505,36.337774],[127.336516,36.337792],[127.336603,36.337936],[127.336609,36.337947],[127.336612,36.337951],[127.336675,36.338053],[127.336696,36.338086],[127.336703,36.338097],[127.336803,36.338255],[127.336805,36.338258],[127.336811,36.338267],[127.336908,36.338416],[127.336909,36.338417],[127.336956,36.338487],[127.337004,36.338557],[127.33702,36.33858],[127.337061,36.338639],[127.337065,36.338644],[127.33715,36.338757],[127.337156,36.338764],[127.337181,36.338798],[127.337305,36.338948],[127.337435,36.339094],[127.337455,36.339115],[127.337469,36.339129],[127.337476,36.339136],[127.337572,36.339236],[127.337588,36.339251],[127.33759,36.339253],[127.337631,36.339294],[127.337739,36.339401],[127.33775,36.339412],[127.337808,36.339469],[127.33787,36.339531],[127.337896,36.339556],[127.337923,36.339583],[127.338043,36.339702],[127.338077,36.339735],[127.338212,36.339868],[127.338282,36.339937],[127.338398,36.340052],[127.338559,36.340211],[127.338726,36.340377],[127.338801,36.34045],[127.338937,36.340585],[127.338951,36.340598],[127.339148,36.340793],[127.339174,36.340818],[127.339321,36.340953],[127.339482,36.341078],[127.339489,36.341083],[127.339574,36.341139],[127.339655,36.341192],[127.339758,36.34125],[127.339801,36.341274],[127.339835,36.341293],[127.339899,36.341323],[127.339996,36.341369],[127.340115,36.341422],[127.340148,36.341436],[127.340278,36.341494],[127.340861,36.341751],[127.340863,36.341751],[127.34087,36.341755],[127.340952,36.341796],[127.340969,36.341804],[127.341053,36.341845],[127.34123,36.341954],[127.341393,36.342077],[127.3414,36.342082],[127.341412,36.342093],[127.341474,36.342148],[127.341585,36.342259],[127.341532,36.342275],[127.341453,36.342298],[127.34116,36.342386],[127.341135,36.342393],[127.340951,36.342448],[127.340946,36.34245],[127.34085,36.342478],[127.340614,36.342549],[127.340531,36.342574],[127.340474,36.342591],[127.340217,36.342667],[127.340136,36.342691],[127.339903,36.342761],[127.339833,36.342782],[127.339674,36.342829],[127.339649,36.342837],[127.33959,36.342855],[127.33944,36.342899],[127.339447,36.342911],[127.33953,36.343056],[127.339534,36.343063],[127.339597,36.343181],[127.339622,36.343228],[127.339627,36.343238],[127.339636,36.343257],[127.339647,36.343279],[127.339705,36.343396],[127.339747,36.343487],[127.339783,36.343564],[127.339855,36.343735],[127.339923,36.343907],[127.339948,36.343978],[127.339985,36.34408],[127.340004,36.344138],[127.340016,36.344175],[127.340016,36.344176],[127.340041,36.344254],[127.340065,36.344337],[127.340093,36.344429],[127.340138,36.344606],[127.340179,36.344783],[127.340194,36.344863],[127.340213,36.344961],[127.34023,36.345064],[127.340234,36.345087],[127.340243,36.34514],[127.340267,36.345319],[127.340272,36.345371],[127.340272,36.345375],[127.340275,36.345402],[127.340285,36.345499],[127.340297,36.345679],[127.340303,36.345829],[127.340304,36.345848],[127.340305,36.345859],[127.340305,36.345869],[127.340306,36.345989],[127.340306,36.346018],[127.340306,36.346021],[127.340306,36.346064],[127.340307,36.346318],[127.340308,36.347008],[127.340308,36.347032],[127.340308,36.34716],[127.340308,36.347166],[127.340309,36.347349],[127.340309,36.347382],[127.340309,36.347445],[127.340309,36.347463],[127.340309,36.347492],[127.340309,36.347835],[127.34031,36.347897],[127.34031,36.347984],[127.34031,36.347991],[127.34031,36.34803],[127.34031,36.348226],[127.34031,36.348308],[127.340311,36.348533],[127.340469,36.348533],[127.340522,36.348533],[127.340549,36.348533],[127.340549,36.348538],[127.340547,36.348595],[127.340543,36.348716],[127.340539,36.348856],[127.340536,36.348899],[127.340535,36.348912],[127.340533,36.348937],[127.340533,36.348939],[127.340508,36.349248],[127.340504,36.349308],[127.340501,36.349343],[127.340491,36.349467],[127.340468,36.349758],[127.34046,36.349872],[127.340457,36.349905],[127.340454,36.349943],[127.340454,36.349949],[127.340455,36.349961],[127.340461,36.349983],[127.340474,36.350002],[127.340475,36.350004],[127.340487,36.350016],[127.34052,36.350041],[127.340537,36.350052],[127.340555,36.350063],[127.340574,36.350072],[127.340617,36.350081],[127.340648,36.350082],[127.340657,36.350179],[127.34066,36.350212],[127.34062,36.350212],[127.340598,36.350216],[127.340578,36.350223],[127.340558,36.350231],[127.34054,36.350242],[127.340524,36.350254],[127.340517,36.350262],[127.34051,36.350269],[127.340499,36.350284],[127.340489,36.3503],[127.340481,36.350317],[127.340476,36.350334],[127.340473,36.350352],[127.340475,36.35037],[127.340478,36.350387],[127.340483,36.350423],[127.340499,36.350504],[127.340515,36.350565],[127.340516,36.350569],[127.340521,36.350592],[127.340529,36.350627],[127.340539,36.350662],[127.340562,36.350732],[127.340587,36.350798],[127.340608,36.350853],[127.340609,36.350854],[127.340617,36.350873],[127.340683,36.351027],[127.340768,36.351223],[127.340802,36.351385],[127.340857,36.351512],[127.340906,36.351572],[127.340933,36.351606],[127.340944,36.351631],[127.340974,36.351702],[127.34099,36.351739],[127.341002,36.351767],[127.341013,36.351792],[127.341024,36.351817],[127.341043,36.351863],[127.341063,36.351954],[127.341077,36.352025],[127.341103,36.352084],[127.341133,36.352155],[127.341245,36.352413],[127.34128,36.352495],[127.341283,36.3525],[127.341292,36.35251],[127.341306,36.352523],[127.341323,36.352534],[127.341343,36.352543],[127.341363,36.352549],[127.341401,36.352639],[127.341407,36.352653],[127.341442,36.352733],[127.341468,36.352796],[127.34154,36.352962],[127.341592,36.353084],[127.341633,36.3531],[127.341668,36.353183],[127.341695,36.353247],[127.341698,36.353255],[127.341786,36.35329],[127.34182,36.353304],[127.341865,36.353291],[127.342058,36.353239],[127.342101,36.353228],[127.342126,36.353221],[127.342191,36.353203],[127.34233,36.353166]]]}},{"type":"Feature","properties":{"kind":"outside_mask","dong":null},"geometry":{"type":"Polygon","coordinates":[[[-180.0,-85.0],[-180.0,85.0],[180.0,85.0],[180.0,-85.0],[-180.0,-85.0]],[[127.33814,36.332207],[127.33963,36.332202],[127.340862,36.332198],[127.34184,36.332194],[127.341901,36.332194],[127.342565,36.332192],[127.342791,36.332191],[127.343277,36.33219],[127.343561,36.332189],[127.343769,36.332187],[127.343858,36.332187],[127.34399,36.332187],[127.344514,36.332185],[127.344611,36.332185],[127.344653,36.332185],[127.346103,36.33218],[127.346278,36.33218],[127.346477,36.332179],[127.34802,36.332174],[127.348528,36.332172],[127.348687,36.332171],[127.348794,36.332171],[127.348897,36.332171],[127.349022,36.33217],[127.349166,36.33217],[127.349352,36.332169],[127.349686,36.332168],[127.350022,36.332167],[127.350023,36.332167],[127.350099,36.332167],[127.3501,36.332167],[127.350138,36.332166],[127.350348,36.332166],[127.350427,36.332165],[127.350755,36.332164],[127.351003,36.332163],[127.351085,36.332163],[127.351419,36.332162],[127.351747,36.332161],[127.351869,36.332161],[127.352083,36.33216],[127.352244,36.332159],[127.35242,36.332159],[127.352719,36.332158],[127.352749,36.332158],[127.352749,36.332158],[127.352938,36.332157],[127.35297,36.332157],[127.353079,36.332156],[127.353257,36.332156],[127.353481,36.332152],[127.353497,36.332152],[127.353641,36.332153],[127.353724,36.332154],[127.353753,36.332154],[127.353754,36.332159],[127.353778,36.332275],[127.353779,36.332283],[127.353782,36.332296],[127.353794,36.332358],[127.353806,36.33242],[127.353818,36.332479],[127.353823,36.332506],[127.35384,36.332592],[127.354139,36.333053],[127.354141,36.333057],[127.354147,36.33307],[127.35418,36.333482],[127.354267,36.333653],[127.354366,36.333866],[127.354438,36.334179],[127.354446,36.334217],[127.3545,36.334472],[127.354574,36.334993],[127.354426,36.335439],[127.354362,36.335557],[127.354132,36.33598],[127.353934,36.336445],[127.353828,36.3368],[127.353766,36.336999],[127.353736,36.337088],[127.353704,36.337239],[127.353692,36.337278],[127.353449,36.338131],[127.353381,36.338277],[127.35295,36.339204],[127.352718,36.339812],[127.352618,36.340074],[127.352569,36.340212],[127.352445,36.340571],[127.352396,36.340697],[127.352333,36.340956],[127.352269,36.341216],[127.352212,36.341473],[127.352122,36.341887],[127.352036,36.342328],[127.351981,36.342766],[127.351884,36.343403],[127.351867,36.343504],[127.351864,36.343523],[127.3518,36.343911],[127.351692,36.344303],[127.351376,36.344739],[127.35129,36.344895],[127.351116,36.345211],[127.351054,36.345415],[127.351003,36.345581],[127.350939,36.345788],[127.350765,36.346061],[127.350708,36.346151],[127.350657,36.346231],[127.350603,36.346317],[127.350371,36.346598],[127.350216,36.346787],[127.350145,36.346873],[127.350139,36.346879],[127.350097,36.34696],[127.350019,36.347107],[127.349981,36.347178],[127.349736,36.347625],[127.349707,36.347678],[127.349587,36.347914],[127.349442,36.34826],[127.349399,36.348362],[127.349397,36.348369],[127.349359,36.348501],[127.349296,36.348721],[127.349164,36.349179],[127.349129,36.349461],[127.349096,36.349732],[127.349098,36.349749],[127.349099,36.349753],[127.34917,36.35025],[127.349263,36.350679],[127.349293,36.350819],[127.34944,36.3512],[127.349569,36.351505],[127.349815,36.35209],[127.349868,36.352204],[127.349933,36.352346],[127.350044,36.352587],[127.350299,36.352958],[127.35034,36.353009],[127.350674,36.35343],[127.350921,36.353566],[127.350989,36.353611],[127.351289,36.353709],[127.351735,36.353856],[127.35184,36.353907],[127.3522,36.354078],[127.352357,36.354148],[127.352692,36.354298],[127.353123,36.354304],[127.353684,36.354277],[127.353698,36.354276],[127.353813,36.354269],[127.353824,36.354269],[127.353831,36.354268],[127.353864,36.354276],[127.353902,36.354284],[127.353909,36.354289],[127.354351,36.354585],[127.354403,36.35462],[127.354872,36.354935],[127.355247,36.355186],[127.355372,36.35527],[127.355405,36.355292],[127.355822,36.355571],[127.356655,36.356149],[127.357626,36.356821],[127.358071,36.357129],[127.35808,36.357168],[127.358103,36.357272],[127.35814,36.357525],[127.358158,36.357595],[127.358259,36.357996],[127.358504,36.358702],[127.358513,36.358727],[127.358526,36.358833],[127.358529,36.358858],[127.358544,36.358858],[127.358696,36.359022],[127.358827,36.359164],[127.358952,36.3593],[127.359342,36.359717],[127.359738,36.360141],[127.359755,36.360159],[127.359792,36.360198],[127.361021,36.361525],[127.361243,36.361781],[127.361484,36.362016],[127.361643,36.362186],[127.3617,36.362248],[127.362278,36.362847],[127.362583,36.363164],[127.362662,36.363247],[127.362794,36.363384],[127.362795,36.363384],[127.362872,36.363405],[127.36292,36.363417],[127.363037,36.363446],[127.363269,36.363503],[127.363547,36.363567],[127.363789,36.363636],[127.363837,36.36365],[127.364008,36.3637],[127.364201,36.363746],[127.364264,36.363763],[127.36462,36.363849],[127.365001,36.363937],[127.365013,36.36394],[127.365231,36.364012],[127.365568,36.364123],[127.365769,36.364196],[127.366045,36.364317],[127.366177,36.364374],[127.366408,36.364467],[127.366434,36.364482],[127.366585,36.364568],[127.366784,36.364684],[127.367038,36.364892],[127.367041,36.364892],[127.367079,36.364924],[127.367263,36.365074],[127.36759,36.365391],[127.367933,36.365794],[127.367943,36.365808],[127.367998,36.365883],[127.368194,36.366182],[127.36835,36.36642],[127.368384,36.366472],[127.368506,36.366659],[127.368599,36.366847],[127.368729,36.367127],[127.369009,36.367668],[127.369318,36.368159],[127.369524,36.368382],[127.369716,36.36859],[127.369998,36.368804],[127.370101,36.368882],[127.370195,36.368954],[127.370292,36.369003],[127.370641,36.369181],[127.370766,36.36924],[127.371146,36.36942],[127.371266,36.369477],[127.371399,36.369525],[127.371621,36.369603],[127.371957,36.36972],[127.371991,36.369732],[127.37229,36.369877],[127.372358,36.36991],[127.372532,36.369995],[127.372717,36.370099],[127.372757,36.370122],[127.373029,36.370277],[127.373389,36.37051],[127.373552,36.370635],[127.373695,36.370746],[127.373697,36.370747],[127.374099,36.371154],[127.37451,36.37139],[127.374708,36.371505],[127.374737,36.371512],[127.3754,36.371681],[127.375434,36.371689],[127.375458,36.371694],[127.375924,36.371795],[127.376061,36.371819],[127.376323,36.371867],[127.376384,36.371878],[127.37709,36.37196],[127.377101,36.371961],[127.377524,36.37199],[127.377798,36.372009],[127.37783,36.37201],[127.378114,36.372013],[127.378164,36.372013],[127.378251,36.372014],[127.378452,36.372015],[127.379023,36.37201],[127.379031,36.372011],[127.379546,36.372004],[127.379675,36.372002],[127.379739,36.371985],[127.379895,36.371974],[127.380064,36.371513],[127.380092,36.371517],[127.380135,36.371524],[127.380143,36.371525],[127.380521,36.371514],[127.380525,36.371514],[127.380764,36.371508],[127.381448,36.37149],[127.381933,36.371481],[127.382842,36.371487],[127.382973,36.371487],[127.383154,36.371487],[127.383365,36.371487],[127.383696,36.371478],[127.384117,36.371484],[127.384405,36.371478],[127.384997,36.371472],[127.384999,36.371472],[127.385131,36.371469],[127.385339,36.371471],[127.385495,36.37148],[127.385563,36.371481],[127.385775,36.371482],[127.385973,36.371467],[127.38645,36.371434],[127.386579,36.371421],[127.38666,36.371411],[127.386967,36.371376],[127.387401,36.371331],[127.387527,36.371319],[127.387797,36.371289],[127.387902,36.371279],[127.38803,36.371264],[127.388036,36.371264],[127.388173,36.371248],[127.388495,36.371199],[127.388777,36.37117],[127.388802,36.371167],[127.388825,36.371163],[127.388894,36.371163],[127.389115,36.371166],[127.389275,36.371157],[127.389442,36.371152],[127.389517,36.371149],[127.389613,36.371146],[127.389751,36.371142],[127.3899,36.371137],[127.390192,36.37117],[127.390235,36.371176],[127.390524,36.371215],[127.390577,36.371222],[127.390695,36.371254],[127.390815,36.371284],[127.390878,36.371301],[127.390992,36.371347],[127.391179,36.371421],[127.391505,36.37149],[127.391701,36.371518],[127.391879,36.37154],[127.392058,36.371552],[127.392144,36.371557],[127.392385,36.371536],[127.392603,36.371518],[127.392744,36.37148],[127.392841,36.371454],[127.393014,36.37138],[127.393081,36.371342],[127.39308,36.371345],[127.392961,36.371693],[127.39285,36.372172],[127.39295,36.372597],[127.393093,36.372801],[127.393134,36.37286],[127.393241,36.373012],[127.3932,36.373043],[127.39327,36.373053],[127.393484,36.373087],[127.393521,36.373093],[127.393533,36.373095],[127.393997,36.373169],[127.394131,36.373193],[127.39482,36.373314],[127.394938,36.373332],[127.395058,36.37335],[127.395363,36.373396],[127.395387,36.373398],[127.395525,36.373421],[127.39581,36.373469],[127.396385,36.373568],[127.396398,36.37357],[127.396557,36.373579],[127.39665,36.373584],[127.397129,36.37361],[127.397519,36.373668],[127.397987,36.373764],[127.398694,36.374036],[127.398869,36.374103],[127.399253,36.374254],[127.399657,36.374412],[127.399852,36.374489],[127.399992,36.374545],[127.40007,36.374582],[127.400246,36.374667],[127.400251,36.374668],[127.40069,36.374838],[127.400958,36.374946],[127.4009,36.375014],[127.400895,36.37502],[127.400932,36.375042],[127.401254,36.375206],[127.40141,36.375275],[127.401979,36.375447],[127.402248,36.375532],[127.402374,36.375572],[127.40255,36.37563],[127.402733,36.375689],[127.403447,36.375849],[127.403746,36.375924],[127.404149,36.376025],[127.404788,36.376198],[127.40504,36.376257],[127.405135,36.376241],[127.405421,36.376344],[127.405683,36.376424],[127.405803,36.376455],[127.405832,36.376462],[127.405946,36.376496],[127.406212,36.376575],[127.406434,36.37664],[127.406959,36.376817],[127.407107,36.376866],[127.407559,36.37705],[127.407685,36.377133],[127.407838,36.377234],[127.408006,36.377343],[127.408424,36.377588],[127.408452,36.377607],[127.408549,36.377675],[127.408756,36.377798],[127.40886,36.37786],[127.409018,36.377954],[127.409165,36.37808],[127.409374,36.378258],[127.409375,36.378259],[127.409435,36.378302],[127.409447,36.37831],[127.409583,36.378399],[127.409705,36.378479],[127.40974,36.378502],[127.4098,36.378541],[127.409897,36.378605],[127.409949,36.378825],[127.410101,36.379008],[127.410246,36.379184],[127.410399,36.379362],[127.410584,36.379572],[127.410764,36.379786],[127.410822,36.379857],[127.410948,36.380011],[127.411097,36.380183],[127.411205,36.380367],[127.411207,36.38037],[127.41122,36.380398],[127.411278,36.380514],[127.411346,36.380649],[127.411519,36.380992],[127.41152,36.380993],[127.411638,36.381294],[127.411764,36.381796],[127.411784,36.382247],[127.411783,36.382441],[127.411778,36.38312],[127.411778,36.383161],[127.411783,36.383314],[127.411792,36.383583],[127.411792,36.383589],[127.411794,36.383654],[127.411796,36.383763],[127.4118,36.383906],[127.411812,36.384293],[127.411824,36.384716],[127.411827,36.384827],[127.411827,36.38486],[127.411832,36.385345],[127.411847,36.385778],[127.411903,36.38631],[127.411929,36.386741],[127.411922,36.386983],[127.41192,36.386987],[127.411769,36.387286],[127.411727,36.387368],[127.411658,36.387638],[127.411616,36.387803],[127.411568,36.388067],[127.411553,36.388149],[127.411487,36.388457],[127.411458,36.388593],[127.41145,36.388634],[127.411415,36.388796],[127.411377,36.388969],[127.411351,36.389185],[127.411339,36.389284],[127.411325,36.389398],[127.411313,36.389489],[127.411283,36.389668],[127.411237,36.389944],[127.411226,36.390026],[127.411202,36.390229],[127.411199,36.390255],[127.411187,36.390356],[127.411175,36.390458],[127.411176,36.390812],[127.411173,36.390974],[127.411173,36.390975],[127.411172,36.391078],[127.411172,36.391163],[127.411172,36.391276],[127.411171,36.391456],[127.411171,36.391459],[127.411172,36.391479],[127.411189,36.391676],[127.411214,36.391973],[127.411245,36.392159],[127.411287,36.392413],[127.41129,36.39243],[127.411296,36.392466],[127.411312,36.392563],[127.411314,36.392587],[127.411337,36.39284],[127.411354,36.393043],[127.411365,36.393163],[127.41139,36.393453],[127.411396,36.393529],[127.411402,36.393602],[127.411409,36.393695],[127.411435,36.394034],[127.41144,36.394097],[127.41147,36.394476],[127.411478,36.394578],[127.411482,36.3946],[127.411529,36.394836],[127.411616,36.395273],[127.411728,36.395843],[127.411934,36.396119],[127.411968,36.396164],[127.411979,36.396178],[127.412158,36.396546],[127.412169,36.396567],[127.41217,36.39657],[127.412213,36.396644],[127.41243,36.397021],[127.412489,36.397126],[127.412629,36.397371],[127.412872,36.397705],[127.413041,36.397919],[127.413243,36.398177],[127.413258,36.39826],[127.413305,36.39852],[127.413394,36.399004],[127.413415,36.399125],[127.413477,36.399473],[127.413511,36.399661],[127.413512,36.399709],[127.413516,36.399969],[127.413527,36.400763],[127.413536,36.401328],[127.413535,36.401359],[127.413517,36.401781],[127.413522,36.401854],[127.413533,36.402027],[127.413538,36.402079],[127.413581,36.402558],[127.413635,36.402865],[127.413659,36.402972],[127.413712,36.403075],[127.413737,36.403122],[127.413826,36.403293],[127.414,36.403555],[127.414176,36.40382],[127.4145,36.404312],[127.414647,36.404494],[127.414754,36.404628],[127.414771,36.404648],[127.414892,36.404798],[127.414964,36.404888],[127.415253,36.405357],[127.415258,36.405379],[127.41533,36.405467],[127.415337,36.405474],[127.41534,36.405478],[127.415483,36.40561],[127.415615,36.405704],[127.415643,36.405724],[127.415696,36.405759],[127.415707,36.405767],[127.415872,36.405872],[127.416048,36.405985],[127.416228,36.40608],[127.416367,36.406153],[127.416502,36.406226],[127.41668,36.406291],[127.416759,36.406319],[127.416781,36.406352],[127.416865,36.406477],[127.416909,36.406536],[127.417044,36.406717],[127.417161,36.406873],[127.417163,36.406875],[127.417276,36.407025],[127.417383,36.407167],[127.417423,36.407236],[127.417542,36.407433],[127.41755,36.407448],[127.41756,36.407468],[127.417407,36.407604],[127.417408,36.407605],[127.417542,36.407825],[127.417996,36.408569],[127.418061,36.408679],[127.418081,36.408712],[127.418237,36.408974],[127.418361,36.409178],[127.418364,36.409183],[127.418484,36.409382],[127.41861,36.409573],[127.418682,36.409708],[127.418763,36.409851],[127.41888,36.410058],[127.419052,36.410394],[127.419133,36.410521],[127.419269,36.410734],[127.419634,36.411302],[127.419749,36.411515],[127.419829,36.411662],[127.419904,36.411823],[127.419976,36.411995],[127.420145,36.412403],[127.420262,36.412684],[127.42027,36.413249],[127.420271,36.413322],[127.420258,36.413691],[127.420101,36.414184],[127.420016,36.414429],[127.41988,36.414818],[127.41973,36.415305],[127.419613,36.415487],[127.419324,36.415854],[127.419315,36.415863],[127.419314,36.415864],[127.41904,36.416158],[127.418913,36.416321],[127.418767,36.416507],[127.418684,36.416613],[127.418682,36.416617],[127.418517,36.417043],[127.418285,36.417482],[127.417952,36.418058],[127.417747,36.418391],[127.417539,36.418771],[127.417534,36.418778],[127.417341,36.419035],[127.417213,36.419207],[127.417024,36.419451],[127.416928,36.419554],[127.416705,36.419793],[127.416658,36.419852],[127.416544,36.419995],[127.416424,36.420146],[127.416382,36.420198],[127.416162,36.420466],[127.416157,36.420473],[127.416152,36.420478],[127.415977,36.420708],[127.415884,36.420834],[127.415881,36.420837],[127.415836,36.420897],[127.415665,36.421098],[127.415559,36.421246],[127.415516,36.421305],[127.415468,36.42137],[127.415387,36.421475],[127.415381,36.421483],[127.415219,36.421691],[127.415107,36.421828],[127.415011,36.421947],[127.414946,36.422027],[127.414825,36.422169],[127.414694,36.422317],[127.414665,36.422345],[127.413971,36.422997],[127.413827,36.423134],[127.413673,36.423279],[127.413609,36.423344],[127.413543,36.423407],[127.413462,36.423526],[127.413377,36.423652],[127.413261,36.423824],[127.413257,36.42383],[127.413222,36.423882],[127.413211,36.423888],[127.413058,36.423968],[127.412904,36.424047],[127.412861,36.42407],[127.412222,36.424341],[127.41179,36.424484],[127.411489,36.424584],[127.410761,36.424788],[127.410126,36.42496],[127.410064,36.424978],[127.409806,36.425054],[127.409561,36.425127],[127.409017,36.425367],[127.408732,36.425532],[127.408552,36.425643],[127.408509,36.42567],[127.407815,36.426161],[127.407547,36.426473],[127.40738,36.426677],[127.407294,36.426794],[127.407115,36.427035],[127.406655,36.427298],[127.406363,36.427442],[127.406311,36.427404],[127.406127,36.427666],[127.405941,36.427814],[127.405693,36.428023],[127.405603,36.428071],[127.405523,36.428116],[127.405215,36.42829],[127.405032,36.428374],[127.404707,36.428529],[127.404583,36.428575],[127.404179,36.428715],[127.4041,36.428739],[127.403845,36.428815],[127.403527,36.428909],[127.403367,36.42895],[127.403135,36.429034],[127.402714,36.429194],[127.402592,36.429307],[127.402352,36.429539],[127.402257,36.429635],[127.401962,36.429939],[127.401818,36.430051],[127.401466,36.430325],[127.401282,36.430485],[127.401269,36.430497],[127.401196,36.430561],[127.401182,36.430573],[127.401082,36.43066],[127.401081,36.430661],[127.400817,36.430837],[127.400619,36.430964],[127.400498,36.43105],[127.400398,36.431124],[127.400266,36.431222],[127.400125,36.43135],[127.399497,36.43194],[127.399173,36.432281],[127.399055,36.432414],[127.398816,36.432687],[127.39836,36.433094],[127.397993,36.433379],[127.397742,36.433564],[127.397669,36.433618],[127.397516,36.433733],[127.397097,36.434014],[127.396705,36.434279],[127.396671,36.434302],[127.396293,36.434557],[127.396205,36.434626],[127.396165,36.434665],[127.396089,36.434727],[127.396052,36.434752],[127.395868,36.434954],[127.395819,36.435009],[127.395696,36.435145],[127.395669,36.435172],[127.395556,36.435316],[127.395415,36.435499],[127.395239,36.43571],[127.395104,36.435871],[127.39482,36.436242],[127.394562,36.436639],[127.394449,36.436965],[127.394444,36.436979],[127.394388,36.437495],[127.394035,36.437463],[127.393844,36.43733],[127.393856,36.437445],[127.393856,36.437448],[127.39386,36.437594],[127.393698,36.437675],[127.393608,36.437719],[127.393532,36.437758],[127.393486,36.437782],[127.393438,36.437805],[127.3934,36.437818],[127.393047,36.437934],[127.392721,36.438094],[127.392422,36.438207],[127.392306,36.438263],[127.392254,36.438286],[127.391994,36.438401],[127.391796,36.438492],[127.39177,36.438504],[127.391607,36.43858],[127.391547,36.438606],[127.391498,36.438629],[127.391461,36.438645],[127.391412,36.438667],[127.391218,36.438784],[127.391217,36.438784],[127.391192,36.43889],[127.391187,36.438916],[127.391164,36.439014],[127.391151,36.439026],[127.391034,36.439144],[127.391024,36.439154],[127.390953,36.439227],[127.390952,36.439229],[127.390936,36.439255],[127.390882,36.439341],[127.390874,36.439353],[127.390846,36.439397],[127.390844,36.4394],[127.390821,36.439433],[127.390701,36.439546],[127.390732,36.439582],[127.390732,36.439583],[127.390664,36.439651],[127.390663,36.439652],[127.39059,36.439663],[127.390562,36.439668],[127.390493,36.439791],[127.39045,36.43991],[127.390447,36.43992],[127.390406,36.440039],[127.390351,36.440198],[127.390344,36.440217],[127.390306,36.440327],[127.390261,36.440444],[127.390192,36.440653],[127.390164,36.440745],[127.39003,36.440958],[127.390025,36.440969],[127.389957,36.441095],[127.389968,36.441121],[127.389908,36.441243],[127.38987,36.441323],[127.38978,36.441444],[127.389602,36.441672],[127.389466,36.441846],[127.389491,36.44187],[127.389443,36.442046],[127.389393,36.442369],[127.389364,36.442556],[127.389364,36.442558],[127.389348,36.44266],[127.389335,36.442745],[127.389333,36.442759],[127.389333,36.442761],[127.389333,36.442847],[127.389334,36.442892],[127.389334,36.442964],[127.389334,36.442999],[127.389334,36.443067],[127.389334,36.443101],[127.389335,36.443181],[127.389337,36.443286],[127.389337,36.443311],[127.389337,36.443329],[127.389341,36.443397],[127.389348,36.443533],[127.389323,36.443871],[127.389316,36.443873],[127.389322,36.443882],[127.389303,36.444118],[127.389333,36.444289],[127.38935,36.444387],[127.389358,36.444434],[127.38941,36.444643],[127.389435,36.444821],[127.389445,36.44491],[127.389468,36.444988],[127.389489,36.445062],[127.389504,36.445117],[127.389509,36.445129],[127.38952,36.445159],[127.389636,36.445364],[127.389832,36.445605],[127.389994,36.445839],[127.389996,36.445841],[127.390147,36.446065],[127.390251,36.446168],[127.390367,36.446282],[127.390503,36.44643],[127.390517,36.44645],[127.39052,36.446454],[127.390558,36.446508],[127.390605,36.446585],[127.390615,36.446603],[127.39064,36.446626],[127.390641,36.446627],[127.390665,36.44665],[127.390732,36.446712],[127.390758,36.446737],[127.39098,36.446951],[127.391164,36.447204],[127.391194,36.447243],[127.391389,36.447698],[127.391558,36.448066],[127.391611,36.448181],[127.391675,36.448321],[127.391751,36.448609],[127.391779,36.448714],[127.391785,36.448722],[127.391832,36.448783],[127.391882,36.448857],[127.391954,36.448963],[127.391956,36.448965],[127.39205,36.449079],[127.392205,36.449263],[127.392446,36.449478],[127.392664,36.449672],[127.392799,36.449782],[127.393328,36.450202],[127.393529,36.45036],[127.393977,36.450572],[127.394076,36.450608],[127.39425,36.450672],[127.394465,36.450751],[127.394614,36.450805],[127.394618,36.450806],[127.394685,36.450818],[127.395022,36.450893],[127.395243,36.450943],[127.395742,36.451038],[127.395832,36.451043],[127.396006,36.451055],[127.396203,36.451068],[127.39679,36.451108],[127.396939,36.451125],[127.396952,36.451138],[127.397091,36.451278],[127.397958,36.452149],[127.398086,36.452262],[127.398133,36.452304],[127.398247,36.452416],[127.398382,36.45255],[127.398392,36.452561],[127.398576,36.452747],[127.398582,36.452752],[127.398603,36.452773],[127.398786,36.453009],[127.399025,36.453319],[127.399128,36.453452],[127.399159,36.453493],[127.399349,36.453678],[127.399374,36.453699],[127.399461,36.453771],[127.399686,36.453966],[127.399857,36.454113],[127.399971,36.454196],[127.400123,36.454307],[127.400338,36.454457],[127.400399,36.4545],[127.400454,36.454558],[127.400468,36.454574],[127.400543,36.454641],[127.400649,36.454736],[127.400796,36.454869],[127.400833,36.454901],[127.400984,36.455041],[127.401122,36.455166],[127.401421,36.455435],[127.401599,36.455597],[127.401899,36.45587],[127.401919,36.45589],[127.402085,36.45604],[127.401889,36.456231],[127.401437,36.456704],[127.400903,36.457567],[127.400063,36.457542],[127.399727,36.457538],[127.399722,36.457653],[127.399715,36.4578],[127.399778,36.457954],[127.399787,36.458215],[127.3999,36.458589],[127.399933,36.458906],[127.399951,36.45918],[127.399946,36.459576],[127.399949,36.4598],[127.399938,36.460176],[127.399964,36.460467],[127.399858,36.46068],[127.399762,36.46128],[127.399699,36.461532],[127.399677,36.461837],[127.399496,36.46212],[127.399377,36.46223],[127.399293,36.462304],[127.399203,36.462681],[127.399203,36.462682],[127.399207,36.462682],[127.400011,36.462699],[127.400443,36.462694],[127.400689,36.462692],[127.401347,36.462669],[127.401393,36.462667],[127.401319,36.463101],[127.401233,36.463502],[127.401216,36.463911],[127.401268,36.464201],[127.401298,36.464393],[127.401316,36.464526],[127.401335,36.46467],[127.401348,36.464862],[127.401353,36.464934],[127.401384,36.465545],[127.401374,36.465938],[127.401341,36.466296],[127.401238,36.466706],[127.401049,36.467347],[127.401268,36.468444],[127.401438,36.46932],[127.401479,36.469528],[127.401635,36.470309],[127.401944,36.471837],[127.402036,36.472302],[127.402162,36.472558],[127.402268,36.472771],[127.402494,36.473223],[127.402634,36.473507],[127.402734,36.473703],[127.402838,36.473909],[127.403305,36.474845],[127.403315,36.474864],[127.403431,36.475098],[127.403749,36.475739],[127.40416,36.476568],[127.40416,36.476569],[127.404162,36.477236],[127.404162,36.47751],[127.404162,36.477721],[127.404163,36.479829],[127.404163,36.479834],[127.404163,36.479944],[127.404163,36.480504],[127.404163,36.480917],[127.404162,36.480988],[127.404144,36.481114],[127.403956,36.481845],[127.403769,36.482569],[127.40358,36.483296],[127.403292,36.484406],[127.40321,36.484722],[127.403179,36.48484],[127.40302,36.48546],[127.403014,36.485484],[127.402482,36.485951],[127.402444,36.485985],[127.402371,36.486049],[127.402055,36.486323],[127.40169,36.48664],[127.401505,36.4868],[127.401486,36.486817],[127.401133,36.487127],[127.401107,36.48715],[127.400536,36.487654],[127.400163,36.487984],[127.400128,36.488016],[127.400105,36.488036],[127.398922,36.489105],[127.39874,36.489271],[127.398344,36.48963],[127.398114,36.489839],[127.397715,36.490211],[127.397302,36.490609],[127.397133,36.490772],[127.396969,36.49093],[127.396897,36.490997],[127.39684,36.491051],[127.396713,36.491174],[127.396476,36.491402],[127.396468,36.49141],[127.396209,36.491664],[127.396143,36.491707],[127.396141,36.491708],[127.396121,36.491721],[127.396078,36.491749],[127.395894,36.491869],[127.39586,36.491891],[127.39576,36.491956],[127.395585,36.492075],[127.395566,36.492088],[127.395101,36.492395],[127.395015,36.492452],[127.393828,36.493244],[127.393828,36.493244],[127.39342,36.493516],[127.393349,36.493563],[127.393236,36.493675],[127.393177,36.493731],[127.392964,36.493939],[127.39269,36.494204],[127.392662,36.494231],[127.392655,36.494238],[127.392433,36.494454],[127.392251,36.494633],[127.391986,36.494892],[127.391981,36.494897],[127.391976,36.4949],[127.391511,36.495235],[127.391505,36.49524],[127.391498,36.495245],[127.391434,36.495295],[127.391276,36.495414],[127.391274,36.495415],[127.391062,36.495576],[127.389376,36.496805],[127.389327,36.496841],[127.389092,36.497016],[127.388713,36.497298],[127.388273,36.497625],[127.387847,36.497941],[127.38693,36.498638],[127.386783,36.498715],[127.385877,36.49919],[127.385873,36.499191],[127.385428,36.499422],[127.385384,36.499445],[127.384667,36.499813],[127.384277,36.500013],[127.383902,36.500206],[127.383855,36.500231],[127.383729,36.500205],[127.383355,36.500132],[127.38231,36.499924],[127.380973,36.499662],[127.380967,36.499661],[127.380596,36.499589],[127.38052,36.499575],[127.380518,36.499574],[127.380449,36.499561],[127.380337,36.499539],[127.380282,36.49947],[127.380135,36.499283],[127.380087,36.499216],[127.380026,36.499133],[127.379916,36.498982],[127.379736,36.498728],[127.379735,36.498727],[127.379663,36.498628],[127.379413,36.498284],[127.379403,36.49827],[127.379391,36.498252],[127.379123,36.497857],[127.378985,36.497653],[127.378771,36.49734],[127.37876,36.497324],[127.377594,36.495623],[127.377591,36.495619],[127.377591,36.495619],[127.374269,36.492587],[127.374234,36.492556],[127.374216,36.492539],[127.374214,36.492538],[127.37331,36.491846],[127.373209,36.491768],[127.373018,36.491622],[127.372701,36.49138],[127.37268,36.491366],[127.372527,36.491264],[127.372134,36.491002],[127.371967,36.490891],[127.371951,36.490881],[127.371841,36.490808],[127.371681,36.490704],[127.371433,36.490541],[127.371005,36.490274],[127.370922,36.490222],[127.370859,36.490182],[127.37082,36.490158],[127.370806,36.490154],[127.370497,36.490062],[127.370356,36.49002],[127.36998,36.489908],[127.369619,36.489799],[127.369489,36.489761],[127.369306,36.489707],[127.369086,36.489642],[127.369031,36.489626],[127.369017,36.489622],[127.368956,36.489604],[127.368905,36.48959],[127.368907,36.489582],[127.368912,36.489565],[127.368912,36.489564],[127.369154,36.488583],[127.369007,36.488578],[127.368935,36.488539],[127.368862,36.488511],[127.368812,36.488491],[127.36872,36.488456],[127.368697,36.488447],[127.368673,36.48844],[127.368608,36.488421],[127.368606,36.48842],[127.368537,36.488379],[127.368476,36.48831],[127.368432,36.488294],[127.368348,36.488272],[127.368268,36.488248],[127.368246,36.488243],[127.368187,36.488234],[127.368137,36.488228],[127.367919,36.488289],[127.367878,36.488307],[127.367828,36.488329],[127.367713,36.488384],[127.367583,36.488441],[127.36753,36.488464],[127.367292,36.488536],[127.36716,36.488557],[127.366652,36.488705],[127.366136,36.488849],[127.365847,36.488947],[127.365477,36.489046],[127.365262,36.489078],[127.365066,36.48911],[127.364835,36.489183],[127.364558,36.489276],[127.363736,36.489545],[127.363687,36.489557],[127.36346,36.489614],[127.363372,36.48965],[127.363336,36.489665],[127.362808,36.489906],[127.362508,36.490055],[127.362306,36.490184],[127.361969,36.490302],[127.361938,36.490312],[127.361852,36.490368],[127.361492,36.490603],[127.361062,36.490837],[127.360987,36.490878],[127.360503,36.4904],[127.360116,36.490027],[127.360229,36.489738],[127.360155,36.488538],[127.360152,36.488534],[127.360151,36.488527],[127.360098,36.488464],[127.359607,36.487878],[127.359138,36.487317],[127.359146,36.486707],[127.359153,36.486247],[127.359156,36.486075],[127.359051,36.485233],[127.358627,36.484934],[127.358419,36.484787],[127.358331,36.484662],[127.35799,36.484179],[127.357975,36.484154],[127.357959,36.484129],[127.357946,36.484108],[127.357939,36.484053],[127.357913,36.483834],[127.357891,36.483656],[127.357822,36.4834],[127.357764,36.483183],[127.357863,36.483002],[127.357981,36.482781],[127.35801,36.482725],[127.358088,36.48258],[127.358113,36.482531],[127.358359,36.482543],[127.358575,36.482555],[127.35878,36.482562],[127.358857,36.482565],[127.358868,36.482555],[127.358909,36.482505],[127.358913,36.4825],[127.358942,36.482515],[127.358956,36.482522],[127.358967,36.482508],[127.35897,36.482506],[127.359012,36.482455],[127.359016,36.482451],[127.359049,36.482409],[127.359067,36.482387],[127.359069,36.482385],[127.359072,36.482362],[127.359074,36.482347],[127.359077,36.482318],[127.359077,36.482316],[127.359064,36.482239],[127.359063,36.482234],[127.359028,36.482172],[127.359024,36.482165],[127.359053,36.482164],[127.359084,36.482163],[127.359112,36.482153],[127.359132,36.482146],[127.359137,36.482102],[127.359137,36.482099],[127.35915,36.482097],[127.359254,36.482079],[127.359288,36.482074],[127.35934,36.482065],[127.359626,36.481823],[127.359644,36.481819],[127.359902,36.48176],[127.359958,36.481726],[127.360003,36.481697],[127.36002,36.481692],[127.360132,36.481659],[127.360259,36.481611],[127.360277,36.481563],[127.36031,36.481472],[127.360504,36.481146],[127.360615,36.480964],[127.360823,36.480596],[127.36079,36.480361],[127.360783,36.480143],[127.360775,36.479989],[127.360773,36.479946],[127.360608,36.479637],[127.360467,36.479373],[127.360439,36.479207],[127.360444,36.479065],[127.360511,36.478842],[127.360589,36.478596],[127.360781,36.478432],[127.360903,36.478327],[127.360908,36.478322],[127.360911,36.47832],[127.360929,36.478305],[127.361089,36.478173],[127.361104,36.478122],[127.361105,36.47812],[127.361143,36.477994],[127.361144,36.47799],[127.361162,36.47793],[127.361156,36.477894],[127.361155,36.477885],[127.361155,36.477884],[127.361152,36.477862],[127.361158,36.477858],[127.361215,36.477818],[127.361226,36.47781],[127.361251,36.477684],[127.361271,36.477668],[127.3613,36.477647],[127.361318,36.477635],[127.36132,36.477635],[127.361343,36.477582],[127.361359,36.477546],[127.36136,36.477544],[127.361363,36.477538],[127.361381,36.477505],[127.361383,36.477497],[127.361402,36.477408],[127.361407,36.477384],[127.36141,36.477374],[127.36141,36.477371],[127.361422,36.47736],[127.361439,36.477346],[127.361469,36.477317],[127.361482,36.477274],[127.361488,36.477255],[127.361495,36.477228],[127.361504,36.477198],[127.361534,36.477149],[127.361555,36.477117],[127.361562,36.477108],[127.361569,36.477081],[127.361572,36.477065],[127.361582,36.477023],[127.361628,36.476976],[127.361646,36.476957],[127.361653,36.476962],[127.361666,36.476969],[127.361698,36.476989],[127.36172,36.477003],[127.361762,36.476986],[127.361826,36.476938],[127.361853,36.476918],[127.361873,36.476904],[127.361893,36.476889],[127.361904,36.476851],[127.361912,36.476823],[127.361948,36.476812],[127.361949,36.47681],[127.361958,36.476775],[127.361986,36.476752],[127.361975,36.47674],[127.361954,36.476717],[127.361892,36.476683],[127.361856,36.476665],[127.361842,36.476657],[127.361862,36.476655],[127.361875,36.476654],[127.361899,36.476651],[127.361941,36.476656],[127.361944,36.476656],[127.361986,36.476688],[127.362013,36.476718],[127.36203,36.476737],[127.362059,36.476713],[127.362072,36.476702],[127.362089,36.476676],[127.362112,36.476644],[127.36213,36.476633],[127.362182,36.476602],[127.362193,36.47655],[127.362204,36.476493],[127.362208,36.476479],[127.362213,36.476453],[127.362201,36.476342],[127.362201,36.476341],[127.362216,36.476302],[127.362224,36.47628],[127.362254,36.476234],[127.362282,36.476191],[127.362302,36.47616],[127.362303,36.476159],[127.362312,36.476152],[127.362321,36.476144],[127.362324,36.47614],[127.362362,36.476102],[127.362373,36.476091],[127.362414,36.476068],[127.362464,36.476001],[127.362514,36.475994],[127.362518,36.475994],[127.362575,36.475979],[127.362584,36.475976],[127.362654,36.475945],[127.36271,36.47592],[127.362721,36.475915],[127.362819,36.47594],[127.362826,36.475942],[127.362825,36.475949],[127.362847,36.47594],[127.362861,36.475934],[127.362879,36.475926],[127.362898,36.475919],[127.363016,36.475801],[127.363851,36.475245],[127.363884,36.475221],[127.363887,36.475211],[127.363922,36.475117],[127.36395,36.475038],[127.363952,36.475033],[127.363985,36.474935],[127.363987,36.474927],[127.363987,36.4749],[127.363986,36.474817],[127.363973,36.474772],[127.363929,36.474624],[127.363875,36.474439],[127.363871,36.474426],[127.363852,36.474361],[127.363753,36.474173],[127.363701,36.474135],[127.363663,36.474109],[127.363635,36.474082],[127.363609,36.474057],[127.363584,36.474035],[127.363432,36.473907],[127.363431,36.473906],[127.363393,36.47387],[127.363388,36.473867],[127.363061,36.473671],[127.362926,36.473584],[127.362813,36.473176],[127.362724,36.472872],[127.362628,36.472652],[127.362532,36.472442],[127.362465,36.472307],[127.362264,36.471923],[127.362249,36.471892],[127.362031,36.47174],[127.362048,36.471593],[127.362073,36.471354],[127.362093,36.471198],[127.362158,36.471064],[127.362197,36.470993],[127.362347,36.470719],[127.36226,36.470654],[127.362217,36.470622],[127.361968,36.470651],[127.361547,36.470702],[127.361521,36.470705],[127.361202,36.470601],[127.360772,36.470462],[127.360549,36.470274],[127.360443,36.470183],[127.360407,36.470151],[127.360322,36.470079],[127.360109,36.469979],[127.359922,36.469892],[127.359792,36.469832],[127.359937,36.46931],[127.360018,36.46901],[127.360016,36.469007],[127.35995,36.468901],[127.359874,36.46878],[127.359775,36.468619],[127.359732,36.468549],[127.359732,36.468394],[127.359725,36.468212],[127.359719,36.468207],[127.359345,36.467897],[127.359257,36.467823],[127.359003,36.46761],[127.359061,36.46755],[127.359197,36.467402],[127.359307,36.467296],[127.359304,36.467295],[127.359249,36.46725],[127.359343,36.467131],[127.359347,36.467124],[127.359365,36.467074],[127.359428,36.466901],[127.359456,36.466838],[127.359471,36.466791],[127.359496,36.466715],[127.359527,36.466616],[127.359547,36.466559],[127.359561,36.466511],[127.359574,36.466455],[127.359588,36.466393],[127.359623,36.466235],[127.359644,36.466143],[127.359588,36.466056],[127.359523,36.465955],[127.359434,36.465816],[127.359337,36.465668],[127.359224,36.465551],[127.359134,36.465457],[127.359049,36.465369],[127.358958,36.465247],[127.35883,36.46508],[127.358822,36.465068],[127.35877,36.465],[127.358765,36.465],[127.358595,36.464971],[127.358558,36.46506],[127.35855,36.465057],[127.357909,36.464831],[127.357574,36.464573],[127.357231,36.464306],[127.35723,36.464307],[127.357228,36.464305],[127.356785,36.464496],[127.356738,36.464517],[127.356069,36.464015],[127.356129,36.463926],[127.35614,36.463908],[127.356209,36.463804],[127.356367,36.463567],[127.356407,36.463506],[127.356513,36.463346],[127.356525,36.463328],[127.356565,36.463267],[127.356884,36.462782],[127.357031,36.462562],[127.357062,36.46238],[127.35716,36.461791],[127.357171,36.461723],[127.357657,36.461481],[127.357661,36.461479],[127.357095,36.460723],[127.357032,36.460346],[127.357029,36.46033],[127.356984,36.459952],[127.356939,36.459913],[127.356895,36.459873],[127.356885,36.459864],[127.356858,36.459837],[127.356808,36.459789],[127.356785,36.459769],[127.356871,36.459538],[127.356912,36.459422],[127.356736,36.459003],[127.356712,36.458945],[127.356746,36.458852],[127.356786,36.458743],[127.356792,36.458728],[127.356794,36.458721],[127.35704,36.458536],[127.357346,36.458299],[127.357419,36.458265],[127.357754,36.458112],[127.357767,36.458008],[127.357802,36.457729],[127.357831,36.45766],[127.357939,36.457404],[127.357918,36.457162],[127.357908,36.457051],[127.358087,36.456797],[127.358094,36.456795],[127.358114,36.456766],[127.358374,36.456665],[127.358377,36.456664],[127.358379,36.456659],[127.35838,36.456656],[127.358609,36.455934],[127.35862,36.455901],[127.358621,36.455896],[127.358361,36.455687],[127.358065,36.455448],[127.357973,36.455155],[127.357878,36.454849],[127.357702,36.454626],[127.35768,36.454598],[127.35756,36.454445],[127.357558,36.454443],[127.357463,36.454401],[127.35728,36.454321],[127.356895,36.454145],[127.356557,36.453966],[127.356339,36.453954],[127.356053,36.453934],[127.356002,36.45393],[127.355968,36.453878],[127.355962,36.453868],[127.355761,36.453557],[127.355888,36.453192],[127.356066,36.452701],[127.356068,36.452694],[127.35612,36.452539],[127.356096,36.452465],[127.356021,36.452203],[127.356003,36.452138],[127.355941,36.451939],[127.35589,36.451755],[127.355846,36.451623],[127.355837,36.451578],[127.356016,36.451234],[127.356129,36.451018],[127.356004,36.450729],[127.355882,36.450455],[127.355874,36.450437],[127.355872,36.450434],[127.355799,36.450273],[127.355684,36.450186],[127.35533,36.449935],[127.355138,36.449958],[127.354498,36.449594],[127.354461,36.449574],[127.354344,36.449507],[127.354333,36.449445],[127.354272,36.449156],[127.354266,36.449132],[127.354114,36.449054],[127.354006,36.448846],[127.353953,36.448746],[127.353957,36.448539],[127.353814,36.448363],[127.353759,36.448294],[127.353602,36.448099],[127.353416,36.447872],[127.353233,36.447786],[127.352922,36.447649],[127.352601,36.447617],[127.351946,36.447794],[127.351391,36.447947],[127.350896,36.447819],[127.350817,36.447798],[127.350241,36.447902],[127.349744,36.447986],[127.349043,36.44728],[127.349068,36.447182],[127.348957,36.447072],[127.348979,36.446988],[127.348328,36.446604],[127.348101,36.446526],[127.347566,36.446433],[127.347388,36.446402],[127.346949,36.446052],[127.346834,36.445967],[127.346705,36.445885],[127.346571,36.445801],[127.346466,36.445735],[127.346267,36.445411],[127.346095,36.445151],[127.34573,36.444839],[127.345366,36.444529],[127.344895,36.444415],[127.344683,36.443946],[127.344677,36.443854],[127.344651,36.4438],[127.344635,36.443558],[127.34463,36.44346],[127.34428,36.443291],[127.344094,36.442661],[127.344015,36.442172],[127.343952,36.44178],[127.343724,36.44144],[127.343725,36.441359],[127.343727,36.441201],[127.343725,36.441196],[127.343506,36.4408],[127.34319,36.440245],[127.343144,36.439945],[127.343139,36.439914],[127.343056,36.439588],[127.343037,36.43936],[127.34302,36.439078],[127.343055,36.438932],[127.343066,36.438889],[127.343107,36.43873],[127.343107,36.438729],[127.342926,36.43845],[127.342655,36.438051],[127.34264,36.438017],[127.342577,36.437882],[127.34256,36.437889],[127.342316,36.437991],[127.342236,36.438018],[127.342199,36.438035],[127.34214,36.438031],[127.341684,36.437998],[127.341668,36.437997],[127.341667,36.437996],[127.341664,36.43799],[127.341597,36.437853],[127.341593,36.437845],[127.341497,36.437633],[127.341447,36.437541],[127.341381,36.437431],[127.341321,36.43733],[127.341317,36.437323],[127.341293,36.437282],[127.341014,36.43699],[127.340901,36.436882],[127.340896,36.436878],[127.340907,36.436629],[127.340626,36.436455],[127.340286,36.43624],[127.34016,36.43616],[127.34016,36.436154],[127.340157,36.436119],[127.340147,36.435973],[127.340252,36.435841],[127.340337,36.435729],[127.340348,36.435705],[127.340349,36.435703],[127.340354,36.435693],[127.340437,36.435516],[127.34071,36.43486],[127.340778,36.434711],[127.340702,36.434523],[127.340686,36.434481],[127.340542,36.434119],[127.340508,36.433719],[127.340506,36.433689],[127.340503,36.433656],[127.340477,36.433317],[127.340478,36.433317],[127.340587,36.433098],[127.340639,36.433003],[127.340689,36.432898],[127.340687,36.432843],[127.340686,36.432821],[127.340682,36.432698],[127.34068,36.432656],[127.340675,36.432544],[127.340675,36.432533],[127.340595,36.432232],[127.340594,36.432228],[127.340816,36.431724],[127.340857,36.431382],[127.341005,36.430969],[127.340965,36.430934],[127.340472,36.43051],[127.34028,36.430398],[127.339818,36.42997],[127.339816,36.429968],[127.339628,36.42993],[127.339599,36.429924],[127.339467,36.429899],[127.33925,36.429774],[127.339058,36.429663],[127.338823,36.429155],[127.338798,36.429145],[127.338657,36.429094],[127.33865,36.429091],[127.338645,36.429089],[127.338383,36.428993],[127.338043,36.42878],[127.337733,36.428494],[127.337573,36.428349],[127.337564,36.428346],[127.337563,36.428346],[127.337535,36.428337],[127.337531,36.428336],[127.337271,36.428292],[127.337269,36.428292],[127.337132,36.428267],[127.337055,36.428249],[127.337051,36.428249],[127.336852,36.428217],[127.336817,36.428211],[127.336807,36.42821],[127.336805,36.428209],[127.336526,36.428112],[127.335855,36.427827],[127.335503,36.42758],[127.335332,36.42745],[127.335278,36.427409],[127.33508,36.427259],[127.334718,36.426985],[127.334632,36.42697],[127.334622,36.426968],[127.334621,36.426968],[127.334593,36.426963],[127.334406,36.42693],[127.334353,36.42692],[127.333783,36.426828],[127.33364,36.426803],[127.333607,36.4268],[127.332948,36.42658],[127.332728,36.426504],[127.332352,36.425746],[127.33232,36.425683],[127.332319,36.425681],[127.332252,36.425549],[127.331537,36.425166],[127.331436,36.42494],[127.330921,36.424603],[127.330908,36.424598],[127.330726,36.424521],[127.330703,36.424512],[127.330424,36.424394],[127.330299,36.424129],[127.330262,36.424051],[127.330258,36.424048],[127.329816,36.423757],[127.329806,36.42375],[127.329795,36.423742],[127.32978,36.423733],[127.329604,36.423618],[127.329149,36.423321],[127.329134,36.423319],[127.328499,36.423213],[127.328195,36.423163],[127.328014,36.423133],[127.327339,36.422748],[127.327345,36.42274],[127.327405,36.42268],[127.327095,36.422494],[127.327002,36.422335],[127.326807,36.422266],[127.326298,36.422095],[127.325787,36.422491],[127.325444,36.422588],[127.325423,36.422582],[127.32541,36.422579],[127.325289,36.422545],[127.325047,36.422478],[127.323976,36.422632],[127.32338,36.422735],[127.322741,36.423047],[127.32199,36.423414],[127.321787,36.42361],[127.321698,36.423696],[127.321631,36.423671],[127.32162,36.423681],[127.321611,36.423678],[127.321509,36.42364],[127.321297,36.423562],[127.321104,36.42349],[127.320478,36.423259],[127.320262,36.422907],[127.319691,36.422572],[127.319141,36.421474],[127.31903,36.421493],[127.31899,36.421471],[127.318699,36.421315],[127.318089,36.420988],[127.317612,36.420882],[127.317483,36.420853],[127.316758,36.420534],[127.316447,36.42046],[127.316444,36.420462],[127.316425,36.42047],[127.316371,36.420495],[127.316371,36.420547],[127.316371,36.421055],[127.316371,36.421071],[127.316249,36.421238],[127.316018,36.421552],[127.315729,36.421538],[127.31571,36.421541],[127.315709,36.421541],[127.315546,36.421665],[127.31529,36.421863],[127.315217,36.421919],[127.315156,36.422021],[127.314944,36.422377],[127.314943,36.422377],[127.314807,36.422502],[127.314561,36.422723],[127.314312,36.422836],[127.314121,36.422922],[127.313714,36.423025],[127.313024,36.42316],[127.311855,36.42359],[127.311663,36.423661],[127.311662,36.423661],[127.311651,36.423767],[127.31162,36.424078],[127.310949,36.424689],[127.310885,36.424708],[127.310611,36.424789],[127.310602,36.424792],[127.310295,36.424883],[127.310265,36.424874],[127.310215,36.42486],[127.310165,36.424846],[127.309941,36.424782],[127.309746,36.424673],[127.309545,36.42456],[127.308587,36.424476],[127.308505,36.424499],[127.308001,36.424644],[127.307527,36.424779],[127.306878,36.424733],[127.30638,36.42483],[127.305036,36.424795],[127.304684,36.424711],[127.304134,36.42458],[127.303949,36.424608],[127.30381,36.424629],[127.303502,36.424676],[127.302826,36.424286],[127.302614,36.424154],[127.30252,36.423988],[127.302446,36.423857],[127.302443,36.423852],[127.301921,36.423124],[127.301916,36.423089],[127.301852,36.422533],[127.301837,36.422504],[127.301725,36.4223],[127.301474,36.421841],[127.301389,36.421843],[127.301014,36.421852],[127.300808,36.4219],[127.300796,36.421906],[127.300528,36.422034],[127.299863,36.422353],[127.299718,36.422413],[127.299602,36.422461],[127.299374,36.422863],[127.299364,36.42288],[127.299361,36.42288],[127.29934,36.42288],[127.298532,36.423058],[127.298219,36.423132],[127.298213,36.423133],[127.298012,36.423125],[127.297368,36.423093],[127.297303,36.423089],[127.296955,36.423069],[127.296641,36.423149],[127.296539,36.423175],[127.296418,36.423208],[127.296174,36.423069],[127.296165,36.423064],[127.296041,36.422993],[127.295758,36.422887],[127.295749,36.422879],[127.29572,36.422857],[127.295741,36.422837],[127.295742,36.422836],[127.295743,36.422834],[127.295743,36.422833],[127.295744,36.422831],[127.295743,36.42283],[127.295743,36.422828],[127.295742,36.422827],[127.295741,36.422825],[127.29574,36.422824],[127.295646,36.422755],[127.295644,36.422754],[127.295643,36.422754],[127.295641,36.422753],[127.295639,36.422753],[127.295637,36.422753],[127.295635,36.422753],[127.295634,36.422754],[127.295632,36.422755],[127.295631,36.422755],[127.295629,36.422757],[127.295614,36.422773],[127.295523,36.422701],[127.295486,36.422672],[127.29425,36.422224],[127.294192,36.422203],[127.294196,36.422127],[127.294204,36.421985],[127.294217,36.421749],[127.294219,36.421714],[127.294164,36.421695],[127.294203,36.421471],[127.294209,36.421437],[127.294584,36.42138],[127.294995,36.421039],[127.295179,36.420855],[127.295219,36.420462],[127.295198,36.420091],[127.295189,36.419945],[127.29519,36.419944],[127.295188,36.419943],[127.295312,36.41977],[127.294794,36.419472],[127.29479,36.419468],[127.294773,36.419455],[127.29438,36.419141],[127.293932,36.418805],[127.293893,36.418785],[127.293669,36.418671],[127.293668,36.41867],[127.293514,36.418591],[127.293486,36.418577],[127.293162,36.418568],[127.293155,36.418567],[127.293153,36.418567],[127.292815,36.418647],[127.292464,36.418703],[127.292243,36.418739],[127.291918,36.418738],[127.291846,36.418739],[127.291742,36.418738],[127.291483,36.41871],[127.291248,36.418684],[127.291258,36.418652],[127.291266,36.418626],[127.291299,36.418515],[127.291269,36.418517],[127.291172,36.418531],[127.291153,36.418534],[127.291142,36.418536],[127.291086,36.416152],[127.291047,36.416143],[127.290997,36.416132],[127.29076,36.41608],[127.290746,36.41608],[127.290694,36.416081],[127.290577,36.416081],[127.289585,36.416086],[127.289356,36.416042],[127.289338,36.416038],[127.289302,36.41603],[127.28929,36.416028],[127.289213,36.416008],[127.289146,36.415969],[127.28899,36.415878],[127.288882,36.415814],[127.288782,36.415756],[127.287536,36.415503],[127.287519,36.415499],[127.287441,36.415479],[127.287283,36.415436],[127.286818,36.415309],[127.285734,36.415149],[127.285725,36.415151],[127.285203,36.415271],[127.284983,36.415243],[127.284895,36.415236],[127.284596,36.415201],[127.284334,36.41505],[127.284235,36.415042],[127.283365,36.415],[127.283161,36.414936],[127.282727,36.414791],[127.282417,36.414699],[127.282238,36.414646],[127.282124,36.414612],[127.28212,36.414611],[127.281968,36.414141],[127.281958,36.414109],[127.281965,36.414087],[127.281979,36.414045],[127.282021,36.413912],[127.282185,36.413377],[127.282116,36.412377],[127.282233,36.412126],[127.282297,36.411989],[127.282255,36.411859],[127.282143,36.411513],[127.281821,36.411151],[127.281479,36.410665],[127.28138,36.410496],[127.281557,36.410028],[127.281649,36.409915],[127.281718,36.409827],[127.281744,36.409795],[127.281744,36.409794],[127.281748,36.409729],[127.281771,36.409342],[127.281787,36.409103],[127.28179,36.409058],[127.281792,36.409035],[127.281794,36.409006],[127.281532,36.408655],[127.281211,36.408224],[127.281167,36.408174],[127.281166,36.408064],[127.281187,36.407735],[127.281056,36.407464],[127.280623,36.406808],[127.28064,36.405997],[127.280879,36.405721],[127.280881,36.405703],[127.280908,36.405462],[127.280932,36.404966],[127.280946,36.404947],[127.281039,36.404818],[127.281039,36.404817],[127.280978,36.404689],[127.280908,36.404545],[127.280901,36.40453],[127.280777,36.404274],[127.280735,36.404045],[127.280685,36.403772],[127.280725,36.403325],[127.280725,36.403324],[127.280607,36.403047],[127.280445,36.402641],[127.280281,36.402231],[127.280179,36.401963],[127.280128,36.401828],[127.279892,36.40127],[127.279726,36.40088],[127.279629,36.400653],[127.279597,36.400437],[127.279591,36.400339],[127.279577,36.400304],[127.279484,36.400069],[127.27947,36.400031],[127.279468,36.400026],[127.279434,36.39994],[127.279416,36.399908],[127.279337,36.399764],[127.279244,36.399598],[127.279146,36.399411],[127.279121,36.39936],[127.279039,36.3992],[127.278995,36.399114],[127.278778,36.398689],[127.278835,36.398357],[127.278865,36.398195],[127.278753,36.397789],[127.278717,36.397666],[127.278713,36.397654],[127.278614,36.397288],[127.278556,36.397077],[127.278491,36.396796],[127.278482,36.39676],[127.278644,36.396601],[127.278654,36.396592],[127.278752,36.396502],[127.278803,36.396455],[127.278793,36.396417],[127.278705,36.396091],[127.278619,36.395775],[127.278593,36.395397],[127.278654,36.39496],[127.278731,36.394843],[127.2788,36.394737],[127.278863,36.39464],[127.27886,36.394579],[127.278848,36.394293],[127.27882,36.393663],[127.278857,36.393531],[127.278887,36.393424],[127.278917,36.393142],[127.278924,36.393071],[127.278962,36.39279],[127.278991,36.392644],[127.279027,36.39246],[127.279037,36.392404],[127.279005,36.392077],[127.27899,36.391964],[127.279165,36.391481],[127.279166,36.391452],[127.279116,36.391144],[127.279033,36.39106],[127.279065,36.390296],[127.278946,36.389658],[127.278784,36.389451],[127.278786,36.388559],[127.278459,36.387809],[127.277402,36.387023],[127.277605,36.386928],[127.278057,36.386715],[127.278302,36.386376],[127.278429,36.385533],[127.278707,36.385204],[127.278828,36.384963],[127.278906,36.384611],[127.278907,36.384606],[127.278945,36.384434],[127.278979,36.38377],[127.278798,36.383339],[127.278584,36.382821],[127.278548,36.382381],[127.278793,36.382208],[127.279005,36.382058],[127.278975,36.381651],[127.278975,36.38165],[127.278962,36.381479],[127.278962,36.381479],[127.278881,36.380403],[127.278872,36.380229],[127.278854,36.37991],[127.279032,36.379543],[127.279144,36.379474],[127.27941,36.379309],[127.279631,36.379173],[127.279762,36.379095],[127.279944,36.379021],[127.28008,36.378965],[127.280305,36.378696],[127.28047,36.377388],[127.28072,36.37682],[127.280663,36.376427],[127.280599,36.376179],[127.280542,36.375957],[127.280552,36.375843],[127.280557,36.375786],[127.280572,36.375611],[127.280641,36.3755],[127.280843,36.375177],[127.280997,36.374928],[127.281011,36.374905],[127.281037,36.374864],[127.28098,36.374787],[127.280552,36.37421],[127.28035,36.373334],[127.280212,36.373141],[127.280148,36.373052],[127.280117,36.372973],[127.280022,36.37273],[127.279993,36.372603],[127.279925,36.372302],[127.279883,36.372119],[127.279817,36.372065],[127.279797,36.372049],[127.27963,36.371912],[127.279382,36.371327],[127.279354,36.371262],[127.279335,36.371161],[127.279247,36.370707],[127.279235,36.370645],[127.279263,36.370453],[127.279284,36.37031],[127.279272,36.370055],[127.279272,36.370054],[127.279259,36.369753],[127.279331,36.369474],[127.279352,36.369395],[127.279347,36.369393],[127.279324,36.369383],[127.279315,36.369378],[127.278674,36.369086],[127.27866,36.369079],[127.277956,36.368901],[127.277549,36.368723],[127.277488,36.368695],[127.277432,36.368655],[127.27705,36.368377],[127.277087,36.368223],[127.277281,36.367397],[127.277237,36.36725],[127.277217,36.367177],[127.277172,36.367015],[127.277188,36.366976],[127.277327,36.36663],[127.277447,36.366335],[127.27742,36.365971],[127.27741,36.365847],[127.27741,36.365839],[127.277409,36.365835],[127.277451,36.365725],[127.277455,36.365714],[127.277675,36.36529],[127.27766,36.365276],[127.277644,36.365261],[127.277641,36.365258],[127.277229,36.364932],[127.277083,36.364822],[127.276887,36.364704],[127.276837,36.364674],[127.276826,36.364661],[127.276762,36.364587],[127.276723,36.364542],[127.276657,36.364466],[127.276531,36.364426],[127.27644,36.364399],[127.276185,36.364322],[127.276075,36.364178],[127.276047,36.364143],[127.275906,36.364083],[127.275556,36.363936],[127.274946,36.363693],[127.274307,36.363438],[127.273568,36.363144],[127.273528,36.363127],[127.273475,36.363097],[127.273253,36.362971],[127.272607,36.362721],[127.27235,36.362621],[127.27228,36.362455],[127.272055,36.361918],[127.272016,36.361827],[127.272014,36.361822],[127.272,36.361759],[127.271994,36.361732],[127.271914,36.36161],[127.271911,36.361609],[127.271852,36.361591],[127.271752,36.361566],[127.271374,36.361471],[127.271303,36.361453],[127.271074,36.361344],[127.270722,36.361177],[127.270666,36.361062],[127.270571,36.360861],[127.270569,36.360858],[127.2709,36.360467],[127.270993,36.360358],[127.27103,36.359537],[127.270911,36.359023],[127.270908,36.359012],[127.270838,36.358709],[127.270836,36.358701],[127.270933,36.358521],[127.271091,36.358227],[127.271092,36.357652],[127.271092,36.357423],[127.271145,36.357333],[127.271692,36.356403],[127.271885,36.35613],[127.272233,36.355622],[127.272515,36.355072],[127.272497,36.355015],[127.27247,36.354931],[127.272413,36.354123],[127.272491,36.354091],[127.272533,36.354075],[127.272986,36.353587],[127.273112,36.353496],[127.273348,36.353331],[127.273352,36.35333],[127.273644,36.35324],[127.273789,36.353136],[127.273928,36.353037],[127.274095,36.352944],[127.274163,36.352909],[127.274307,36.352842],[127.274886,36.35214],[127.275993,36.351212],[127.276105,36.351125],[127.276346,36.351122],[127.276414,36.35112],[127.276515,36.350748],[127.277088,36.350048],[127.277406,36.349914],[127.277418,36.349909],[127.277646,36.349287],[127.277711,36.349213],[127.277858,36.349041],[127.277886,36.349008],[127.277911,36.348823],[127.277899,36.348806],[127.277731,36.348544],[127.277654,36.348425],[127.277586,36.34793],[127.277532,36.34754],[127.277476,36.347125],[127.277808,36.346597],[127.277989,36.346123],[127.278068,36.345917],[127.278083,36.345899],[127.278311,36.345622],[127.278569,36.345297],[127.279118,36.344822],[127.278817,36.344657],[127.27852,36.344495],[127.276797,36.344239],[127.275731,36.343887],[127.275699,36.343877],[127.273851,36.344163],[127.273362,36.344238],[127.273126,36.344275],[127.273096,36.344218],[127.273073,36.344175],[127.272428,36.342958],[127.271291,36.341957],[127.271279,36.341946],[127.271237,36.341924],[127.271203,36.341905],[127.270314,36.341429],[127.268646,36.341002],[127.267972,36.339961],[127.267422,36.339405],[127.266415,36.338669],[127.265731,36.338042],[127.265569,36.337614],[127.265425,36.337229],[127.265578,36.336481],[127.265594,36.335817],[127.266392,36.335193],[127.26667,36.334642],[127.266622,36.333451],[127.267847,36.332248],[127.267851,36.332236],[127.267999,36.331783],[127.26812,36.331411],[127.268044,36.331389],[127.267951,36.331362],[127.267695,36.331288],[127.267067,36.330449],[127.26618,36.329618],[127.265987,36.32906],[127.266068,36.328718],[127.266102,36.328577],[127.266112,36.328533],[127.266046,36.328504],[127.265085,36.328073],[127.264975,36.328023],[127.264717,36.328041],[127.264657,36.328045],[127.264633,36.328031],[127.264446,36.327925],[127.264336,36.327862],[127.263804,36.327559],[127.263199,36.327315],[127.263048,36.327254],[127.261919,36.327272],[127.261854,36.327273],[127.261852,36.327273],[127.261844,36.327273],[127.261825,36.327271],[127.261577,36.327236],[127.260963,36.327149],[127.26088,36.327138],[127.26073,36.327153],[127.260466,36.327179],[127.259871,36.327238],[127.259766,36.327248],[127.259767,36.32721],[127.259771,36.326911],[127.259894,36.32676],[127.259918,36.326676],[127.260073,36.326128],[127.26007,36.326123],[127.25982,36.325751],[127.259757,36.325657],[127.259884,36.325423],[127.260093,36.325037],[127.260503,36.324524],[127.260514,36.324484],[127.260693,36.323816],[127.260791,36.323151],[127.260764,36.323046],[127.260654,36.322709],[127.26063,36.322645],[127.26078,36.321695],[127.2606,36.321491],[127.260422,36.320502],[127.260431,36.320223],[127.260131,36.319543],[127.260105,36.319484],[127.259682,36.319356],[127.259462,36.319289],[127.259457,36.319281],[127.259132,36.318768],[127.258682,36.318057],[127.258419,36.317639],[127.258374,36.31677],[127.258354,36.316382],[127.258464,36.3158],[127.258265,36.315039],[127.258205,36.314809],[127.258202,36.31479],[127.258139,36.314329],[127.258235,36.313956],[127.258303,36.313692],[127.258304,36.313686],[127.258627,36.313452],[127.25859,36.31304],[127.25859,36.313039],[127.25843,36.312748],[127.258416,36.312586],[127.258395,36.312313],[127.258395,36.312311],[127.258582,36.311899],[127.258697,36.311545],[127.258698,36.311542],[127.258439,36.311279],[127.258386,36.311229],[127.258209,36.310623],[127.258089,36.310211],[127.258049,36.310074],[127.258012,36.309933],[127.258378,36.309512],[127.25864,36.309211],[127.258642,36.309209],[127.258472,36.308717],[127.258326,36.30858],[127.258297,36.308553],[127.258254,36.308337],[127.258254,36.308336],[127.258301,36.308274],[127.258375,36.308177],[127.258349,36.307561],[127.25835,36.307539],[127.258379,36.306786],[127.25851,36.305644],[127.258529,36.305472],[127.258521,36.304889],[127.25851,36.304817],[127.258507,36.304801],[127.258465,36.304545],[127.258401,36.304131],[127.258421,36.303505],[127.259244,36.303193],[127.259509,36.303093],[127.259961,36.302568],[127.259983,36.302543],[127.260011,36.302515],[127.260388,36.302133],[127.260493,36.302025],[127.260664,36.301852],[127.260461,36.301478],[127.260324,36.301229],[127.260251,36.301099],[127.26,36.300652],[127.25995,36.300562],[127.259959,36.300451],[127.25998,36.300217],[127.259814,36.299079],[127.259779,36.298947],[127.25969,36.298614],[127.259441,36.297677],[127.259399,36.297518],[127.259278,36.297136],[127.259341,36.296529],[127.259375,36.296197],[127.259849,36.295654],[127.259766,36.295646],[127.25942,36.295613],[127.258907,36.295567],[127.258097,36.295592],[127.257507,36.295613],[127.254657,36.296199],[127.254621,36.296278],[127.254591,36.296343],[127.254554,36.296427],[127.254335,36.296674],[127.254059,36.296869],[127.253987,36.296839],[127.253111,36.296469],[127.252919,36.296388],[127.2518,36.29583],[127.251727,36.295794],[127.251723,36.295793],[127.251393,36.295724],[127.25118,36.29568],[127.251168,36.29554],[127.251163,36.295486],[127.251162,36.295484],[127.251037,36.295306],[127.251036,36.295304],[127.250784,36.295087],[127.250705,36.294974],[127.250231,36.294298],[127.250231,36.294298],[127.25023,36.294296],[127.250156,36.293952],[127.250108,36.293879],[127.249947,36.293642],[127.249674,36.293228],[127.24949,36.293101],[127.249193,36.292897],[127.248657,36.292926],[127.248564,36.292931],[127.248116,36.292966],[127.247985,36.292976],[127.247939,36.292788],[127.247784,36.292158],[127.247667,36.291451],[127.247666,36.291451],[127.247666,36.291449],[127.247466,36.291354],[127.24692,36.291094],[127.246653,36.29096],[127.246732,36.290877],[127.246847,36.290756],[127.24685,36.290753],[127.246853,36.290751],[127.246856,36.290749],[127.246898,36.290722],[127.246898,36.290721],[127.246979,36.290646],[127.247145,36.29049],[127.247149,36.290481],[127.247722,36.289693],[127.248025,36.289279],[127.248063,36.289228],[127.248162,36.289093],[127.248235,36.288995],[127.248258,36.288957],[127.24828,36.288906],[127.248321,36.288687],[127.248348,36.288534],[127.248372,36.288394],[127.248381,36.288343],[127.248391,36.288281],[127.248451,36.287996],[127.248453,36.287987],[127.248458,36.287955],[127.248489,36.287756],[127.248492,36.287737],[127.248504,36.287639],[127.248508,36.287609],[127.248544,36.28751],[127.248545,36.28751],[127.24863,36.287326],[127.248641,36.287308],[127.248691,36.287233],[127.248762,36.287119],[127.248783,36.287096],[127.248821,36.287054],[127.248859,36.287013],[127.248874,36.286995],[127.248896,36.286972],[127.248898,36.28697],[127.248912,36.286962],[127.249027,36.286893],[127.249133,36.28683],[127.249348,36.286702],[127.249405,36.286668],[127.249406,36.286667],[127.249488,36.286622],[127.249492,36.286619],[127.249519,36.286604],[127.249735,36.286477],[127.249826,36.286421],[127.249843,36.28641],[127.249885,36.286381],[127.250097,36.286254],[127.250139,36.286228],[127.250152,36.28622],[127.250157,36.286217],[127.250554,36.285726],[127.250556,36.285723],[127.250686,36.285561],[127.250718,36.285507],[127.250721,36.285501],[127.250766,36.285378],[127.250805,36.285273],[127.25096,36.284839],[127.250971,36.284807],[127.250983,36.284773],[127.25104,36.284611],[127.25118,36.284208],[127.251227,36.284084],[127.251262,36.28399],[127.251404,36.283903],[127.251456,36.283871],[127.25194,36.28357],[127.252052,36.2835],[127.252348,36.283311],[127.252355,36.283307],[127.252368,36.283299],[127.252385,36.283287],[127.252394,36.283281],[127.252432,36.283258],[127.252696,36.283093],[127.25322,36.28277],[127.253307,36.282684],[127.253346,36.282646],[127.253638,36.282363],[127.253805,36.282108],[127.25382,36.282038],[127.253823,36.282023],[127.253828,36.282],[127.253865,36.281827],[127.253874,36.281788],[127.253881,36.281756],[127.253916,36.281593],[127.253926,36.281551],[127.254025,36.28134],[127.254059,36.281269],[127.254153,36.281058],[127.254154,36.281057],[127.254215,36.280515],[127.254219,36.280483],[127.254219,36.280479],[127.25422,36.280475],[127.25451,36.280263],[127.254536,36.280244],[127.254591,36.280204],[127.254818,36.28004],[127.254858,36.279986],[127.255539,36.279098],[127.25554,36.279097],[127.255729,36.278876],[127.255928,36.278643],[127.256368,36.278179],[127.25639,36.278156],[127.256442,36.2781],[127.256555,36.277977],[127.25656,36.277972],[127.256619,36.277908],[127.256647,36.277881],[127.256783,36.27776],[127.256793,36.27775],[127.256864,36.277676],[127.257131,36.277395],[127.25716,36.277365],[127.257316,36.277201],[127.257511,36.276996],[127.257866,36.276678],[127.258166,36.276476],[127.258318,36.276374],[127.258772,36.276051],[127.259101,36.27597],[127.259167,36.275956],[127.259427,36.275901],[127.259967,36.275786],[127.259974,36.275785],[127.260031,36.275773],[127.260889,36.275614],[127.261158,36.275564],[127.261743,36.275487],[127.262347,36.27538],[127.262617,36.275298],[127.262672,36.275283],[127.263194,36.275153],[127.263317,36.275102],[127.263718,36.274934],[127.264209,36.27479],[127.264511,36.274691],[127.264521,36.274688],[127.264844,36.274589],[127.265352,36.274361],[127.265785,36.274085],[127.266168,36.273825],[127.266308,36.273727],[127.266448,36.273629],[127.266782,36.273421],[127.266812,36.273402],[127.267132,36.273104],[127.26741,36.272824],[127.267418,36.272818],[127.267642,36.272637],[127.267735,36.272561],[127.267767,36.272536],[127.267902,36.272425],[127.267968,36.272382],[127.26829,36.272176],[127.268712,36.271905],[127.268743,36.271885],[127.268867,36.271776],[127.268976,36.27168],[127.268997,36.271665],[127.269358,36.271398],[127.269372,36.271389],[127.26964,36.27123],[127.269805,36.271131],[127.270398,36.270884],[127.270523,36.270808],[127.270921,36.270577],[127.271042,36.270508],[127.271065,36.270495],[127.271419,36.270311],[127.271755,36.270136],[127.271898,36.270059],[127.272155,36.269937],[127.272491,36.269783],[127.272533,36.269763],[127.272586,36.269738],[127.272615,36.269723],[127.272848,36.269612],[127.272958,36.26956],[127.273344,36.269376],[127.273456,36.269322],[127.273803,36.269119],[127.274011,36.268998],[127.274332,36.268873],[127.274506,36.268806],[127.275064,36.268462],[127.275606,36.268128],[127.276111,36.267862],[127.27634,36.267812],[127.276782,36.267715],[127.27802,36.267428],[127.278116,36.267405],[127.278645,36.267069],[127.27865,36.267065],[127.27901,36.266697],[127.279011,36.266696],[127.27916,36.26651],[127.279256,36.26639],[127.27926,36.266385],[127.279307,36.266308],[127.279377,36.266195],[127.279445,36.266083],[127.279645,36.265891],[127.279855,36.26579],[127.280053,36.265696],[127.280372,36.265589],[127.280401,36.265579],[127.280509,36.265543],[127.280955,36.265364],[127.280962,36.26536],[127.281245,36.265185],[127.282092,36.264928],[127.282186,36.264915],[127.282551,36.264867],[127.282561,36.264865],[127.282986,36.264823],[127.283458,36.26479],[127.28405,36.264769],[127.284128,36.26477],[127.284568,36.264774],[127.284569,36.264774],[127.284659,36.264774],[127.284737,36.264774],[127.284781,36.264774],[127.285078,36.264781],[127.285409,36.264789],[127.285427,36.26479],[127.285863,36.264815],[127.286,36.264843],[127.286244,36.264895],[127.286246,36.264895],[127.286325,36.264912],[127.286507,36.26495],[127.286541,36.264963],[127.286667,36.265012],[127.286851,36.265084],[127.287077,36.265172],[127.287423,36.265344],[127.287424,36.265345],[127.287446,36.265355],[127.28747,36.265367],[127.287652,36.265441],[127.287764,36.265487],[127.288288,36.2656],[127.289212,36.265793],[127.289337,36.265814],[127.289788,36.26589],[127.29011,36.26591],[127.290136,36.265912],[127.290208,36.265886],[127.290299,36.265854],[127.290408,36.265814],[127.290461,36.265795],[127.290555,36.265751],[127.290573,36.265743],[127.290582,36.265739],[127.290623,36.26572],[127.290695,36.265687],[127.290739,36.265666],[127.290978,36.265509],[127.291126,36.265413],[127.29115,36.265383],[127.291155,36.265377],[127.291222,36.265296],[127.291338,36.265161],[127.291527,36.264964],[127.291589,36.264887],[127.291751,36.264688],[127.291755,36.264678],[127.291935,36.264242],[127.291938,36.264235],[127.292261,36.264275],[127.292261,36.264272],[127.292372,36.264278],[127.292395,36.26428],[127.292512,36.264229],[127.292843,36.264183],[127.292868,36.26418],[127.292881,36.264178],[127.293301,36.264163],[127.29333,36.264293],[127.293371,36.26448],[127.293408,36.264639],[127.293503,36.26504],[127.294003,36.265708],[127.295661,36.267398],[127.295708,36.267446],[127.295711,36.267449],[127.295736,36.267475],[127.295836,36.267455],[127.296721,36.267276],[127.296758,36.267268],[127.296941,36.267507],[127.297305,36.267997],[127.297317,36.268014],[127.297615,36.268268],[127.297616,36.268268],[127.297761,36.268391],[127.297763,36.268396],[127.297883,36.268628],[127.298877,36.269375],[127.299411,36.269573],[127.300425,36.270042],[127.300445,36.270049],[127.300476,36.270077],[127.300749,36.270322],[127.300755,36.270327],[127.300817,36.27033],[127.301211,36.270351],[127.301465,36.270504],[127.302001,36.270544],[127.30253,36.270603],[127.302867,36.270693],[127.302947,36.270713],[127.303992,36.271133],[127.304507,36.27134],[127.30504,36.271507],[127.305062,36.271514],[127.305081,36.271525],[127.305521,36.27178],[127.306511,36.272162],[127.306705,36.272321],[127.306944,36.272349],[127.307372,36.272399],[127.30738,36.2724],[127.307851,36.272455],[127.307873,36.272457],[127.30819,36.272216],[127.308256,36.272165],[127.308375,36.272144],[127.308516,36.272119],[127.308912,36.272047],[127.310281,36.272385],[127.310514,36.272443],[127.310034,36.272971],[127.309918,36.273531],[127.309876,36.273744],[127.309911,36.274861],[127.309901,36.275231],[127.3099,36.275262],[127.309317,36.275382],[127.309258,36.27543],[127.309106,36.275554],[127.308912,36.275868],[127.308858,36.27593],[127.308857,36.275932],[127.308849,36.275952],[127.308784,36.276113],[127.308728,36.27625],[127.308707,36.276302],[127.308685,36.276358],[127.308666,36.276403],[127.308647,36.276797],[127.30856,36.277164],[127.308997,36.277286],[127.309015,36.277289],[127.309386,36.277347],[127.309528,36.277369],[127.309534,36.27737],[127.309633,36.277372],[127.309723,36.277375],[127.309873,36.277633],[127.310159,36.27773],[127.310278,36.27777],[127.310502,36.278154],[127.310474,36.278234],[127.310272,36.278806],[127.310429,36.27913],[127.310749,36.279792],[127.310671,36.280543],[127.310919,36.28104],[127.311047,36.282006],[127.311159,36.282229],[127.311301,36.28251],[127.312191,36.282507],[127.3124,36.282489],[127.312421,36.28249],[127.313581,36.282516],[127.313718,36.283165],[127.314049,36.284259],[127.314051,36.284264],[127.31442,36.285275],[127.314404,36.285546],[127.314401,36.285596],[127.314392,36.285737],[127.315224,36.285732],[127.315401,36.285731],[127.315481,36.285739],[127.315513,36.285742],[127.315619,36.285752],[127.315871,36.285731],[127.31601,36.285689],[127.316035,36.285681],[127.316175,36.285679],[127.316264,36.285686],[127.316323,36.285694],[127.31639,36.285703],[127.316425,36.285703],[127.31654,36.285702],[127.316543,36.285702],[127.316544,36.285703],[127.316594,36.285711],[127.316685,36.285727],[127.316846,36.285783],[127.31701,36.285819],[127.317016,36.285818],[127.317065,36.285814],[127.317149,36.285823],[127.317289,36.285849],[127.317492,36.285922],[127.317693,36.285991],[127.317762,36.286025],[127.317855,36.286075],[127.318242,36.286283],[127.318808,36.286656],[127.318994,36.286779],[127.319142,36.286942],[127.319161,36.286962],[127.31924,36.287079],[127.319281,36.287141],[127.319559,36.287551],[127.319572,36.287571],[127.319843,36.287972],[127.319861,36.287999],[127.319935,36.288266],[127.319966,36.288389],[127.319968,36.288408],[127.319969,36.288408],[127.319996,36.28859],[127.320021,36.288809],[127.32004,36.289028],[127.320042,36.289066],[127.320046,36.289124],[127.320053,36.289247],[127.320058,36.289423],[127.320059,36.289686],[127.320054,36.289853],[127.320053,36.289905],[127.320045,36.290129],[127.320052,36.290131],[127.32001,36.290449],[127.319998,36.290542],[127.319995,36.29057],[127.319968,36.290777],[127.319964,36.290844],[127.31994,36.29087],[127.319956,36.290899],[127.319962,36.290952],[127.319952,36.2911],[127.319957,36.291231],[127.319961,36.291318],[127.319973,36.291436],[127.319981,36.291511],[127.319984,36.291535],[127.320004,36.291653],[127.320021,36.291751],[127.320056,36.291904],[127.320094,36.292024],[127.320116,36.292088],[127.32015,36.29219],[127.320179,36.292263],[127.320184,36.292275],[127.320235,36.292406],[127.320259,36.292488],[127.320266,36.29253],[127.320286,36.292651],[127.320287,36.292656],[127.320288,36.292662],[127.320289,36.292668],[127.320292,36.292683],[127.320315,36.292807],[127.320328,36.292873],[127.320368,36.292979],[127.32041,36.293083],[127.320453,36.29319],[127.320552,36.293432],[127.320557,36.293445],[127.320631,36.29365],[127.320638,36.293671],[127.320639,36.293674],[127.320651,36.293711],[127.32067,36.293767],[127.320713,36.293896],[127.320768,36.294038],[127.320773,36.294039],[127.32082,36.294162],[127.320901,36.294381],[127.320964,36.294393],[127.320999,36.294399],[127.321129,36.294717],[127.321159,36.29479],[127.321172,36.294823],[127.321381,36.295327],[127.321529,36.295684],[127.321572,36.295787],[127.321576,36.295798],[127.321689,36.29607],[127.321829,36.296409],[127.321872,36.296514],[127.321875,36.296522],[127.321894,36.29657],[127.321896,36.296575],[127.321904,36.296594],[127.321926,36.296649],[127.321927,36.296652],[127.321952,36.296713],[127.322007,36.296843],[127.322129,36.297056],[127.322139,36.297074],[127.322204,36.297166],[127.322321,36.297318],[127.32253,36.29755],[127.322549,36.297571],[127.322962,36.298004],[127.323295,36.298354],[127.323326,36.298387],[127.323328,36.298389],[127.323348,36.29841],[127.323458,36.29853],[127.323637,36.298725],[127.323657,36.298746],[127.323715,36.29881],[127.323775,36.298875],[127.323856,36.298952],[127.32388,36.298975],[127.323983,36.299072],[127.324036,36.299123],[127.324243,36.299286],[127.32447,36.299442],[127.324737,36.29959],[127.324945,36.299667],[127.325061,36.299711],[127.32531,36.299803],[127.326078,36.30009],[127.326261,36.300158],[127.326275,36.300149],[127.326362,36.300207],[127.326369,36.300211],[127.326373,36.300212],[127.326617,36.300257],[127.326682,36.300301],[127.32669,36.300307],[127.326725,36.300329],[127.326753,36.300347],[127.326768,36.300347],[127.326884,36.300347],[127.326909,36.300373],[127.326912,36.300373],[127.327021,36.300382],[127.32728,36.300468],[127.327329,36.300492],[127.327693,36.300666],[127.32788,36.300678],[127.327979,36.300725],[127.328077,36.300771],[127.328494,36.30093],[127.328753,36.301021],[127.328876,36.301064],[127.32899,36.301103],[127.329027,36.301116],[127.329233,36.301185],[127.329265,36.301196],[127.329362,36.301226],[127.329401,36.301242],[127.329627,36.301306],[127.330295,36.301496],[127.330543,36.30155],[127.330612,36.301565],[127.330614,36.301566],[127.330774,36.301578],[127.330806,36.30158],[127.331252,36.301612],[127.331445,36.301611],[127.331674,36.301609],[127.331808,36.301607],[127.332065,36.301603],[127.332483,36.301597],[127.332484,36.301682],[127.332483,36.301818],[127.332483,36.301953],[127.332483,36.301955],[127.332483,36.302011],[127.332483,36.302064],[127.332483,36.302079],[127.332483,36.302126],[127.332483,36.302163],[127.332483,36.302213],[127.332483,36.302219],[127.332486,36.302219],[127.332497,36.302219],[127.332495,36.302292],[127.332494,36.302311],[127.332493,36.302339],[127.332491,36.3024],[127.332484,36.302426],[127.332484,36.30263],[127.332485,36.302905],[127.332485,36.303047],[127.332485,36.303072],[127.332485,36.303408],[127.332486,36.303599],[127.332486,36.303697],[127.332488,36.303704],[127.332508,36.303766],[127.332507,36.304022],[127.332507,36.304051],[127.332507,36.304066],[127.332507,36.304114],[127.332507,36.304161],[127.332505,36.30419],[127.332502,36.304248],[127.332495,36.304414],[127.332493,36.304459],[127.33249,36.304513],[127.33249,36.30452],[127.332488,36.304549],[127.332488,36.304566],[127.332488,36.304606],[127.332488,36.304627],[127.332488,36.30465],[127.332488,36.304664],[127.332488,36.304884],[127.33249,36.304885],[127.332525,36.3049],[127.332601,36.30493],[127.332601,36.304969],[127.332601,36.304974],[127.332601,36.30501],[127.332601,36.305063],[127.332601,36.305187],[127.332601,36.30519],[127.332601,36.305332],[127.332602,36.305477],[127.332602,36.305623],[127.332602,36.305746],[127.332602,36.305825],[127.332603,36.305882],[127.332603,36.306134],[127.332603,36.30628],[127.332604,36.306518],[127.332604,36.306524],[127.332604,36.306601],[127.332605,36.30691],[127.332605,36.307185],[127.332606,36.307405],[127.332606,36.307453],[127.332606,36.307462],[127.332606,36.307554],[127.332606,36.307627],[127.332607,36.307736],[127.332607,36.307874],[127.332607,36.307876],[127.332609,36.307876],[127.332665,36.307876],[127.332688,36.307876],[127.332873,36.307874],[127.333048,36.307872],[127.33305,36.307872],[127.333054,36.307917],[127.333055,36.307933],[127.333067,36.308078],[127.333069,36.308105],[127.333075,36.308174],[127.333073,36.308174],[127.333069,36.308174],[127.333069,36.308175],[127.33309,36.308499],[127.333126,36.308545],[127.333176,36.308655],[127.33321,36.30873],[127.333353,36.309045],[127.333564,36.309021],[127.333597,36.309018],[127.333626,36.309037],[127.333704,36.308993],[127.333853,36.30895],[127.333865,36.309011],[127.333942,36.309324],[127.333852,36.309446],[127.334468,36.309454],[127.334463,36.309816],[127.33446,36.310027],[127.334462,36.310028],[127.334474,36.310032],[127.33464,36.310372],[127.334869,36.310429],[127.334892,36.310434],[127.334922,36.310442],[127.335064,36.310558],[127.335201,36.310687],[127.335301,36.310781],[127.335573,36.310791],[127.335576,36.310791],[127.335615,36.310914],[127.335643,36.310917],[127.335648,36.310932],[127.335694,36.311067],[127.335706,36.3111],[127.33579,36.311346],[127.335842,36.311501],[127.335844,36.311506],[127.33585,36.311502],[127.335919,36.31146],[127.335923,36.311461],[127.336086,36.311495],[127.336229,36.311679],[127.336229,36.311679],[127.336229,36.31168],[127.33622,36.311889],[127.336214,36.312048],[127.336284,36.312087],[127.336471,36.312188],[127.336585,36.31225],[127.336785,36.31225],[127.337042,36.312252],[127.337167,36.312437],[127.337176,36.31245],[127.337473,36.31289],[127.337505,36.312938],[127.337509,36.312943],[127.337509,36.31295],[127.337506,36.312996],[127.337491,36.313291],[127.337482,36.313453],[127.337514,36.313453],[127.337743,36.313452],[127.337953,36.313419],[127.338136,36.313391],[127.338904,36.31327],[127.339043,36.313248],[127.339068,36.313392],[127.339109,36.313623],[127.339202,36.314086],[127.339332,36.314285],[127.339362,36.31433],[127.339369,36.314332],[127.339582,36.314392],[127.339787,36.314449],[127.339796,36.314464],[127.339882,36.314621],[127.339373,36.315571],[127.339371,36.315824],[127.339497,36.316712],[127.339539,36.317008],[127.339565,36.317101],[127.339706,36.317602],[127.339737,36.317714],[127.339341,36.317734],[127.338522,36.317775],[127.337788,36.317804],[127.337754,36.317805],[127.33756,36.318496],[127.337535,36.318586],[127.337533,36.318593],[127.337426,36.318983],[127.337546,36.31909],[127.337557,36.3191],[127.337557,36.3191],[127.337707,36.319225],[127.337568,36.319784],[127.337469,36.320183],[127.337335,36.320722],[127.337106,36.321139],[127.336857,36.321813],[127.336804,36.321957],[127.336782,36.322051],[127.336776,36.322078],[127.336689,36.322462],[127.336639,36.322683],[127.336636,36.322693],[127.336655,36.32278],[127.336753,36.323233],[127.336756,36.323247],[127.33676,36.32332],[127.336752,36.323859],[127.337002,36.324358],[127.337006,36.324366],[127.33716,36.324673],[127.337293,36.325169],[127.337281,36.325198],[127.337152,36.325531],[127.337096,36.325673],[127.337013,36.326322],[127.33698,36.326574],[127.336373,36.326983],[127.336207,36.327095],[127.336004,36.327232],[127.335935,36.327267],[127.335936,36.327269],[127.335951,36.327364],[127.33595,36.327364],[127.335961,36.327434],[127.335894,36.327434],[127.335895,36.32744],[127.335895,36.327528],[127.335898,36.328222],[127.3359,36.328723],[127.335907,36.330139],[127.335907,36.330144],[127.33601,36.330144],[127.336015,36.330144],[127.336294,36.330143],[127.33694,36.33014],[127.337028,36.33014],[127.337034,36.33014],[127.337359,36.330139],[127.338137,36.330136],[127.338137,36.330195],[127.338139,36.331117],[127.338139,36.331122],[127.338139,36.331185],[127.338139,36.331208],[127.338139,36.331388],[127.33814,36.331758],[127.33814,36.331799],[127.33814,36.331953],[127.33814,36.332188],[127.33814,36.332207]]]}}]}